Workbook

Sheet 0_안내
A1: 반려견 행동채점표 · 사용 안내
A3: 02는 AI·사람이 채점하고 수정하는 유일한 원본입니다. 1~20번 점수·관찰 근거·평가자 판정·행사 의견은 이 파일에 기록합니다. 02b·02c는 이 파일을 읽는 보기용이며 별도로 채점하지 않습니다.
A6: 어디에 기록하고 확인하나요
A8: 여러쌍비교 | B8: A열 번호에 맞춰 B열 반려견 이름·C열 견종·나이를 기록합니다. 기존 계산 열 위치를 유지한 전체 대상 비교·리포트 연결표입니다.
A9: 1_바디시그널 | B9: 각 항목의 관찰 시간과 눈금에 따라 J~AC열에 기록합니다. 꼬리 형태·발성·행동 횟수를 서로 다른 관찰로 보존합니다.
A10: 2_개행동 | B10: J~AC열에 행동을 기록합니다. 자동 계산 칸은 직접 입력하지 않습니다. 하단의 애착유형·근거·평가자 기록도 유지합니다.
A11: 3_보호자행동 | B11: 앞에서 당김·뒤처짐 대처를 분리 기록합니다. 유형 배점과 세 유형 근거 비율, 자동 초안, 선택적 수동 판정을 함께 보존합니다.
A12: 6_행사전문가의견 | B12: 대상별 여섯 영역의 의견과 입장 판단을 한 곳에 기록합니다. 작성 후 관찰자·일자와 완료 표시를 확인합니다.
A13: 한마리상세 | B13: B3에서 대상 번호를 고릅니다. 리포트 우선 근거, 기본 유형·수치, 내부 기록, 117개 원항목을 순서대로 확인합니다. 조회 화면에서 점수를 고치지 않습니다.
A14: 성향문장 | B14: 기존 문장 자료와 분리 25개 조합 문장을 관리합니다. 문장은 검토·수정용이며 그 자체로 검증된 유형 판정 기준은 아닙니다.
A17: 촬영·채점 순서
A19: 1 입장 ~30초 1-1 방 문 → 비닐 바닥(폭 전체) → 1-2 새 물건 곁(5초 멈춤) → 의자로 · 물건은 칸막이 뒤라 의자에서 안 보인다 · 의자에서 목줄을 푼다
A20: 2 기준 20초: 목줄을 푼 직후 보호자는 의자에서 안내책자를 읽습니다. 먼저 부르거나 만지지 않고 개가 접촉해 오면 수동적으로 받습니다. 지시된 상태에서의 초기 관찰이며 평소 안정 상태가 아닙니다.오늘 실험 행동의 몸신호의 기준이 된다.
A21: 3 혼자 1분 일어나 문을 열고 나가 문 밖에 있는다 · 1분이 끝나면 바로 돌아온다 (2026-09-26 — 전에는 낯선 사람 구간까지 나가 있었다 · 2026-09-27 — 문이 있어 가림막을 쓰지 않는다)
A22: 4 재회 30초: 문을 연 순간 0초. 0~15초 천천히 이동·착석·대기, 15~30초 무선 신호 뒤 이름 부르기·접촉. 개18은 후반 15초의 몸 상태. 착석 지연·접촉 불성립은 기록.
A23: 5 무시 20초 만져 준 뒤 반응을 끊는다 · 개를 보지 않음 · 말도 걸지 않음
A24: 6 걷기 약 30초: 무시 종료 뒤 이름 1회 후 S로 이동(전환·채점 제외). 리드줄 없이 S→A 4걸음·5초 정지→C 8걸음·5초 정지→S 4걸음·5초 정지. 본 구간에는 말·손짓 없이 걷고 마지막 정지 후 의자에 앉습니다.
A25: 7 낯선 사람 목표 30초: 보호자 착석 후 전환 대기 5초(채점 제외). 안전문 밖 10초 → 문 열기 2초 → 정지선까지 4초 → 이름 1회·제자리 대기 4초 → 접촉 3초+대기 2초 또는 미접촉 대기 5초 → 퇴장 5초. 실제 시각 기록.
A26: 8 퇴장 ~30초 입장 코스를 되짚어 나감 · 새 물건 곁에서 다시 5초 멈춤(두 번째 지나감) → 비닐 바닥 → 방 문
A29: 기록과 해석 규칙
A31: 빈칸은 미관찰·미실시·판독 불가입니다. 0은 실제로 해당 코드나 발생 없음이 관찰된 값입니다. 이유·실제 시각·구간 단축·가림·접촉 미성립은 개59 및 관련 메모에 기록합니다.
A32: 양쪽 코드는 각 행의 행동 범주입니다. 0이 항상 적정 상태인 것은 아니며 코드 간격은 같은 감정의 양을 뜻하지 않습니다. −와 +는 상쇄하지 않고 각각 표시합니다.
... A55: 02b는 구간순, 02c는 구간순·주제별 보기입니다. 원점수·메모·기준·계산 결과를 02에서 읽습니다. 세 파일을 같은 폴더에 두고 02를 먼저 엽니다. 02를 닫고 볼 때는 먼저 저장하고, 보기 파일에서 통합 문서 연결 업데이트를 허용합니다.

Sheet 1_바디시그널
A2: 몸으로 나타나는 신호. 5~13행은 꼬리 · 발성(각성 축)과 「직후 5초」 몸 털기 횟수(8 · 10행), 14~37행은 구간마다 몸 털기 · 하품 · 코 핥기 횟수입니다(참고 · 점수 아님).
A3: J~AC는 1~20번 입력. 열 머리 −2~+2는 양쪽 항목에만 적용. 발성·조건·횟수·초·경로는 각 행의 별도 눈금을 따릅니다. 0과 빈칸을 구분하고 맥락을 기록합니다.
A4: 구간 | B4: 관찰 항목 | C4: −2 | D4: −1 | E4: 0 | F4: +1 | G4: +2 | H4: 영역 | I4: 척도·축 | J4: 1번 | K4: 2번 | L4: 3번 | M4: 4번 | N4: 5번 | O4: 6번 | P4: 7번 | Q4: 8번 | R4: 9번 | S4: 10번 | T4: 11번 | U4: 12번 | V4: 13번 | W4: 14번 | X4: 15번 | Y4: 16번 | Z4: 17번 | AA4: 18번 | AB4: 19번 | AC4: 20번 | AD4: 영역코드 | AY4: 척도
A5: 입장 | B5: [입장] 꼬리 — 위치 ※형태 관찰. 기준 20초(바38)와 원값을 나란히 봄. 기준도 낯선 장소에서의 상태이며 평소 꼬리가 아님. 가림·단미 등 판독 불가면 빈칸. | C5: 다리 사이로 말아 넣음 | D5: 등선보다 아래로 늘어뜨림 — 꼬리끝이 바닥을 가리킴 | E5: 등선 높이 — 꼬리끝이 바닥보다 위 | F5: 등선보다 높이 올라옴 | G5: 등 위로 높이 세우거나 말아 올림 | H5: 별도 관찰 · 꼬리 형태 | I5: 양쪽·위치 | AE5: =0 -> 0 | AF5: =0 -> 0 | AG5: =0 -> 0 | AH5: =0 -> 0 | AI5: =0 -> 0 | AJ5: =0 -> 0 | AK5: =0 -> 0 | AL5: =0 -> 0 | ... AX5: =0 -> 0
A6: 입장 | B6: [입장] 발성량 ※0~3 시간 비중 · 입장 전체. 못 들으면 빈칸; 0은 들었으나 없음. 종류·시각·관찰 초는 메모. 꼬리로 소리 의미를 정하지 않음. | C6: 0 — 발성 없음 | D6: 1 — 발성 누적 비중 0 초과~1/3 이하 | E6: 2 — 1/3 초과~2/3 이하 | F6: 3 — 2/3 초과 | H6: 별도 관찰 · 발성 | I6: 한쪽·발성량 | AE6: =0 -> 0 | AF6: =0 -> 0 | AG6: =0 -> 0 | AH6: =0 -> 0 | AI6: =0 -> 0 | AJ6: =0 -> 0 | AK6: =0 -> 0 | AL6: =0 -> 0 | ... AX6: =0 -> 0 | AY6: ONE
A7: 입장 | B7: [입장] 낯선 바닥 — 꼬리 위치 ※형태 관찰. 기준 20초(바38)와 원값을 나란히 봄. 기준도 낯선 장소에서의 상태이며 평소 꼬리가 아님. 가림·단미 등 판독 불가면 빈칸. | C7: 다리 사이로 말아 넣음 | D7: 등선보다 아래로 늘어뜨림 — 꼬리끝이 바닥을 가리킴 | E7: 등선 높이 — 꼬리끝이 바닥보다 위 | F7: 등선보다 높이 올라옴 | G7: 등 위로 높이 세우거나 말아 올림 | H7: 별도 관찰 · 꼬리 형태 | I7: 양쪽·위치 | AE7: =0 -> 0 | AF7: =0 -> 0 | AG7: =0 -> 0 | AH7: =0 -> 0 | AI7: =0 -> 0 | AJ7: =0 -> 0 | AK7: =0 -> 0 | AL7: =0 -> 0 | ... AX7: =0 -> 0
A8: 입장 | B8: 낯선 바닥 — 몸 털기 ※횟수 · 점수가 아닙니다 | C8: 바닥을 처음 밟은 순간부터 5초 안에 개가 몸을 턴 횟수를 셉니다. 물기를 털듯 온몸을 흔드는 동작입니다. 하품 · 코 핥기는 여기서 세지 않고 아래 구간별 횟수 칸(14~37행)에 적습니다. | H8: — 참고 · 횟수 | I8: 참고 | AE8: =0 -> 0 | AF8: =0 -> 0 | AG8: =0 -> 0 | AH8: =0 -> 0 | AI8: =0 -> 0 | AJ8: =0 -> 0 | AK8: =0 -> 0 | AL8: =0 -> 0 | ... AX8: =0 -> 0
A9: 혼자 | B9: [혼자] 꼬리 — 위치 ※형태 관찰. 기준 20초(바38)와 원값을 나란히 봄. 기준도 낯선 장소에서의 상태이며 평소 꼬리가 아님. 가림·단미 등 판독 불가면 빈칸. | C9: 다리 사이로 말아 넣음 | D9: 등선보다 아래로 늘어뜨림 — 꼬리끝이 바닥을 가리킴 | E9: 등선 높이 — 꼬리끝이 바닥보다 위 | F9: 등선보다 높이 올라옴 | G9: 등 위로 높이 세우거나 말아 올림 | H9: 별도 관찰 · 꼬리 형태 | I9: 양쪽·위치 | AE9: =0 -> 0 | AF9: =0 -> 0 | AG9: =0 -> 0 | AH9: =0 -> 0 | AI9: =0 -> 0 | AJ9: =0 -> 0 | AK9: =0 -> 0 | AL9: =0 -> 0 | ... AX9: =0 -> 0
A10: 혼자 | B10: 분리 — 몸 털기 ※횟수 · 점수가 아닙니다 | C10: 보호자가 나간 순간부터 5초 안에 개가 몸을 턴 횟수를 셉니다. 물기를 털듯 온몸을 흔드는 동작입니다. 하품 · 코 핥기는 여기서 세지 않고 아래 구간별 횟수 칸(14~37행)에 적습니다. | H10: — 참고 · 횟수 | I10: 참고 | AE10: =0 -> 0 | AF10: =0 -> 0 | AG10: =0 -> 0 | AH10: =0 -> 0 | AI10: =0 -> 0 | AJ10: =0 -> 0 | AK10: =0 -> 0 | AL10: =0 -> 0 | ... AX10: =0 -> 0
A11: 낯선 | B11: [낯선] 꼬리 — 위치 ※형태 관찰. 기준 20초(바38)와 원값을 나란히 봄. 기준도 낯선 장소에서의 상태이며 평소 꼬리가 아님. 가림·단미 등 판독 불가면 빈칸. | C11: 다리 사이로 말아 넣음 | D11: 등선보다 아래로 늘어뜨림 — 꼬리끝이 바닥을 가리킴 | E11: 등선 높이 — 꼬리끝이 바닥보다 위 | F11: 등선보다 높이 올라옴 | G11: 등 위로 높이 세우거나 말아 올림 | H11: 별도 관찰 · 꼬리 형태 | I11: 양쪽·위치 | AE11: =0 -> 0 | AF11: =0 -> 0 | AG11: =0 -> 0 | AH11: =0 -> 0 | AI11: =0 -> 0 | AJ11: =0 -> 0 | AK11: =0 -> 0 | AL11: =0 -> 0 | ... AX11: =0 -> 0
A12: 걷기 | B12: [걷기] 꼬리 — 위치 ※형태 관찰. 기준 20초(바38)와 원값을 나란히 봄. 기준도 낯선 장소에서의 상태이며 평소 꼬리가 아님. 가림·단미 등 판독 불가면 빈칸. | C12: 다리 사이로 말아 넣음 | D12: 등선보다 아래로 늘어뜨림 — 꼬리끝이 바닥을 가리킴 | E12: 등선 높이 — 꼬리끝이 바닥보다 위 | F12: 등선보다 높이 올라옴 | G12: 등 위로 높이 세우거나 말아 올림 | H12: 별도 관찰 · 꼬리 형태 | I12: 양쪽·위치 | AE12: =0 -> 0 | AF12: =0 -> 0 | AG12: =0 -> 0 | AH12: =0 -> 0 | AI12: =0 -> 0 | AJ12: =0 -> 0 | AK12: =0 -> 0 | AL12: =0 -> 0 | ... AX12: =0 -> 0
A13: 퇴장 | B13: [퇴장] 꼬리 — 위치 ※형태 관찰. 기준 20초(바38)와 원값을 나란히 봄. 기준도 낯선 장소에서의 상태이며 평소 꼬리가 아님. 가림·단미 등 판독 불가면 빈칸. | C13: 다리 사이로 말아 넣음 | D13: 등선보다 아래로 늘어뜨림 — 꼬리끝이 바닥을 가리킴 | E13: 등선 높이 — 꼬리끝이 바닥보다 위 | F13: 등선보다 높이 올라옴 | G13: 등 위로 높이 세우거나 말아 올림 | H13: 별도 관찰 · 꼬리 형태 | I13: 양쪽·위치 | AE13: =0 -> 0 | AF13: =0 -> 0 | AG13: =0 -> 0 | AH13: =0 -> 0 | AI13: =0 -> 0 | AJ13: =0 -> 0 | AK13: =0 -> 0 | AL13: =0 -> 0 | ... AX13: =0 -> 0
A14: 입장 | B14: [입장] 몸 털기 횟수 ※구간 전체 ~30초 · 참고 | C14: 온몸을 좌우로 빠르게 턴 횟수를 셉니다. 머리만 흔든 것은 빼고, 몸이 안 보인 구간이면 빈칸(0 과 다름). | H14: 별도 관찰 · 행동 횟수 | I14: 참고 | AE14: =0 -> 0 | AF14: =0 -> 0 | AG14: =0 -> 0 | AH14: =0 -> 0 | AI14: =0 -> 0 | AJ14: =0 -> 0 | AK14: =0 -> 0 | AL14: =0 -> 0 | ... AX14: =0 -> 0
A15: 입장 | B15: [입장] 하품 횟수 ※구간 전체 ~30초 · 참고 | C15: 입을 크게 벌렸다 닫은 횟수를 셉니다. 짖음 · 헐떡임과 구분하고, 얼굴이 안 보인 구간이면 빈칸(0 과 다름). | H15: 별도 관찰 · 행동 횟수 | I15: 참고 | AE15: =0 -> 0 | AF15: =0 -> 0 | AG15: =0 -> 0 | AH15: =0 -> 0 | AI15: =0 -> 0 | AJ15: =0 -> 0 | AK15: =0 -> 0 | AL15: =0 -> 0 | ... AX15: =0 -> 0
A16: 입장 | B16: [입장] 코 핥기 횟수 ※구간 전체 ~30초 · 참고 | C16: 혀가 나와 코나 윗입술을 스친 횟수를 셉니다. 1초 이상 떨어져야 따로 세고, 먹이를 먹은 뒤 30초는 세지 않습니다. 얼굴이 안 보이면 빈칸. | H16: 별도 관찰 · 행동 횟수 | I16: 참고 | AE16: =0 -> 0 | AF16: =0 -> 0 | AG16: =0 -> 0 | AH16: =0 -> 0 | AI16: =0 -> 0 | AJ16: =0 -> 0 | AK16: =0 -> 0 | AL16: =0 -> 0 | ... AX16: =0 -> 0
A17: 기준 | B17: [기준] 몸 털기 횟수 ※구간 전체 20초 · 참고 | C17: 온몸을 좌우로 빠르게 턴 횟수를 셉니다. 머리만 흔든 것은 빼고, 몸이 안 보인 구간이면 빈칸(0 과 다름). | H17: 별도 관찰 · 행동 횟수 | I17: 참고 | AE17: =0 -> 0 | AF17: =0 -> 0 | AG17: =0 -> 0 | AH17: =0 -> 0 | AI17: =0 -> 0 | AJ17: =0 -> 0 | AK17: =0 -> 0 | AL17: =0 -> 0 | ... AX17: =0 -> 0
A18: 기준 | B18: [기준] 하품 횟수 ※구간 전체 20초 · 참고 | C18: 입을 크게 벌렸다 닫은 횟수를 셉니다. 짖음 · 헐떡임과 구분하고, 얼굴이 안 보인 구간이면 빈칸(0 과 다름). | H18: 별도 관찰 · 행동 횟수 | I18: 참고 | AE18: =0 -> 0 | AF18: =0 -> 0 | AG18: =0 -> 0 | AH18: =0 -> 0 | AI18: =0 -> 0 | AJ18: =0 -> 0 | AK18: =0 -> 0 | AL18: =0 -> 0 | ... AX18: =0 -> 0
A19: 기준 | B19: [기준] 코 핥기 횟수 ※구간 전체 20초 · 참고 | C19: 혀가 나와 코나 윗입술을 스친 횟수를 셉니다. 1초 이상 떨어져야 따로 세고, 먹이를 먹은 뒤 30초는 세지 않습니다. 얼굴이 안 보이면 빈칸. | H19: 별도 관찰 · 행동 횟수 | I19: 참고 | AE19: =0 -> 0 | AF19: =0 -> 0 | AG19: =0 -> 0 | AH19: =0 -> 0 | AI19: =0 -> 0 | AJ19: =0 -> 0 | AK19: =0 -> 0 | AL19: =0 -> 0 | ... AX19: =0 -> 0
A20: 혼자 | B20: [혼자] 몸 털기 횟수 ※구간 전체 1분 · 참고 | C20: 온몸을 좌우로 빠르게 턴 횟수를 셉니다. 머리만 흔든 것은 빼고, 몸이 안 보인 구간이면 빈칸(0 과 다름). | H20: 별도 관찰 · 행동 횟수 | I20: 참고 | AE20: =0 -> 0 | AF20: =0 -> 0 | AG20: =0 -> 0 | AH20: =0 -> 0 | AI20: =0 -> 0 | AJ20: =0 -> 0 | AK20: =0 -> 0 | AL20: =0 -> 0 | ... AX20: =0 -> 0
A21: 혼자 | B21: [혼자] 하품 횟수 ※구간 전체 1분 · 참고 | C21: 입을 크게 벌렸다 닫은 횟수를 셉니다. 짖음 · 헐떡임과 구분하고, 얼굴이 안 보인 구간이면 빈칸(0 과 다름). | H21: 별도 관찰 · 행동 횟수 | I21: 참고 | AE21: =0 -> 0 | AF21: =0 -> 0 | AG21: =0 -> 0 | AH21: =0 -> 0 | AI21: =0 -> 0 | AJ21: =0 -> 0 | AK21: =0 -> 0 | AL21: =0 -> 0 | ... AX21: =0 -> 0
A22: 혼자 | B22: [혼자] 코 핥기 횟수 ※구간 전체 1분 · 참고 | C22: 혀가 나와 코나 윗입술을 스친 횟수를 셉니다. 1초 이상 떨어져야 따로 세고, 먹이를 먹은 뒤 30초는 세지 않습니다. 얼굴이 안 보이면 빈칸. | H22: 별도 관찰 · 행동 횟수 | I22: 참고 | AE22: =0 -> 0 | AF22: =0 -> 0 | AG22: =0 -> 0 | AH22: =0 -> 0 | AI22: =0 -> 0 | AJ22: =0 -> 0 | AK22: =0 -> 0 | AL22: =0 -> 0 | ... AX22: =0 -> 0
A23: 낯선 | B23: [낯선 사람] 몸 털기 횟수 ※구간 전체 30초 · 참고 | C23: 온몸을 좌우로 빠르게 턴 횟수를 셉니다. 머리만 흔든 것은 빼고, 몸이 안 보인 구간이면 빈칸(0 과 다름). | H23: 별도 관찰 · 행동 횟수 | I23: 참고 | AE23: =0 -> 0 | AF23: =0 -> 0 | AG23: =0 -> 0 | AH23: =0 -> 0 | AI23: =0 -> 0 | AJ23: =0 -> 0 | AK23: =0 -> 0 | AL23: =0 -> 0 | ... AX23: =0 -> 0
A24: 낯선 | B24: [낯선 사람] 하품 횟수 ※구간 전체 30초 · 참고 | C24: 입을 크게 벌렸다 닫은 횟수를 셉니다. 짖음 · 헐떡임과 구분하고, 얼굴이 안 보인 구간이면 빈칸(0 과 다름). | H24: 별도 관찰 · 행동 횟수 | I24: 참고 | AE24: =0 -> 0 | AF24: =0 -> 0 | AG24: =0 -> 0 | AH24: =0 -> 0 | AI24: =0 -> 0 | AJ24: =0 -> 0 | AK24: =0 -> 0 | AL24: =0 -> 0 | ... AX24: =0 -> 0
A25: 낯선 | B25: [낯선 사람] 코 핥기 횟수 ※구간 전체 30초 · 참고 | C25: 혀가 나와 코나 윗입술을 스친 횟수를 셉니다. 1초 이상 떨어져야 따로 세고, 먹이를 먹은 뒤 30초는 세지 않습니다. 얼굴이 안 보이면 빈칸. | H25: 별도 관찰 · 행동 횟수 | I25: 참고 | AE25: =0 -> 0 | AF25: =0 -> 0 | AG25: =0 -> 0 | AH25: =0 -> 0 | AI25: =0 -> 0 | AJ25: =0 -> 0 | AK25: =0 -> 0 | AL25: =0 -> 0 | ... AX25: =0 -> 0
... A37: 퇴장 | B37: [퇴장] 코 핥기 횟수 ※구간 전체 ~30초 · 참고 | C37: 혀가 나와 코나 윗입술을 스친 횟수를 셉니다. 1초 이상 떨어져야 따로 세고, 먹이를 먹은 뒤 30초는 세지 않습니다. 얼굴이 안 보이면 빈칸. | H37: 별도 관찰 · 행동 횟수 | I37: 참고 | AE37: =0 -> 0 | AF37: =0 -> 0 | AG37: =0 -> 0 | AH37: =0 -> 0 | AI37: =0 -> 0 | AJ37: =0 -> 0 | AK37: =0 -> 0 | AL37: =0 -> 0 | ... AX37: =0 -> 0
A38: 기준 | B38: [기준] 꼬리 위치 ※낯선 장소의 기준 20초. 평소 꼬리의 대표값이 아님. 다른 구간과 형태만 비교하며 꼬리 형태·단미·가림은 메모. | C38: 다리 사이로 말아 넣음 | D38: 등선보다 아래로 늘어뜨림 — 꼬리끝이 바닥을 가리킴 | E38: 등선 높이 — 꼬리끝이 바닥보다 위 | F38: 등선보다 높이 올라옴 | G38: 등 위로 높이 세우거나 말아 올림 | H38: 별도 관찰 · 꼬리 형태 | I38: 양쪽·위치 | AE38: =0 -> 0 | AF38: =0 -> 0 | AG38: =0 -> 0 | AH38: =0 -> 0 | AI38: =0 -> 0 | AJ38: =0 -> 0 | AK38: =0 -> 0 | AL38: =0 -> 0 | ... AX38: =0 -> 0
A39: 무시 | B39: [무시] 꼬리 — 위치 ※형태 관찰. 기준 20초(바38)와 원값을 나란히 봄. 기준도 낯선 장소에서의 상태이며 평소 꼬리가 아님. 가림·단미 등 판독 불가면 빈칸. | C39: 다리 사이로 말아 넣음 | D39: 등선보다 아래로 늘어뜨림 — 꼬리끝이 바닥을 가리킴 | E39: 등선 높이 — 꼬리끝이 바닥보다 위 | F39: 등선보다 높이 올라옴 | G39: 등 위로 높이 세우거나 말아 올림 | H39: 별도 관찰 · 꼬리 형태 | I39: 양쪽·위치 | AE39: =0 -> 0 | AF39: =0 -> 0 | AG39: =0 -> 0 | AH39: =0 -> 0 | AI39: =0 -> 0 | AJ39: =0 -> 0 | AK39: =0 -> 0 | AL39: =0 -> 0 | ... AX39: =0 -> 0
A40: 기준 | B40: [기준] 꼬리 움직임 ※낯선 장소의 기준 20초. 원속도 연속 영상으로 관찰. 평소 흔들림·감정의 확정값이 아님. | C40: 몸도 굳고 꼬리 움직임도 멎은 상태가 주된 모습 | D40: 몸은 굳지 않았으나 작은 꼬리 움직임만 간헐적으로 보임 | E40: 편안한 자세로 꼬리가 멈춰 있거나 느리고 넓게 움직임 | F40: 빠른 좌우 움직임이 주된 모습 | G40: 짧은 진폭으로 떨듯 빠른 움직임이 주된 모습 | H40: 별도 관찰 · 꼬리 움직임 | I40: 양쪽·움직임 | AE40: =0 -> 0 | AF40: =0 -> 0 | AG40: =0 -> 0 | AH40: =0 -> 0 | AI40: =0 -> 0 | AJ40: =0 -> 0 | AK40: =0 -> 0 | AL40: =0 -> 0 | ... AX40: =0 -> 0
A41: 낯선 | B41: [낯선] 꼬리 — 흔들림 ※원속도 영상에서 관찰. 빠르기는 영상의 연속 움직임으로 확인하며 초당 5장 추출만으로 판단하지 않음. 감정 확정 금지. | C41: 몸도 굳고 꼬리 움직임도 멎은 상태가 주된 모습 | D41: 몸은 굳지 않았으나 작은 꼬리 움직임만 간헐적으로 보임 | E41: 편안한 자세로 꼬리가 멈춰 있거나 느리고 넓게 움직임 | F41: 빠른 좌우 움직임이 주된 모습 | G41: 짧은 진폭으로 떨듯 빠른 움직임이 주된 모습 | H41: 별도 관찰 · 꼬리 움직임 | I41: 양쪽·움직임 | AE41: =0 -> 0 | AF41: =0 -> 0 | AG41: =0 -> 0 | AH41: =0 -> 0 | AI41: =0 -> 0 | AJ41: =0 -> 0 | AK41: =0 -> 0 | AL41: =0 -> 0 | ... AX41: =0 -> 0
A42: 재회 | B42: [재회 접촉] 꼬리 — 흔들림 ※원속도 영상에서 관찰. 빠르기는 영상의 연속 움직임으로 확인하며 초당 5장 추출만으로 판단하지 않음. 감정 확정 금지. | C42: 몸도 굳고 꼬리 움직임도 멎은 상태가 주된 모습 | D42: 몸은 굳지 않았으나 작은 꼬리 움직임만 간헐적으로 보임 | E42: 편안한 자세로 꼬리가 멈춰 있거나 느리고 넓게 움직임 | F42: 빠른 좌우 움직임이 주된 모습 | G42: 짧은 진폭으로 떨듯 빠른 움직임이 주된 모습 | H42: 별도 관찰 · 꼬리 움직임 | I42: 양쪽·움직임 | AE42: =0 -> 0 | AF42: =0 -> 0 | AG42: =0 -> 0 | AH42: =0 -> 0 | AI42: =0 -> 0 | AJ42: =0 -> 0 | AK42: =0 -> 0 | AL42: =0 -> 0 | ... AX42: =0 -> 0
A43: 재회 | B43: [재회 접촉] 꼬리 — 위치 ※형태 관찰. 기준 20초(바38)와 원값을 나란히 봄. 기준도 낯선 장소에서의 상태이며 평소 꼬리가 아님. 가림·단미 등 판독 불가면 빈칸. | C43: 다리 사이로 말아 넣음 | D43: 등선보다 아래로 늘어뜨림 — 꼬리끝이 바닥을 가리킴 | E43: 등선 높이 — 꼬리끝이 바닥보다 위 | F43: 등선보다 높이 올라옴 | G43: 등 위로 높이 세우거나 말아 올림 | H43: 별도 관찰 · 꼬리 형태 | I43: 양쪽·위치 | AE43: =0 -> 0 | AF43: =0 -> 0 | AG43: =0 -> 0 | AH43: =0 -> 0 | AI43: =0 -> 0 | AJ43: =0 -> 0 | AK43: =0 -> 0 | AL43: =0 -> 0 | ... AX43: =0 -> 0
A44: 입장 | B44: [입장] 새 물건 곁 — 꼬리 위치 ※형태 관찰. 기준 20초(바38)와 원값을 나란히 봄. 기준도 낯선 장소에서의 상태이며 평소 꼬리가 아님. 가림·단미 등 판독 불가면 빈칸. | C44: 다리 사이로 말아 넣음 | D44: 등선보다 아래로 늘어뜨림 — 꼬리끝이 바닥을 가리킴 | E44: 등선 높이 — 꼬리끝이 바닥보다 위 | F44: 등선보다 높이 올라옴 | G44: 등 위로 높이 세우거나 말아 올림 | H44: 별도 관찰 · 꼬리 형태 | I44: 양쪽·위치 | AE44: =0 -> 0 | AF44: =0 -> 0 | AG44: =0 -> 0 | AH44: =0 -> 0 | AI44: =0 -> 0 | AJ44: =0 -> 0 | AK44: =0 -> 0 | AL44: =0 -> 0 | ... AX44: =0 -> 0
A45: 낯선 | B45: [낯선 접촉] 꼬리 — 위치 ※형태 관찰. 기준 20초(바38)와 원값을 나란히 봄. 기준도 낯선 장소에서의 상태이며 평소 꼬리가 아님. 가림·단미 등 판독 불가면 빈칸. | C45: 다리 사이로 말아 넣음 | D45: 등선보다 아래로 늘어뜨림 — 꼬리끝이 바닥을 가리킴 | E45: 등선 높이 — 꼬리끝이 바닥보다 위 | F45: 등선보다 높이 올라옴 | G45: 등 위로 높이 세우거나 말아 올림 | H45: 별도 관찰 · 꼬리 형태 | I45: 양쪽·위치 | AE45: =0 -> 0 | AF45: =0 -> 0 | AG45: =0 -> 0 | AH45: =0 -> 0 | AI45: =0 -> 0 | AJ45: =0 -> 0 | AK45: =0 -> 0 | AL45: =0 -> 0 | ... AX45: =0 -> 0

Sheet 2_개행동
A2: 자극 상황에 대해 실제로 한 행동. 구간마다 방향 하나와 각성 하나를 봅니다.
A3: J~AC는 1~20번 입력. 열 머리 −2~+2는 양쪽 항목에만 적용. 발성·조건·횟수·초·경로는 각 행의 별도 눈금을 따릅니다. 0과 빈칸을 구분하고 맥락을 기록합니다.
A4: 구간 | B4: 관찰 항목 | C4: −2 | D4: −1 | E4: 0 | F4: +1 | G4: +2 | H4: 영역 | I4: 척도·축 | J4: 1번 | K4: 2번 | L4: 3번 | M4: 4번 | N4: 5번 | O4: 6번 | P4: 7번 | Q4: 8번 | R4: 9번 | S4: 10번 | T4: 11번 | U4: 12번 | V4: 13번 | W4: 14번 | X4: 15번 | Y4: 16번 | Z4: 17번 | AA4: 18번 | AB4: 19번 | AC4: 20번 | AD4: 영역코드 | AY4: 척도
A5: 입장 | B5: [입장] 방 문 통과 — 보호자보다 앞서는가 | C5: 문턱 앞 버팀·두번 이상의 유도 및 안기, ·당김은 별도 기록 | D5: 1회 이상의 유도. 자발 통과했으나 보호자 뒤에서 문턱을 넘음 | E5: 보호자와 나란히 문턱을 넘음. 보호자와 약간 뒤나 앞에 있음 | F5: 보호자보다 앞서 걸어 문턱을 넘음 | G5: 앞서 뛰거나 줄이 당겨진 채 문턱을 넘음 | H5: 환경 관찰 | I5: 양쪽·통과 | AD5: SOC_E | AE5: =IF(COUNT(J5)=0,0,J5+3) -> 0 | AF5: =IF(COUNT(K5)=0,0,K5+3) -> 0 | AG5: =IF(COUNT(L5)=0,0,L5+3) -> 0 | AH5: =IF(COUNT(M5)=0,0,M5+3) -> 0 | AI5: =IF(COUNT(N5)=0,0,N5+3) -> 0 | AJ5: =IF(COUNT(O5)=0,0,O5+3) -> 0 | AK5: =IF(COUNT(P5)=0,0,P5+3) -> 0 | AL5: =IF(COUNT(Q5)=0,0,Q5+3) -> 0 | ... AX5: =IF(COUNT(AC5)=0,0,AC5+3) -> 0 | AY5: BI
A6: 입장 | B6: [입장] 비닐 바닥 통과 ※눈에 보인 움직임만 기록. 뛰어서 지난 이유·바닥을 인식했는지는 단정하지 않음. | C6: 바닥 앞 버팀, 두번 이상의 유도 및 안기 | D6: 멈춰 머뭇거린 뒤 천천히 밟음 | E6: 바닥을 살핀 뒤 멈춤 없이 스스로 걸어감 | F6: 바닥을 살피는 모습 없이 걸어감 | G6: 달리거나 뛰어 바닥을 통과 | H6: 환경 관찰 | I6: 양쪽·살핌 | AD6: SOC_E | AE6: =IF(COUNT(J6)=0,0,J6+3) -> 0 | AF6: =IF(COUNT(K6)=0,0,K6+3) -> 0 | AG6: =IF(COUNT(L6)=0,0,L6+3) -> 0 | AH6: =IF(COUNT(M6)=0,0,M6+3) -> 0 | AI6: =IF(COUNT(N6)=0,0,N6+3) -> 0 | AJ6: =IF(COUNT(O6)=0,0,O6+3) -> 0 | AK6: =IF(COUNT(P6)=0,0,P6+3) -> 0 | AL6: =IF(COUNT(Q6)=0,0,Q6+3) -> 0 | ... AX6: =IF(COUNT(AC6)=0,0,AC6+3) -> 0 | AY6: BI
A7: 입장 | B7: [입장] 냄새 — 코를 쓰는가 | C7: 0 — 냄새 맡는 모습 관찰 | D7: 1 — 구간을 볼 수 있었으나 냄새 맡는 모습 없음 | H7: — 참고 · 입장↔퇴장 비교용 | I7: 범주 0/1 | AE7: =0 -> 0 | AF7: =0 -> 0 | AG7: =0 -> 0 | AH7: =0 -> 0 | AI7: =0 -> 0 | AJ7: =0 -> 0 | AK7: =0 -> 0 | AL7: =0 -> 0 | ... AX7: =0 -> 0
A8: 기준 | B8: [기준] 몸 상태 ※목줄을 푼 뒤 20초. 낯선 실험실의 초기 상태이며 평소 안정 상태로 간주하지 않음. | C8: 관찰 가능 시간의 절반 초과 동안 움직임이 멎고 몸이 뻣뻣함 | D8: 절반 초과 동안 낮춘 자세·조심스러운 움직임, 지속 굳음은 없음 | E8: 어느 극단도 절반을 넘지 않음; 주로 자연스러운 자세·이동. 반대 반응 혼재는 메모 | F8: 절반 초과 동안 같은 경로를 반복 이동하거나 자세를 자주 바꿈; 지속 뛰기 수준은 아님 | G8: 절반 초과 동안 뛰기·몸 부딪치기·급한 반복 이동이 이어짐 | H8: — 참고 (기준선) | I8: 양쪽·몸상태 | AE8: =0 -> 0 | AF8: =0 -> 0 | AG8: =0 -> 0 | AH8: =0 -> 0 | AI8: =0 -> 0 | AJ8: =0 -> 0 | AK8: =0 -> 0 | AL8: =0 -> 0 | ... AX8: =0 -> 0
A9: 혼자 | B9: [혼자 초기] 나간 문 쪽 반응 · 보호자의 몸이 완전히 문밖으로 나간 순간부터 처음 10초. C→G 순으로 먼저 해당하는 범주를 선택. 문 지향 반응이며 불안의 단독 증거가 아님. | C9: 문·안전문을 향해 뛰거나 앞발을 걸어 올림 | D9: 위 행동 없이 문을 코·앞발로 건드림 | E9: 접촉 없이 문 앞 몸길이 1개 이내에서 처음 10초 중 합계 5초 초과 머묾 | F9: 문 쪽을 향하거나 다가갔으나 위 행동은 없음 | G9: 문 쪽 방향 전환·접근이 관찰되지 않음 | H9: 분리·재회 · 문 지향 | I9: 양쪽·거리 | AD9: ATT | AE9: =IF(COUNT(J9)=0,0,J9+3) -> 0 | AF9: =IF(COUNT(K9)=0,0,K9+3) -> 0 | AG9: =IF(COUNT(L9)=0,0,L9+3) -> 0 | AH9: =IF(COUNT(M9)=0,0,M9+3) -> 0 | AI9: =IF(COUNT(N9)=0,0,N9+3) -> 0 | AJ9: =IF(COUNT(O9)=0,0,O9+3) -> 0 | AK9: =IF(COUNT(P9)=0,0,P9+3) -> 0 | AL9: =IF(COUNT(Q9)=0,0,Q9+3) -> 0 | ... AX9: =IF(COUNT(AC9)=0,0,AC9+3) -> 0 | AY9: BI
A10: 혼자 | B10: [혼자 이후] 공간 사용 양상 · 처음 10초 이후~60초까지 50초. C→G 순으로 먼저 해당하는 범주를 선택. 아래 초는 이후 50초 안에서 셈. 해당 없음·관찰 불가·구간 단축은 빈칸과 개59 메모. | C10: 문을 긁거나 문·안전문을 넘으려 지속적 시도함 | D10: 가끔씩 코나 앞발로 문을 건들음 | E10: 안전문 앞에 20초 이상 있다가 다른 곳을 둘러봄, 그 뒤 위 두 행동 없이 주로 머물다가 둘러보거나 위치를 바꿈 | F10: 앞선 범주에 해당하지 않고, 안전문 앞에 5초 이상~20초 미만 있다가 다른 곳으로 감. | G10: 위 행동 없이 다른 곳을 살피며 문 쪽으로 돌아오지 않음 | H10: 분리·재회 · 개별 | I10: 범주 · 이후 50초 | AE10: =0 -> 0 | AF10: =0 -> 0 | AG10: =0 -> 0 | AH10: =0 -> 0 | AI10: =0 -> 0 | AJ10: =0 -> 0 | AK10: =0 -> 0 | AL10: =0 -> 0 | ... AX10: =0 -> 0
A11: 혼자 | B11: [혼자] 발성량 ※0~3 시간 비중 · 혼자 실제 구간. 못 들으면 빈칸; 0은 들었으나 없음. 종류·시각·관찰 초는 메모. 꼬리로 소리 의미를 정하지 않음. | C11: 0 — 발성 없음 | D11: 1 — 발성 누적 비중 0 초과~1/3 이하 | E11: 2 — 1/3 초과~2/3 이하 | F11: 3 — 2/3 초과 | H11: 별도 관찰 · 발성 | I11: 한쪽·발성량 | AE11: =0 -> 0 | AF11: =0 -> 0 | AG11: =0 -> 0 | AH11: =0 -> 0 | AI11: =0 -> 0 | AJ11: =0 -> 0 | AK11: =0 -> 0 | AL11: =0 -> 0 | ... AX11: =0 -> 0 | AY11: ONE
A12: 혼자 | B12: [혼자] 탐색 변화 ※보호자 유무의 균형·반복 비교가 아니므로 안전기지 효과의 단독 판정 제외. 실제 탐색 초와 기준·혼자 관찰 가능 초를 개59에 기록. 아래는 참고 범주. | C12: 보호자가 있을 때도 탐색이 거의 없다 | D12: 멀리 떨어지지 않고 탐색한다 | E12: 있을 때 탐색하고 나간 뒤 눈에 띄게 줄어든다 | F12: 잠시 신경 쓰고 탐색한다 | G12: 없어져도 있을 때와 마찬가지로 탐색 | H12: — 참고 (Rehn 2013 · 순서효과) | I12: 참고 | AE12: =0 -> 0 | AF12: =0 -> 0 | AG12: =0 -> 0 | AH12: =0 -> 0 | AI12: =0 -> 0 | AJ12: =0 -> 0 | AK12: =0 -> 0 | AL12: =0 -> 0 | ... AX12: =0 -> 0
A13: 낯선 | B13: [낯선] 안전문 밖 요원 반응 ※첫 10초. 사람 직접 접촉을 채점하지 않음. +2→+1→−2→0→−1 순으로 해당 여부 확인; 반대 반응 혼재는 사건 시각 기록. 이 우선순위는 운영안. 안전문이 불투명하거나 시야가 가리면 미관찰로 기록. | C13: 요원 쪽에서 멀어지거나 뒤로 피하는 반응이 나타남 | D13: 접근하지 않고 시작 위치 부근에서 지켜봄 | E13: 안전문 쪽으로 접근·머묾, 앞발을 걸거나 뛰지 않음 | F13: 안전문에 앞발을 걸거나 1~2회 뛰어오름 | G13: 안전문을 향해 3회 이상 뛰어오름 | H13: 사회성 — 사람 | I13: 양쪽·인사 | AD13: SOC_H | AE13: =IF(COUNT(J13)=0,0,J13+3) -> 0 | AF13: =IF(COUNT(K13)=0,0,K13+3) -> 0 | AG13: =IF(COUNT(L13)=0,0,L13+3) -> 0 | AH13: =IF(COUNT(M13)=0,0,M13+3) -> 0 | AI13: =IF(COUNT(N13)=0,0,N13+3) -> 0 | AJ13: =IF(COUNT(O13)=0,0,O13+3) -> 0 | AK13: =IF(COUNT(P13)=0,0,P13+3) -> 0 | AL13: =IF(COUNT(Q13)=0,0,Q13+3) -> 0 | ... AX13: =IF(COUNT(AC13)=0,0,AC13+3) -> 0 | AY13: BI
A14: 낯선 | B14: [낯선] 몸 상태 ※요원 등장~퇴장 전체의 주된 모습. 접근·접촉·퇴장 단계에서 반대 반응이 있었으면 메모. | C14: 관찰 가능 시간의 절반 초과 동안 움직임이 멎고 몸이 뻣뻣함 | D14: 절반 초과 동안 낮춘 자세·조심스러운 움직임, 지속 굳음은 없음 | E14: 어느 극단도 절반을 넘지 않음; 주로 자연스러운 자세·이동. 반대 반응 혼재는 메모 | F14: 절반 초과 동안 같은 경로를 반복 이동하거나 자세를 자주 바꿈; 지속 뛰기 수준은 아님 | G14: 절반 초과 동안 뛰기·몸 부딪치기·급한 반복 이동이 이어짐 | H14: 사회성 — 사람 | I14: 양쪽·몸상태 | AD14: SOC_H | AE14: =IF(COUNT(J14)=0,0,J14+3) -> 0 | AF14: =IF(COUNT(K14)=0,0,K14+3) -> 0 | AG14: =IF(COUNT(L14)=0,0,L14+3) -> 0 | AH14: =IF(COUNT(M14)=0,0,M14+3) -> 0 | AI14: =IF(COUNT(N14)=0,0,N14+3) -> 0 | AJ14: =IF(COUNT(O14)=0,0,O14+3) -> 0 | AK14: =IF(COUNT(P14)=0,0,P14+3) -> 0 | AL14: =IF(COUNT(Q14)=0,0,Q14+3) -> 0 | ... AX14: =IF(COUNT(AC14)=0,0,AC14+3) -> 0 | AY14: BI
A15: 낯선 | B15: [낯선] 부름 뒤 반응 ※정지선에서 이름 1회 후 4초. 요원은 움직이지 않음. 접근했다면 +1/+2, 접근하지 않았다면 반응 잠재기로 −2/−1/0. 부르기 전 이미 곁에 있으면 접근 변화는 메모. | C15: 4초 안에 고개·몸 방향 전환이나 접근이 없음 | D15: 접근 없이, 부름 후 3초 초과~4초 이내에 처음 고개·몸을 돌림 | E15: 접근 없이, 3초 이내 고개·몸을 돌림 | F15: 요원 쪽으로 다가오되 뛰어오르거나 매달리지 않음 | G15: 다가와 뛰어오르거나 몸·앞발을 올림 | H15: 사회성 — 사람 | I15: 양쪽·인사 | AD15: SOC_H | AE15: =IF(COUNT(J15)=0,0,J15+3) -> 0 | AF15: =IF(COUNT(K15)=0,0,K15+3) -> 0 | AG15: =IF(COUNT(L15)=0,0,L15+3) -> 0 | AH15: =IF(COUNT(M15)=0,0,M15+3) -> 0 | AI15: =IF(COUNT(N15)=0,0,N15+3) -> 0 | AJ15: =IF(COUNT(O15)=0,0,O15+3) -> 0 | AK15: =IF(COUNT(P15)=0,0,P15+3) -> 0 | AL15: =IF(COUNT(Q15)=0,0,Q15+3) -> 0 | ... AX15: =IF(COUNT(AC15)=0,0,AC15+3) -> 0 | AY15: BI
A16: 낯선 | B16: [낯선] 거리 확보·위협 관련 신호 ※0~4 범주. 여러 신호는 가장 큰 코드와 나머지 시각을 기록. 강도의 등간 척도·합산값으로 사용하지 않음. 단독 고개 돌림을 두려움으로 확정하지 않음. | C16: 0 — 아래 신호가 관찰되지 않음; 편안함의 확정은 아님 | D16: 1 — 고개를 돌림 | E16: 2 — 몸을 빼거나 뒤로 물러남 | F16: 3 — 돌아서서 벗어남 · 보호자 뒤나 구석으로 감 | G16: 4 — 으르렁거림 또는 굳은 채 노려봄 | H16: 사회성 — 사람 | I16: 범주 · 신호 | AE16: =0 -> 0 | AF16: =0 -> 0 | AG16: =0 -> 0 | AH16: =0 -> 0 | AI16: =0 -> 0 | AJ16: =0 -> 0 | AK16: =0 -> 0 | AL16: =0 -> 0 | ... AX16: =0 -> 0
A17: 재회 | B17: [재회] 접근·거리 ※문 열림 0~15초, 보호자 이동·착석·대기 중 먼저 부르거나 만지지 않음. 앉는 시점과 관계없이 15초로 고정. | C17: 걸어가는 내내 매달려 떨어지지 않음 | D17: 바로 다가와 몸을 붙임 | E17: 다가와 같이 의자로 걸어감 | F17: 한 번 쳐다보고 만다 | G17: 본체만체 · 오지 않음 | H17: 애착·관계 관찰 | I17: 양쪽·거리 | AD17: ATT | AE17: =IF(COUNT(J17)=0,0,J17+3) -> 0 | AF17: =IF(COUNT(K17)=0,0,K17+3) -> 0 | AG17: =IF(COUNT(L17)=0,0,L17+3) -> 0 | AH17: =IF(COUNT(M17)=0,0,M17+3) -> 0 | AI17: =IF(COUNT(N17)=0,0,N17+3) -> 0 | AJ17: =IF(COUNT(O17)=0,0,O17+3) -> 0 | AK17: =IF(COUNT(P17)=0,0,P17+3) -> 0 | AL17: =IF(COUNT(Q17)=0,0,Q17+3) -> 0 | ... AX17: =IF(COUNT(AC17)=0,0,AC17+3) -> 0 | AY17: BI
A18: 재회 | B18: [재회] 후반 몸 상태 ※문 열림 15~30초, 접촉 지시 구간 전체. 실제 접촉 여부를 별도 기록. 개58과 같은 눈금의 기술적 변화만 계산. | C18: 관찰 가능 시간의 절반 초과 동안 움직임이 멎고 몸이 뻣뻣함 | D18: 절반 초과 동안 낮춘 자세·조심스러운 움직임, 지속 굳음은 없음 | E18: 어느 극단도 절반을 넘지 않음; 주로 자연스러운 자세·이동. 반대 반응 혼재는 메모 | F18: 절반 초과 동안 같은 경로를 반복 이동하거나 자세를 자주 바꿈; 지속 뛰기 수준은 아님 | G18: 절반 초과 동안 뛰기·몸 부딪치기·급한 반복 이동이 이어짐 | H18: 애착·관계 관찰 | I18: 양쪽·몸상태 | AD18: ATT | AE18: =IF(COUNT(J18)=0,0,J18+3) -> 0 | AF18: =IF(COUNT(K18)=0,0,K18+3) -> 0 | AG18: =IF(COUNT(L18)=0,0,L18+3) -> 0 | AH18: =IF(COUNT(M18)=0,0,M18+3) -> 0 | AI18: =IF(COUNT(N18)=0,0,N18+3) -> 0 | AJ18: =IF(COUNT(O18)=0,0,O18+3) -> 0 | AK18: =IF(COUNT(P18)=0,0,P18+3) -> 0 | AL18: =IF(COUNT(Q18)=0,0,Q18+3) -> 0 | ... AX18: =IF(COUNT(AC18)=0,0,AC18+3) -> 0 | AY18: BI
A19: 재회 | B19: [재회 접촉] 몸의 중심 ※15~30초 실제 접촉이 이루어진 시간만. 미접촉이면 빈칸. 낯선 접촉과 부호 방향은 반대이며 시간·자세도 달라 직접 점수 차이를 애착으로 해석하지 않음. | C19: 몸을 얹거나 무릎에 올라감 · 기대어 떨어지지 않음 | D19: 몸이 닿을 만큼 앞으로 붙임 | E19: 앞으로 살짝 기울여 손을 받음 | F19: 선 자리를 지킴 · 몸을 앞으로 옮기지 않음 | G19: 뒤로 물러남 · 옆으로 피함 · 등을 돌림 | H19: 애착·관계 관찰 | I19: 양쪽·거리 | AD19: ATT | AE19: =IF(COUNT(J19)=0,0,J19+3) -> 0 | AF19: =IF(COUNT(K19)=0,0,K19+3) -> 0 | AG19: =IF(COUNT(L19)=0,0,L19+3) -> 0 | AH19: =IF(COUNT(M19)=0,0,M19+3) -> 0 | AI19: =IF(COUNT(N19)=0,0,N19+3) -> 0 | AJ19: =IF(COUNT(O19)=0,0,O19+3) -> 0 | AK19: =IF(COUNT(P19)=0,0,P19+3) -> 0 | AL19: =IF(COUNT(Q19)=0,0,Q19+3) -> 0 | ... AX19: =IF(COUNT(AC19)=0,0,AC19+3) -> 0 | AY19: BI
A20: 재회 | B20: [재회 접촉] 꼬리 ※사용하지 않습니다 (2026-09-22) — 바43(재회 꼬리 — 위치)으로 옮겼습니다 | H20: — 사용 안 함 | I20: 미사용 | AE20: =0 -> 0 | AF20: =0 -> 0 | AG20: =0 -> 0 | AH20: =0 -> 0 | AI20: =0 -> 0 | AJ20: =0 -> 0 | AK20: =0 -> 0 | AL20: =0 -> 0 | ... AX20: =0 -> 0 | AY20: BI
A21: 재회 | B21: [재회] 접근 변화 사건 횟수 ※멈춤·고개 돌림·지나침·되돌아섬·굳음을 사건으로 기록. 연속 동작은 1건, 다시 접근을 시작한 뒤 별도 발생하면 추가. 유형·시각은 메모. 1건으로 전체 분류를 무효화하지 않음. | C21: 0은 관찰 가능했으나 해당 사건 없음. 빈칸은 판독 불가. 횟수는 개별 검토 근거이며 애착 혼란의 진단 기준이 아님. | H21: 별도 관찰 · 사건 횟수 | I21: 참고 | AE21: =0 -> 0 | AF21: =0 -> 0 | AG21: =0 -> 0 | AH21: =0 -> 0 | AI21: =0 -> 0 | AJ21: =0 -> 0 | AK21: =0 -> 0 | AL21: =0 -> 0 | ... AX21: =0 -> 0
A22: 무시 | B22: [무시] 보호자와의 거리·확인 ※접촉 종료 뒤 20초. 보12 조건을 함께 확인. 거리 유지와 시선이 함께 든 기존 범주이며 단일 친밀감·애착 강도는 아님. | C22: 무릎에 올라감 · 몸을 얹고 떨어지지 않음 | D22: 몸이 닿는 거리로 붙어 있음 | E22: 주변 1 m 안에 있으며 가끔 확인 | F22: 떨어져 있고 가끔만 쳐다봄 | G22: 한 번도 쳐다보지 않음 · 혼자 다님 | H22: 애착·관계 관찰 | I22: 양쪽·거리 | AD22: ATT | AE22: =IF(COUNT(J22)=0,0,J22+3) -> 0 | AF22: =IF(COUNT(K22)=0,0,K22+3) -> 0 | AG22: =IF(COUNT(L22)=0,0,L22+3) -> 0 | AH22: =IF(COUNT(M22)=0,0,M22+3) -> 0 | AI22: =IF(COUNT(N22)=0,0,N22+3) -> 0 | AJ22: =IF(COUNT(O22)=0,0,O22+3) -> 0 | AK22: =IF(COUNT(P22)=0,0,P22+3) -> 0 | AL22: =IF(COUNT(Q22)=0,0,Q22+3) -> 0 | ... AX22: =IF(COUNT(AC22)=0,0,AC22+3) -> 0 | AY22: BI
A23: 무시 | B23: [무시] 몸 상태 ※접촉 종료 뒤 20초. 개8과 같은 눈금. 실험 이력·무시 지시의 영향이 함께 포함됨. | C23: 관찰 가능 시간의 절반 초과 동안 움직임이 멎고 몸이 뻣뻣함 | D23: 절반 초과 동안 낮춘 자세·조심스러운 움직임, 지속 굳음은 없음 | E23: 어느 극단도 절반을 넘지 않음; 주로 자연스러운 자세·이동. 반대 반응 혼재는 메모 | F23: 절반 초과 동안 같은 경로를 반복 이동하거나 자세를 자주 바꿈; 지속 뛰기 수준은 아님 | G23: 절반 초과 동안 뛰기·몸 부딪치기·급한 반복 이동이 이어짐 | H23: 애착·관계 관찰 | I23: 양쪽·몸상태 | AD23: ATT | AE23: =IF(COUNT(J23)=0,0,J23+3) -> 0 | AF23: =IF(COUNT(K23)=0,0,K23+3) -> 0 | AG23: =IF(COUNT(L23)=0,0,L23+3) -> 0 | AH23: =IF(COUNT(M23)=0,0,M23+3) -> 0 | AI23: =IF(COUNT(N23)=0,0,N23+3) -> 0 | AJ23: =IF(COUNT(O23)=0,0,O23+3) -> 0 | AK23: =IF(COUNT(P23)=0,0,P23+3) -> 0 | AL23: =IF(COUNT(Q23)=0,0,Q23+3) -> 0 | ... AX23: =IF(COUNT(AC23)=0,0,AC23+3) -> 0 | AY23: BI
A24: 걷기 | B24: [걷기] 주된 거리 ※구간 시간 절반 초과를 차지한 범주. 한 번 멀어진 것만으로 전체 +1로 정하지 않음. 동률이면 시작 범주·혼재 사유 기록. | C24: 접촉하며 다리에 매달리거나 몸을 얹은 상태가 주됨 | D24: 비접촉이나 몸길이 1개 미만으로 붙어 이동 | E24: 몸길이 1개 이상~2개 이내 | F24: 몸길이 2개 초과~5개 이내 | G24: 몸길이 5개 초과 | H24: 행동 동조 | I24: 양쪽·거리 | AD24: SYN | AE24: =IF(COUNT(J24)=0,0,J24+3) -> 0 | AF24: =IF(COUNT(K24)=0,0,K24+3) -> 0 | AG24: =IF(COUNT(L24)=0,0,L24+3) -> 0 | AH24: =IF(COUNT(M24)=0,0,M24+3) -> 0 | AI24: =IF(COUNT(N24)=0,0,N24+3) -> 0 | AJ24: =IF(COUNT(O24)=0,0,O24+3) -> 0 | AK24: =IF(COUNT(P24)=0,0,P24+3) -> 0 | AL24: =IF(COUNT(Q24)=0,0,Q24+3) -> 0 | ... AX24: =IF(COUNT(AC24)=0,0,AC24+3) -> 0 | AY24: BI
A25: 걷기 | B25: [걷기] 보호자 확인 ※시선 관찰만. 개24·근접 비율에 합산하지 않음. 친밀감·의존의 직접 판정으로 사용하지 않음. | C25: 계속 올려다봄 · 앞을 보지 않음 | D25: 자주 올려다보며 걸음 | E25: 이동 중 여러 번 확인하고 다시 앞을 봄 | F25: 한두 번 힐끗 | G25: 한 번도 쳐다보지 않음 | H25: 행동 동조 — 참고 | I25: 양쪽·살핌 | AE25: =0 -> 0 | AF25: =0 -> 0 | AG25: =0 -> 0 | AH25: =0 -> 0 | AI25: =0 -> 0 | AJ25: =0 -> 0 | AK25: =0 -> 0 | AL25: =0 -> 0 | ... AX25: =0 -> 0 | AY25: BI
A26: 걷기 | B26: [걷기] 이동 — 곁에 있던 국면 수 ※자동 계산 · 입력하지 마세요 | C26: 이동 3국면(38 · 40 · 42행) 가운데 거리 등급이 1 이하였던 국면 수(0~3). 몸길이 2개 안에서 함께 이동한 국면입니다. | H26: — 참고 (영역 집계 제외) | I26: 참고 | J26: =IF(COUNT(J38,J40,J42)<3,"",IF(J38<=1,1,0)+IF(J40<=1,1,0)+IF(J42<=1,1,0)) | K26: =IF(COUNT(K38,K40,K42)<3,"",IF(K38<=1,1,0)+IF(K40<=1,1,0)+IF(K42<=1,1,0)) | L26: =IF(COUNT(L38,L40,L42)<3,"",IF(L38<=1,1,0)+IF(L40<=1,1,0)+IF(L42<=1,1,0)) | M26: =IF(COUNT(M38,M40,M42)<3,"",IF(M38<=1,1,0)+IF(M40<=1,1,0)+IF(M42<=1,1,0)) | N26: =IF(COUNT(N38,N40,N42)<3,"",IF(N38<=1,1,0)+IF(N40<=1,1,0)+IF(N42<=1,1,0)) | O26: =IF(COUNT(O38,O40,O42)<3,"",IF(O38<=1,1,0)+IF(O40<=1,1,0)+IF(O42<=1,1,0)) | P26: =IF(COUNT(P38,P40,P42)<3,"",IF(P38<=1,1,0)+IF(P40<=1,1,0)+IF(P42<=1,1,0)) | Q26: =IF(COUNT(Q38,Q40,Q42)<3,"",IF(Q38<=1,1,0)+IF(Q40<=1,1,0)+IF(Q42<=1,1,0)) | ... AC26: =IF(COUNT(AC38,AC40,AC42)<3,"",IF(AC38<=1,1,0)+IF(AC40<=1,1,0)+IF(AC42<=1,1,0)) | AE26: =0 -> 0 | AF26: =0 -> 0 | AG26: =0 -> 0 | AH26: =0 -> 0 | AI26: =0 -> 0 | AJ26: =0 -> 0 | AK26: =0 -> 0 | AL26: =0 -> 0 | ... AX26: =0 -> 0
A27: 걷기 | B27: [걷기] 근접 국면 비율 ※자동. 사람·AI 공통 항목으로 사용 가능. 상태 전환 동조율과 다름. | C27: 이동·정지 6국면 중 거리 등급 0/1인 국면 ÷ 6. 6칸 모두 관찰되고 보13이 1/2일 때 산출. 보13=3이면 무효, 미입력이면 보류. | H27: — 참고 (영역 집계 제외) | I27: 참고 | J27: =IF(COUNT('3_보호자행동'!J13)=0,"",IF('3_보호자행동'!J13=3,"무효",IF(COUNT(J26,J36)<2,"",(J26+J36)/6))) | K27: =IF(COUNT('3_보호자행동'!K13)=0,"",IF('3_보호자행동'!K13=3,"무효",IF(COUNT(K26,K36)<2,"",(K26+K36)/6))) | L27: =IF(COUNT('3_보호자행동'!L13)=0,"",IF('3_보호자행동'!L13=3,"무효",IF(COUNT(L26,L36)<2,"",(L26+L36)/6))) | M27: =IF(COUNT('3_보호자행동'!M13)=0,"",IF('3_보호자행동'!M13=3,"무효",IF(COUNT(M26,M36)<2,"",(M26+M36)/6))) | N27: =IF(COUNT('3_보호자행동'!N13)=0,"",IF('3_보호자행동'!N13=3,"무효",IF(COUNT(N26,N36)<2,"",(N26+N36)/6))) | O27: =IF(COUNT('3_보호자행동'!O13)=0,"",IF('3_보호자행동'!O13=3,"무효",IF(COUNT(O26,O36)<2,"",(O26+O36)/6))) | P27: =IF(COUNT('3_보호자행동'!P13)=0,"",IF('3_보호자행동'!P13=3,"무효",IF(COUNT(P26,P36)<2,"",(P26+P36)/6))) | Q27: =IF(COUNT('3_보호자행동'!Q13)=0,"",IF('3_보호자행동'!Q13=3,"무효",IF(COUNT(Q26,Q36)<2,"",(Q26+Q36)/6))) | ... AC27: =IF(COUNT('3_보호자행동'!AC13)=0,"",IF('3_보호자행동'!AC13=3,"무효",IF(COUNT(AC26,AC36)<2,"",(AC26+AC36)/6))) | AE27: =0 -> 0 | AF27: =0 -> 0 | AG27: =0 -> 0 | AH27: =0 -> 0 | AI27: =0 -> 0 | AJ27: =0 -> 0 | AK27: =0 -> 0 | AL27: =0 -> 0 | ... AX27: =0 -> 0
A28: 퇴장 | B28: [퇴장] 문 통과 ※입장 개5와 같은 관찰 기준. 앞서 나감의 이유나 환경 적응을 이 한 항목으로 정하지 않음. | C28: 문턱 앞 버팀·우회로 자발 통과하지 못함; 유도·안기·당김은 별도 기록 | D28: 자발 통과했으나 보호자 뒤에서 문턱을 넘음 | E28: 보호자와 나란히 문턱을 넘음 | F28: 보호자보다 앞서 걸어 문턱을 넘음 | G28: 앞서 뛰거나 줄이 당겨진 채 문턱을 넘음 | H28: 퇴장 — 환경 적응 | I28: 양쪽·통과 | AD28: EXIT | AE28: =IF(COUNT(J28)=0,0,J28+3) -> 0 | AF28: =IF(COUNT(K28)=0,0,K28+3) -> 0 | AG28: =IF(COUNT(L28)=0,0,L28+3) -> 0 | AH28: =IF(COUNT(M28)=0,0,M28+3) -> 0 | AI28: =IF(COUNT(N28)=0,0,N28+3) -> 0 | AJ28: =IF(COUNT(O28)=0,0,O28+3) -> 0 | AK28: =IF(COUNT(P28)=0,0,P28+3) -> 0 | AL28: =IF(COUNT(Q28)=0,0,Q28+3) -> 0 | ... AX28: =IF(COUNT(AC28)=0,0,AC28+3) -> 0 | AY28: BI
A29: 퇴장 | B29: [퇴장] 냄새 — 나가면서 코를 쓰는가 | C29: 0 — 냄새 맡는 모습 관찰 | D29: 1 — 구간을 볼 수 있었으나 냄새 맡는 모습 없음 | H29: — 참고 · 입장↔퇴장 비교용 | I29: 범주 0/1 | AE29: =0 -> 0 | AF29: =0 -> 0 | AG29: =0 -> 0 | AH29: =0 -> 0 | AI29: =0 -> 0 | AJ29: =0 -> 0 | AK29: =0 -> 0 | AL29: =0 -> 0 | ... AX29: =0 -> 0
A30: 입장 | B30: [입장] 새 물건 반응 ※5초 정지+통과. +2→−2→−1→0→+1 순으로 확인. 여러 반응이면 순서·시각 기록. 정지 신호와 목줄 유도 조건은 보14 확인. | C30: 버티거나 뒷걸음·큰 우회로 물건에서 거리를 벌림 | D30: 위 행동 없이 목을 길게 빼 살피거나 머뭇거리지만 코 접촉 없음 | E30: 위 행동 없이 살피거나 코 접촉 후 정지 시간을 함께 보내고 보호자가 이동하면 따라감 | F30: 위 행동 없이 곧장 코 접촉하고 정지 시간 중 물건을 지나쳐 이동함 | G30: 물건을 향해 뛰거나 당겨 발·몸·입으로 강하게 접촉함 | H30: 환경 관찰 | I30: 양쪽·살핌 | AD30: SOC_E | AE30: =IF(COUNT(J30)=0,0,J30+3) -> 0 | AF30: =IF(COUNT(K30)=0,0,K30+3) -> 0 | AG30: =IF(COUNT(L30)=0,0,L30+3) -> 0 | AH30: =IF(COUNT(M30)=0,0,M30+3) -> 0 | AI30: =IF(COUNT(N30)=0,0,N30+3) -> 0 | AJ30: =IF(COUNT(O30)=0,0,O30+3) -> 0 | AK30: =IF(COUNT(P30)=0,0,P30+3) -> 0 | AL30: =IF(COUNT(Q30)=0,0,Q30+3) -> 0 | ... AX30: =IF(COUNT(AC30)=0,0,AC30+3) -> 0 | AY30: BI
A31: 입장 | B31: [입장] 개 모양 물체 곁 지나감 ※장면 1-3 · 낯선 개 반응이 아닙니다 ※사용하지 않습니다 (2026-09-22) — 개 모양 물체를 절차에서 뺐습니다 | H31: — 사용 안 함 | I31: 미사용 | AE31: =0 -> 0 | AF31: =0 -> 0 | AG31: =0 -> 0 | AH31: =0 -> 0 | AI31: =0 -> 0 | AJ31: =0 -> 0 | AK31: =0 -> 0 | AL31: =0 -> 0 | ... AX31: =0 -> 0 | AY31: BI
A32: 입장 | B32: [입장] 새 물건 — 첫 코 접촉 ※초 · 참고 | C32: 물건 1 m 앞에 들어선 순간부터 코가 처음 닿기까지 걸린 초를 적습니다. 멈춘 5초가 끝날 때까지 닿지 않으면 99. | H32: — 참고 (영역 집계 제외) | I32: 참고 | AE32: =0 -> 0 | AF32: =0 -> 0 | AG32: =0 -> 0 | AH32: =0 -> 0 | AI32: =0 -> 0 | AJ32: =0 -> 0 | AK32: =0 -> 0 | AL32: =0 -> 0 | ... AX32: =0 -> 0
A33: 입장 | B33: [입장] 개 모양 물체 — 첫 코 접촉 ※초 · 참고 ※사용하지 않습니다 (2026-09-22) — 개 모양 물체를 절차에서 뺐습니다 | H33: — 사용 안 함 | I33: 미사용 | AE33: =0 -> 0 | AF33: =0 -> 0 | AG33: =0 -> 0 | AH33: =0 -> 0 | AI33: =0 -> 0 | AJ33: =0 -> 0 | AK33: =0 -> 0 | AL33: =0 -> 0 | ... AX33: =0 -> 0
A34: 퇴장 | B34: [퇴장] 새 물건 반응 ※5초 정지+통과. +2→−2→−1→0→+1 순으로 확인. 여러 반응이면 순서·시각 기록. 정지 신호와 목줄 유도 조건은 보14 확인. | C34: 버티거나 뒷걸음·큰 우회로 물건에서 거리를 벌림 | D34: 위 행동 없이 목을 길게 빼 살피거나 머뭇거리지만 코 접촉 없음 | E34: 위 행동 없이 살피거나 코 접촉 후 정지 시간을 함께 보내고 보호자가 이동하면 따라감 | F34: 위 행동 없이 곧장 코 접촉하고 정지 시간 중 물건을 지나쳐 이동함 | G34: 물건을 향해 뛰거나 당겨 발·몸·입으로 강하게 접촉함 | H34: 퇴장 — 환경 적응 | I34: 양쪽·살핌 | AD34: EXIT | AE34: =IF(COUNT(J34)=0,0,J34+3) -> 0 | AF34: =IF(COUNT(K34)=0,0,K34+3) -> 0 | AG34: =IF(COUNT(L34)=0,0,L34+3) -> 0 | AH34: =IF(COUNT(M34)=0,0,M34+3) -> 0 | AI34: =IF(COUNT(N34)=0,0,N34+3) -> 0 | AJ34: =IF(COUNT(O34)=0,0,O34+3) -> 0 | AK34: =IF(COUNT(P34)=0,0,P34+3) -> 0 | AL34: =IF(COUNT(Q34)=0,0,Q34+3) -> 0 | ... AX34: =IF(COUNT(AC34)=0,0,AC34+3) -> 0 | AY34: BI
A35: 퇴장 | B35: [퇴장] 개 모양 물체 — 두 번째 곁 지나감 ※입장과 같게 5초 멈춤 ※사용하지 않습니다 (2026-09-22) — 개 모양 물체를 절차에서 뺐습니다 | H35: — 사용 안 함 | I35: 미사용 | AE35: =0 -> 0 | AF35: =0 -> 0 | AG35: =0 -> 0 | AH35: =0 -> 0 | AI35: =0 -> 0 | AJ35: =0 -> 0 | AK35: =0 -> 0 | AL35: =0 -> 0 | ... AX35: =0 -> 0 | AY35: BI
A36: 걷기 | B36: [걷기] 정지 — 곁에 있던 국면 수 ※자동 계산 · 입력하지 마세요 | C36: 정지 3국면(39 · 41 · 43행) 가운데 거리 등급이 1 이하였던 국면 수(0~3). 보호자가 멈춘 동안 곁에 있던 국면입니다. | H36: — 참고 (영역 집계 제외) | I36: 참고 | J36: =IF(COUNT(J39,J41,J43)<3,"",IF(J39<=1,1,0)+IF(J41<=1,1,0)+IF(J43<=1,1,0)) | K36: =IF(COUNT(K39,K41,K43)<3,"",IF(K39<=1,1,0)+IF(K41<=1,1,0)+IF(K43<=1,1,0)) | L36: =IF(COUNT(L39,L41,L43)<3,"",IF(L39<=1,1,0)+IF(L41<=1,1,0)+IF(L43<=1,1,0)) | M36: =IF(COUNT(M39,M41,M43)<3,"",IF(M39<=1,1,0)+IF(M41<=1,1,0)+IF(M43<=1,1,0)) | N36: =IF(COUNT(N39,N41,N43)<3,"",IF(N39<=1,1,0)+IF(N41<=1,1,0)+IF(N43<=1,1,0)) | O36: =IF(COUNT(O39,O41,O43)<3,"",IF(O39<=1,1,0)+IF(O41<=1,1,0)+IF(O43<=1,1,0)) | P36: =IF(COUNT(P39,P41,P43)<3,"",IF(P39<=1,1,0)+IF(P41<=1,1,0)+IF(P43<=1,1,0)) | Q36: =IF(COUNT(Q39,Q41,Q43)<3,"",IF(Q39<=1,1,0)+IF(Q41<=1,1,0)+IF(Q43<=1,1,0)) | ... AC36: =IF(COUNT(AC39,AC41,AC43)<3,"",IF(AC39<=1,1,0)+IF(AC41<=1,1,0)+IF(AC43<=1,1,0)) | AE36: =0 -> 0 | AF36: =0 -> 0 | AG36: =0 -> 0 | AH36: =0 -> 0 | AI36: =0 -> 0 | AJ36: =0 -> 0 | AK36: =0 -> 0 | AL36: =0 -> 0 | ... AX36: =0 -> 0
A37: 걷기 | B37: [걷기] 0 시작 — 첫 걸음 직전 ※거리 등급 0~3 | C37: 0 실제 신체 접촉 / 1 비접촉~개 몸길이 2개 이내 / 2 몸길이 2개 초과~5개 이내 / 3 몸길이 5개 초과. 사람 양발 중점과 개 몸통 중심을 기준으로 원근 보정. 이동·정지는 주된 시간의 범주, 시작은 첫걸음 직전. 가려 못 보면 빈칸. | H37: — 참고 (영역 집계 제외) | I37: 참고 | AE37: =0 -> 0 | AF37: =0 -> 0 | AG37: =0 -> 0 | AH37: =0 -> 0 | AI37: =0 -> 0 | AJ37: =0 -> 0 | AK37: =0 -> 0 | AL37: =0 -> 0 | ... AX37: =0 -> 0
A38: 걷기 | B38: [걷기] 1 이동 S→A (오른쪽 4걸음) ※거리 등급 0~3 | C38: 0 실제 신체 접촉 / 1 비접촉~개 몸길이 2개 이내 / 2 몸길이 2개 초과~5개 이내 / 3 몸길이 5개 초과. 사람 양발 중점과 개 몸통 중심을 기준으로 원근 보정. 이동·정지는 주된 시간의 범주, 시작은 첫걸음 직전. 가려 못 보면 빈칸. | H38: — 참고 (영역 집계 제외) | I38: 참고 | AE38: =0 -> 0 | AF38: =0 -> 0 | AG38: =0 -> 0 | AH38: =0 -> 0 | AI38: =0 -> 0 | AJ38: =0 -> 0 | AK38: =0 -> 0 | AL38: =0 -> 0 | ... AX38: =0 -> 0
A39: 걷기 | B39: [걷기] 2 정지 A — 다시 걷기 전까지 ※거리 등급 0~3 | C39: 0 실제 신체 접촉 / 1 비접촉~개 몸길이 2개 이내 / 2 몸길이 2개 초과~5개 이내 / 3 몸길이 5개 초과. 사람 양발 중점과 개 몸통 중심을 기준으로 원근 보정. 이동·정지는 주된 시간의 범주, 시작은 첫걸음 직전. 가려 못 보면 빈칸. | H39: — 참고 (영역 집계 제외) | I39: 참고 | AE39: =0 -> 0 | AF39: =0 -> 0 | AG39: =0 -> 0 | AH39: =0 -> 0 | AI39: =0 -> 0 | AJ39: =0 -> 0 | AK39: =0 -> 0 | AL39: =0 -> 0 | ... AX39: =0 -> 0
A40: 걷기 | B40: [걷기] 3 이동 A→C (왼쪽 8걸음 · S 지나감) ※거리 등급 0~3 | C40: 0 실제 신체 접촉 / 1 비접촉~개 몸길이 2개 이내 / 2 몸길이 2개 초과~5개 이내 / 3 몸길이 5개 초과. 사람 양발 중점과 개 몸통 중심을 기준으로 원근 보정. 이동·정지는 주된 시간의 범주, 시작은 첫걸음 직전. 가려 못 보면 빈칸. | H40: — 참고 (영역 집계 제외) | I40: 참고 | AE40: =0 -> 0 | AF40: =0 -> 0 | AG40: =0 -> 0 | AH40: =0 -> 0 | AI40: =0 -> 0 | AJ40: =0 -> 0 | AK40: =0 -> 0 | AL40: =0 -> 0 | ... AX40: =0 -> 0
A41: 걷기 | B41: [걷기] 4 정지 C — 다시 걷기 전까지 ※거리 등급 0~3 | C41: 0 실제 신체 접촉 / 1 비접촉~개 몸길이 2개 이내 / 2 몸길이 2개 초과~5개 이내 / 3 몸길이 5개 초과. 사람 양발 중점과 개 몸통 중심을 기준으로 원근 보정. 이동·정지는 주된 시간의 범주, 시작은 첫걸음 직전. 가려 못 보면 빈칸. | H41: — 참고 (영역 집계 제외) | I41: 참고 | AE41: =0 -> 0 | AF41: =0 -> 0 | AG41: =0 -> 0 | AH41: =0 -> 0 | AI41: =0 -> 0 | AJ41: =0 -> 0 | AK41: =0 -> 0 | AL41: =0 -> 0 | ... AX41: =0 -> 0
A42: 걷기 | B42: [걷기] 5 이동 C→S (4걸음) ※거리 등급 0~3 | C42: 0 실제 신체 접촉 / 1 비접촉~개 몸길이 2개 이내 / 2 몸길이 2개 초과~5개 이내 / 3 몸길이 5개 초과. 사람 양발 중점과 개 몸통 중심을 기준으로 원근 보정. 이동·정지는 주된 시간의 범주, 시작은 첫걸음 직전. 가려 못 보면 빈칸. | H42: — 참고 (영역 집계 제외) | I42: 참고 | AE42: =0 -> 0 | AF42: =0 -> 0 | AG42: =0 -> 0 | AH42: =0 -> 0 | AI42: =0 -> 0 | AJ42: =0 -> 0 | AK42: =0 -> 0 | AL42: =0 -> 0 | ... AX42: =0 -> 0
A43: 걷기 | B43: [걷기] 6 정지 S — 구간이 끝날 때까지 ※거리 등급 0~3 | C43: 0 실제 신체 접촉 / 1 비접촉~개 몸길이 2개 이내 / 2 몸길이 2개 초과~5개 이내 / 3 몸길이 5개 초과. 사람 양발 중점과 개 몸통 중심을 기준으로 원근 보정. 이동·정지는 주된 시간의 범주, 시작은 첫걸음 직전. 가려 못 보면 빈칸. | H43: — 참고 (영역 집계 제외) | I43: 참고 | AE43: =0 -> 0 | AF43: =0 -> 0 | AG43: =0 -> 0 | AH43: =0 -> 0 | AI43: =0 -> 0 | AJ43: =0 -> 0 | AK43: =0 -> 0 | AL43: =0 -> 0 | ... AX43: =0 -> 0
A44: 재회 | B44: [재회 접촉] 몸의 움직임 · 실제 접촉 시간 ※몸통 자세·자발적 움직임을 함께 봄. 엉덩이 흔들림이나 C자 자세가 없다는 이유만으로 긴장 판정하지 않음. 미접촉은 빈칸. | C44: 몸통·다리가 굳고 자세 변화 없이 버티는 모습 | D44: 몸을 낮추거나 긴장된 자세로 움직임이 제한됨 | E44: 뻣뻣한 버팀 없이 자연스러운 자세를 유지·변경함; 엉덩이 흔들림은 필수 아님 | F44: 몸을 크게 흔들거나 발 구르기·회전 움직임이 주됨 | G44: 반복 뛰어오름·몸 부딪치기 때문에 접촉 유지가 어려움 | H44: 애착·관계 관찰 | I44: 양쪽·몸상태 | AD44: ATT | AE44: =IF(COUNT(J44)=0,0,J44+3) -> 0 | AF44: =IF(COUNT(K44)=0,0,K44+3) -> 0 | AG44: =IF(COUNT(L44)=0,0,L44+3) -> 0 | AH44: =IF(COUNT(M44)=0,0,M44+3) -> 0 | AI44: =IF(COUNT(N44)=0,0,N44+3) -> 0 | AJ44: =IF(COUNT(O44)=0,0,O44+3) -> 0 | AK44: =IF(COUNT(P44)=0,0,P44+3) -> 0 | AL44: =IF(COUNT(Q44)=0,0,Q44+3) -> 0 | ... AX44: =IF(COUNT(AC44)=0,0,AC44+3) -> 0 | AY44: BI
A45: 입장 | B45: [입장] 리드줄 상태 — 줄당김 체크 ※참고 · 방 문부터 의자까지 대체로 어느 쪽이었는지(물건 앞 5초 멈춤은 빼고) — 보6 · 보9 는 이 값과 따로, 당긴 장면 · 버틴 장면이 있었는지로 매깁니다 | C45: 뒤에서 버텨 줄이 뒤로 팽팽함 | D45: 뒤처져 따라옴 · 줄은 느슨함 | E45: 옆에서 잘 감 · 줄이 느슨함 | F45: 앞에서 팽팽했다 느슨했다를 반복 | G45: 앞에서 계속 당겨 줄이 팽팽함 | H45: — 참고 (보6 · 보9 조건 확인) | I45: 참고 | AE45: =0 -> 0 | AF45: =0 -> 0 | AG45: =0 -> 0 | AH45: =0 -> 0 | AI45: =0 -> 0 | AJ45: =0 -> 0 | AK45: =0 -> 0 | AL45: =0 -> 0 | ... AX45: =0 -> 0
A46: 퇴장 | B46: [퇴장] 리드줄 상태 — 줄당김 체크 ※참고 · 목줄을 채운 뒤 문을 나갈 때까지 대체로 어느 쪽이었는지(물건 앞 5초 멈춤은 빼고) — 보6 · 보9 는 이 값과 따로, 당긴 장면 · 버틴 장면이 있었는지로 매깁니다 | C46: 뒤에서 버텨 줄이 뒤로 팽팽함 | D46: 뒤처져 따라옴 · 줄은 느슨함 | E46: 옆에서 잘 감 · 줄이 느슨함 | F46: 앞에서 팽팽했다 느슨했다를 반복 | G46: 앞에서 계속 당겨 줄이 팽팽함 | H46: — 참고 (보6 · 보9 조건 확인) | I46: 참고 | AE46: =0 -> 0 | AF46: =0 -> 0 | AG46: =0 -> 0 | AH46: =0 -> 0 | AI46: =0 -> 0 | AJ46: =0 -> 0 | AK46: =0 -> 0 | AL46: =0 -> 0 | ... AX46: =0 -> 0
A47: 재회 | B47: [재회] 발성량 ※0~3 시간 비중 · 문 열림부터 30초 전체. 못 들으면 빈칸; 0은 들었으나 없음. 종류·시각·관찰 초는 메모. 꼬리로 소리 의미를 정하지 않음. | C47: 0 — 발성 없음 | D47: 1 — 발성 누적 비중 0 초과~1/3 이하 | E47: 2 — 1/3 초과~2/3 이하 | F47: 3 — 2/3 초과 | H47: 별도 관찰 · 발성 | I47: 한쪽·발성량 | AE47: =0 -> 0 | AF47: =0 -> 0 | AG47: =0 -> 0 | AH47: =0 -> 0 | AI47: =0 -> 0 | AJ47: =0 -> 0 | AK47: =0 -> 0 | AL47: =0 -> 0 | ... AX47: =0 -> 0 | AY47: ONE
A48: 무시 | B48: [무시] 발성량 ※0~3 시간 비중 · 접촉 종료 뒤 20초. 못 들으면 빈칸; 0은 들었으나 없음. 종류·시각·관찰 초는 메모. 꼬리로 소리 의미를 정하지 않음. | C48: 0 — 발성 없음 | D48: 1 — 발성 누적 비중 0 초과~1/3 이하 | E48: 2 — 1/3 초과~2/3 이하 | F48: 3 — 2/3 초과 | H48: 별도 관찰 · 발성 | I48: 한쪽·발성량 | AE48: =0 -> 0 | AF48: =0 -> 0 | AG48: =0 -> 0 | AH48: =0 -> 0 | AI48: =0 -> 0 | AJ48: =0 -> 0 | AK48: =0 -> 0 | AL48: =0 -> 0 | ... AX48: =0 -> 0 | AY48: ONE
A49: 낯선 | B49: [낯선] 발성량 ※0~3 시간 비중 · 요원 등장~퇴장. 못 들으면 빈칸; 0은 들었으나 없음. 종류·시각·관찰 초는 메모. 꼬리로 소리 의미를 정하지 않음. | C49: 0 — 발성 없음 | D49: 1 — 발성 누적 비중 0 초과~1/3 이하 | E49: 2 — 1/3 초과~2/3 이하 | F49: 3 — 2/3 초과 | H49: 별도 관찰 · 발성 | I49: 한쪽·발성량 | AE49: =0 -> 0 | AF49: =0 -> 0 | AG49: =0 -> 0 | AH49: =0 -> 0 | AI49: =0 -> 0 | AJ49: =0 -> 0 | AK49: =0 -> 0 | AL49: =0 -> 0 | ... AX49: =0 -> 0 | AY49: ONE
A50: 퇴장 | B50: [퇴장] 발성량 ※0~3 시간 비중 · 퇴장 전체. 못 들으면 빈칸; 0은 들었으나 없음. 종류·시각·관찰 초는 메모. 꼬리로 소리 의미를 정하지 않음. | C50: 0 — 발성 없음 | D50: 1 — 발성 누적 비중 0 초과~1/3 이하 | E50: 2 — 1/3 초과~2/3 이하 | F50: 3 — 2/3 초과 | H50: 별도 관찰 · 발성 | I50: 한쪽·발성량 | AE50: =0 -> 0 | AF50: =0 -> 0 | AG50: =0 -> 0 | AH50: =0 -> 0 | AI50: =0 -> 0 | AJ50: =0 -> 0 | AK50: =0 -> 0 | AL50: =0 -> 0 | ... AX50: =0 -> 0 | AY50: ONE
A51: 낯선 | B51: [낯선 접촉] 몸의 중심 ※정지선에서 자발적으로 손 닿는 곳에 있고 회피하지 않을 때 최대 3초. 안 왔거나 접촉 전 중단이면 빈칸·개53 경로 기록. 보호자 접촉과 반대 부호·다른 조건임. | C51: 뒤로 물러남 · 옆으로 피함 · 등을 돌림 | D51: 선 자리를 지킴 · 몸을 앞으로 옮기지 않음 | E51: 앞으로 살짝 기울여 손을 받음 | F51: 몸이 닿을 만큼 앞으로 붙임 | G51: 몸을 얹거나 올라탐 · 뛰어오름 · 떨어지지 않음 | H51: 사회성 — 사람 | I51: 양쪽·인사 | AD51: SOC_H | AE51: =IF(COUNT(J51)=0,0,J51+3) -> 0 | AF51: =IF(COUNT(K51)=0,0,K51+3) -> 0 | AG51: =IF(COUNT(L51)=0,0,L51+3) -> 0 | AH51: =IF(COUNT(M51)=0,0,M51+3) -> 0 | AI51: =IF(COUNT(N51)=0,0,N51+3) -> 0 | AJ51: =IF(COUNT(O51)=0,0,O51+3) -> 0 | AK51: =IF(COUNT(P51)=0,0,P51+3) -> 0 | AL51: =IF(COUNT(Q51)=0,0,Q51+3) -> 0 | ... AX51: =IF(COUNT(AC51)=0,0,AC51+3) -> 0 | AY51: BI
A52: 낯선 | B52: [낯선 접촉] 몸의 움직임 · 최대 3초 ※몸통 자세·자발적 움직임을 함께 봄. 엉덩이 흔들림이나 C자 자세가 없다는 이유만으로 긴장 판정하지 않음. 미접촉은 빈칸. | C52: 몸통·다리가 굳고 자세 변화 없이 버티는 모습 | D52: 몸을 낮추거나 긴장된 자세로 움직임이 제한됨 | E52: 뻣뻣한 버팀 없이 자연스러운 자세를 유지·변경함; 엉덩이 흔들림은 필수 아님 | F52: 몸을 크게 흔들거나 발 구르기·회전 움직임이 주됨 | G52: 반복 뛰어오름·몸 부딪치기 때문에 접촉 유지가 어려움 | H52: 사회성 — 사람 | I52: 양쪽·몸상태 | AD52: SOC_H | AE52: =IF(COUNT(J52)=0,0,J52+3) -> 0 | AF52: =IF(COUNT(K52)=0,0,K52+3) -> 0 | AG52: =IF(COUNT(L52)=0,0,L52+3) -> 0 | AH52: =IF(COUNT(M52)=0,0,M52+3) -> 0 | AI52: =IF(COUNT(N52)=0,0,N52+3) -> 0 | AJ52: =IF(COUNT(O52)=0,0,O52+3) -> 0 | AK52: =IF(COUNT(P52)=0,0,P52+3) -> 0 | AL52: =IF(COUNT(Q52)=0,0,Q52+3) -> 0 | ... AX52: =IF(COUNT(AC52)=0,0,AC52+3) -> 0 | AY52: BI
A53: 낯선 | B53: [낯선] 접촉 경로 ※0~3 범주. 최초 접근 경로와 실제 접촉 성립을 기록. 요원은 20초 전에는 만지지 않음. 미접촉은 0이 아님. | C53: 0 — 부름 전 스스로 접근했고 정해진 접촉 시간에 접촉 성립 | D53: 1 — 부름 후 접근하여 정해진 접촉 시간에 접촉 성립 | E53: 2 — 접촉 시간까지 손 닿는 곳에 오지 않아 미접촉 | F53: 3 — 회피·굳음·으르렁 등으로 접촉 전/중 복지 중단 | H53: — 참고 (영역 집계 제외) | I53: 참고 | AE53: =0 -> 0 | AF53: =0 -> 0 | AG53: =0 -> 0 | AH53: =0 -> 0 | AI53: =0 -> 0 | AJ53: =0 -> 0 | AK53: =0 -> 0 | AL53: =0 -> 0 | ... AX53: =0 -> 0 | AY53: ONE
A54: 낯선 | B54: [낯선] 퇴장 시 따라가기 ※요원이 정지선에서 돌아 첫걸음을 뗀 순간~안전문 통과. 추가 부름·손짓 없음. 회피 후 조기 중단이면 정상 시행과 구분해 비우고 메모. | C54: 요원 퇴장 시작 뒤 반대쪽으로 이동하거나 뒤로 피함 | D54: 요원 방향으로 움직이지 않음 | E54: 요원 방향으로 1~2걸음 움직인 뒤 멈추거나 다른 행동 | F54: 3걸음 이상 요원 방향으로 이동, 아래 +2 행동 없음 | G54: 따라가며 앞을 가로막거나 뛰어오름·앞발 올림 | H54: 사회성 — 사람 | I54: 양쪽·인사 | AD54: SOC_H | AE54: =IF(COUNT(J54)=0,0,J54+3) -> 0 | AF54: =IF(COUNT(K54)=0,0,K54+3) -> 0 | AG54: =IF(COUNT(L54)=0,0,L54+3) -> 0 | AH54: =IF(COUNT(M54)=0,0,M54+3) -> 0 | AI54: =IF(COUNT(N54)=0,0,N54+3) -> 0 | AJ54: =IF(COUNT(O54)=0,0,O54+3) -> 0 | AK54: =IF(COUNT(P54)=0,0,P54+3) -> 0 | AL54: =IF(COUNT(Q54)=0,0,Q54+3) -> 0 | ... AX54: =IF(COUNT(AC54)=0,0,AC54+3) -> 0 | AY54: BI
A55: 낯선 | B55: [낯선] 정지선 접근 반응 ※이름 부르기 전, 안전문 안으로 들어와 정지선까지 이동하는 동안. 정지선은 상한이며 회피·굳음·으르렁이면 그 전에 중단. | C55: 뒤로 물러나거나 달아남 · 몸이 굳어 움직이지 못함 | D55: 자리에서 몸을 낮추거나 고개를 돌림 | E55: 선 자리에서 맞이하거나 한두 걸음 다가감 | F55: 곧장 마주 나아감 | G55: 뛰어오르거나 앞발을 올림 | H55: 사회성 — 사람 | I55: 양쪽·인사 | AD55: SOC_H | AE55: =IF(COUNT(J55)=0,0,J55+3) -> 0 | AF55: =IF(COUNT(K55)=0,0,K55+3) -> 0 | AG55: =IF(COUNT(L55)=0,0,L55+3) -> 0 | AH55: =IF(COUNT(M55)=0,0,M55+3) -> 0 | AI55: =IF(COUNT(N55)=0,0,N55+3) -> 0 | AJ55: =IF(COUNT(O55)=0,0,O55+3) -> 0 | AK55: =IF(COUNT(P55)=0,0,P55+3) -> 0 | AL55: =IF(COUNT(Q55)=0,0,Q55+3) -> 0 | ... AX55: =IF(COUNT(AC55)=0,0,AC55+3) -> 0 | AY55: BI
A56: 낯선 | B56: [낯선] 보호자 확인 ※관찰된 시선 방향. 사회적 참조 기능을 시선만으로 확정하지 않음. 보호자 반응 시각과 연결해 검토. | C56: 요원을 거의 보지 않고 보호자만 쳐다봄 | D56: 자주 보호자를 쳐다봄 | E56: 요원을 보다가 몇 번 보호자를 확인하고 다시 요원을 봄 | F56: 한두 번 힐끗 봄 | G56: 한 번도 쳐다보지 않음 | H56: — 참고 (영역 집계 제외) | I56: 참고 | AE56: =0 -> 0 | AF56: =0 -> 0 | AG56: =0 -> 0 | AH56: =0 -> 0 | AI56: =0 -> 0 | AJ56: =0 -> 0 | AK56: =0 -> 0 | AL56: =0 -> 0 | ... AX56: =0 -> 0 | AY56: BI
A57: 낯선 | B57: [낯선] 보호자 왕복 경로 ※0~3 범주. 갔다가 다시 나온 사실만 기록. 안전기지 효과의 직접 검증·애착 유형 판정에 단독 사용하지 않음. | C57: 0 — 보호자에게 가지 않았다 | D57: 1 — 보호자에게 갔고 그대로 머물렀다 | E57: 2 — 보호자에게 갔다가 다시 나와 요원 쪽을 살폈다 | F57: 3 — 갔다 나오기를 두 번 이상 되풀이했다 | H57: — 참고 (영역 집계 제외) | I57: 참고 | AE57: =0 -> 0 | AF57: =0 -> 0 | AG57: =0 -> 0 | AH57: =0 -> 0 | AI57: =0 -> 0 | AJ57: =0 -> 0 | AK57: =0 -> 0 | AL57: =0 -> 0 | ... AX57: =0 -> 0 | AY57: ONE
A58: 혼자 | B58: [혼자] 몸 상태 ※실제 분리 구간 전체의 주된 상태. 개8·18·23과 같은 눈금. 복지 중단·구간 길이는 메모. | C58: 관찰 가능 시간의 절반 초과 동안 움직임이 멎고 몸이 뻣뻣함 | D58: 절반 초과 동안 낮춘 자세·조심스러운 움직임, 지속 굳음은 없음 | E58: 어느 극단도 절반을 넘지 않음; 주로 자연스러운 자세·이동. 반대 반응 혼재는 메모 | F58: 절반 초과 동안 같은 경로를 반복 이동하거나 자세를 자주 바꿈; 지속 뛰기 수준은 아님 | G58: 절반 초과 동안 뛰기·몸 부딪치기·급한 반복 이동이 이어짐 | H58: 몸 상태 변화용 | I58: 양쪽·몸상태 | AE58: =0 -> 0 | AF58: =0 -> 0 | AG58: =0 -> 0 | AH58: =0 -> 0 | AI58: =0 -> 0 | AJ58: =0 -> 0 | AK58: =0 -> 0 | AL58: =0 -> 0 | ... AX58: =0 -> 0 | AY58: BI
A59: 기록 | B59: 실제 시각·기회·가림·복지 중단 메모 ※문 열림/착석/접촉 시작·끝/무시/걷기/요원 진입·부름·접촉·퇴장 시각, 관찰 가능한 초, 개21 사건, 접촉 미성립을 적습니다. | C59: 각 개체 J~AC 칸에 자유롭게 기록합니다. | H59: 기록 | I59: 기록 | AE59: =0 -> 0 | AF59: =0 -> 0 | AG59: =0 -> 0 | AH59: =0 -> 0 | AI59: =0 -> 0 | AJ59: =0 -> 0 | AK59: =0 -> 0 | AL59: =0 -> 0 | ... AX59: =0 -> 0
A60: 분리 변화 | B60: 개9 → 개10 조합 + 개58 · 개11 · 자동 | C60: 초기 10초(개9)와 이후 50초(개10)의 실제 행동을 순서대로 연결합니다. 25개 조합 문장은 성향문장 65~89행에서 관리합니다. 몸 상태(개58)와 발성(개11)은 분리 구간 전체의 기록입니다. 서로 다른 시간창의 값으로 동시 행동이나 감정의 원인을 추정하지 않습니다. | J60: =IF(COUNT(J9,J10)=0,"미채점",IF(COUNT(J9,J10)<2,"자료 부족",IF(OR(J9<-2,J9>2,J10<-2,J10>2,MOD(J9,1)<>0,MOD(J10,1)<>0),"입력 확인",INDEX(성향문장!$C$65:$C$89,(J9+2)*5+J10+3)&" / 분리 전체 몸 상태: "&IF(COUNT(J58)=0,"미확인",IF(OR(J58<-2,J58>2,MOD(J58,1)<>0),"입력 확인",INDEX($C$58:$G$58,1,J58+3)))&" / 분리 전체 발성: "&IF(COUNT(J11)=0,"미확인",IF(OR(J11<0,J11>3,MOD(J11,1)<>0),"입력 확인",INDEX($C$11:$F$11,1,J11+1)))))) -> 미채점 | K60: =IF(COUNT(K9,K10)=0,"미채점",IF(COUNT(K9,K10)<2,"자료 부족",IF(OR(K9<-2,K9>2,K10<-2,K10>2,MOD(K9,1)<>0,MOD(K10,1)<>0),"입력 확인",INDEX(성향문장!$C$65:$C$89,(K9+2)*5+K10+3)&" / 분리 전체 몸 상태: "&IF(COUNT(K58)=0,"미확인",IF(OR(K58<-2,K58>2,MOD(K58,1)<>0),"입력 확인",INDEX($C$58:$G$58,1,K58+3)))&" / 분리 전체 발성: "&IF(COUNT(K11)=0,"미확인",IF(OR(K11<0,K11>3,MOD(K11,1)<>0),"입력 확인",INDEX($C$11:$F$11,1,K11+1)))))) -> 미채점 | L60: =IF(COUNT(L9,L10)=0,"미채점",IF(COUNT(L9,L10)<2,"자료 부족",IF(OR(L9<-2,L9>2,L10<-2,L10>2,MOD(L9,1)<>0,MOD(L10,1)<>0),"입력 확인",INDEX(성향문장!$C$65:$C$89,(L9+2)*5+L10+3)&" / 분리 전체 몸 상태: "&IF(COUNT(L58)=0,"미확인",IF(OR(L58<-2,L58>2,MOD(L58,1)<>0),"입력 확인",INDEX($C$58:$G$58,1,L58+3)))&" / 분리 전체 발성: "&IF(COUNT(L11)=0,"미확인",IF(OR(L11<0,L11>3,MOD(L11,1)<>0),"입력 확인",INDEX($C$11:$F$11,1,L11+1)))))) -> 미채점 | M60: =IF(COUNT(M9,M10)=0,"미채점",IF(COUNT(M9,M10)<2,"자료 부족",IF(OR(M9<-2,M9>2,M10<-2,M10>2,MOD(M9,1)<>0,MOD(M10,1)<>0),"입력 확인",INDEX(성향문장!$C$65:$C$89,(M9+2)*5+M10+3)&" / 분리 전체 몸 상태: "&IF(COUNT(M58)=0,"미확인",IF(OR(M58<-2,M58>2,MOD(M58,1)<>0),"입력 확인",INDEX($C$58:$G$58,1,M58+3)))&" / 분리 전체 발성: "&IF(COUNT(M11)=0,"미확인",IF(OR(M11<0,M11>3,MOD(M11,1)<>0),"입력 확인",INDEX($C$11:$F$11,1,M11+1)))))) -> 미채점 | N60: =IF(COUNT(N9,N10)=0,"미채점",IF(COUNT(N9,N10)<2,"자료 부족",IF(OR(N9<-2,N9>2,N10<-2,N10>2,MOD(N9,1)<>0,MOD(N10,1)<>0),"입력 확인",INDEX(성향문장!$C$65:$C$89,(N9+2)*5+N10+3)&" / 분리 전체 몸 상태: "&IF(COUNT(N58)=0,"미확인",IF(OR(N58<-2,N58>2,MOD(N58,1)<>0),"입력 확인",INDEX($C$58:$G$58,1,N58+3)))&" / 분리 전체 발성: "&IF(COUNT(N11)=0,"미확인",IF(OR(N11<0,N11>3,MOD(N11,1)<>0),"입력 확인",INDEX($C$11:$F$11,1,N11+1)))))) -> 미채점 | O60: =IF(COUNT(O9,O10)=0,"미채점",IF(COUNT(O9,O10)<2,"자료 부족",IF(OR(O9<-2,O9>2,O10<-2,O10>2,MOD(O9,1)<>0,MOD(O10,1)<>0),"입력 확인",INDEX(성향문장!$C$65:$C$89,(O9+2)*5+O10+3)&" / 분리 전체 몸 상태: "&IF(COUNT(O58)=0,"미확인",IF(OR(O58<-2,O58>2,MOD(O58,1)<>0),"입력 확인",INDEX($C$58:$G$58,1,O58+3)))&" / 분리 전체 발성: "&IF(COUNT(O11)=0,"미확인",IF(OR(O11<0,O11>3,MOD(O11,1)<>0),"입력 확인",INDEX($C$11:$F$11,1,O11+1)))))) -> 미채점 | P60: =IF(COUNT(P9,P10)=0,"미채점",IF(COUNT(P9,P10)<2,"자료 부족",IF(OR(P9<-2,P9>2,P10<-2,P10>2,MOD(P9,1)<>0,MOD(P10,1)<>0),"입력 확인",INDEX(성향문장!$C$65:$C$89,(P9+2)*5+P10+3)&" / 분리 전체 몸 상태: "&IF(COUNT(P58)=0,"미확인",IF(OR(P58<-2,P58>2,MOD(P58,1)<>0),"입력 확인",INDEX($C$58:$G$58,1,P58+3)))&" / 분리 전체 발성: "&IF(COUNT(P11)=0,"미확인",IF(OR(P11<0,P11>3,MOD(P11,1)<>0),"입력 확인",INDEX($C$11:$F$11,1,P11+1)))))) -> 미채점 | Q60: =IF(COUNT(Q9,Q10)=0,"미채점",IF(COUNT(Q9,Q10)<2,"자료 부족",IF(OR(Q9<-2,Q9>2,Q10<-2,Q10>2,MOD(Q9,1)<>0,MOD(Q10,1)<>0),"입력 확인",INDEX(성향문장!$C$65:$C$89,(Q9+2)*5+Q10+3)&" / 분리 전체 몸 상태: "&IF(COUNT(Q58)=0,"미확인",IF(OR(Q58<-2,Q58>2,MOD(Q58,1)<>0),"입력 확인",INDEX($C$58:$G$58,1,Q58+3)))&" / 분리 전체 발성: "&IF(COUNT(Q11)=0,"미확인",IF(OR(Q11<0,Q11>3,MOD(Q11,1)<>0),"입력 확인",INDEX($C$11:$F$11,1,Q11+1)))))) -> 미채점 | ... AC60: =IF(COUNT(AC9,AC10)=0,"미채점",IF(COUNT(AC9,AC10)<2,"자료 부족",IF(OR(AC9<-2,AC9>2,AC10<-2,AC10>2,MOD(AC9,1)<>0,MOD(AC10,1)<>0),"입력 확인",INDEX(성향문장!$C$65:$C$89,(AC9+2)*5+AC10+3)&" / 분리 전체 몸 상태: "&IF(COUNT(AC58)=0,"미확인",IF(OR(AC58<-2,AC58>2,MOD(AC58,1)<>0),"입력 확인",INDEX($C$58:$G$58,1,AC58+3)))&" / 분리 전체 발성: "&IF(COUNT(AC11)=0,"미확인",IF(OR(AC11<0,AC11>3,MOD(AC11,1)<>0),"입력 확인",INDEX($C$11:$F$11,1,AC11+1)))))) -> 미채점
A61: 애착유형 · 기존 네 가지 이름을 유지하고 관찰 근거로 판정
A62: 곁에서 안심하는 사이 | C62: 재회에서 보호자와의 접근·상호작용을 구하거나 받아들이고, 몸의 긴장·분주함이 줄거나 낮은 상태를 유지하는 양상. 접촉 후 곁에서 쉬거나 주변을 살피는 흐름을 함께 봅니다. 점수가 모두 0이라는 이유만으로 정하지 않습니다. 근거: 개17·19의 접근·접촉 + 개18·44의 몸 상태 + 개58→18의 변화와 실제 영상. 분리 발성·문 지향은 별도 근거.
A63: 가까이 있어도 안심이 어려운 사이 | C63: 보호자에게 접근하거나 접촉을 구하지만, 재회 중에도 긴장·분주함·반복 확인이 이어지는 양상. 가까이 오래 머물렀다는 사실만으로 정하지 않고, 접촉 중 몸 상태와 소리의 변화를 함께 확인합니다. 근거: 개17·19·22의 접촉 구함 + 개18·44·23의 몸 상태. 개11·47·48 발성과 구간별 시각을 함께 보되 점수에 더하지 않음.
A64: 거리를 두고 지내는 사이 | C64: 재회에서 보호자가 들어오거나 상호작용을 제안했을 때도 자발적 접근·접촉 수용이 적거나 거리를 늘리는 양상. 잠깐의 탐색, 전반적 위축, 접근·접촉 기회 부족과 구분합니다. 근거: 개17·19·22와 실제 부름·접촉 기회. 개18·44·58로 몸 상태를 함께 봄. 문을 덜 보거나 혼자 조용했던 사실만으로 정하지 않음.
A65: 다가감과 물러섬이 함께 나오는 사이 | C65: 보호자에게 접근·접촉을 구하는 모습과 보호자로부터 물러나는 모습이 함께 나타나며, 그 전후 흐름에서 갈등 양상이 관찰됨. 편안히 접촉한 뒤 탐색하러 가는 흐름이나 한 번의 고개 돌림과 구분합니다. 근거: 개17·19·22의 방향 + 개21 사건의 시각·맥락을 영상으로 대조. 음수·양수 합이 함께 있거나 사건 1건이 있다는 이유만으로 정하지 않음.
A66: 판정보류 | C66: 다섯 번째 유형이 아닌 판정 상태. 주요 영상·접근/접촉 기회가 부족하거나 조건 이탈·중단·여러 양상 때문에 구분하기 어려운 경우입니다. 사유를 적으며, 개21 사건 한 건만으로 자동 보류하지 않습니다.
A67: 판정할 때: 분리(개9·10·11·58) → 재회(개17·18·19·21·44·47) → 무시(개22·23·48)의 흐름과 실제 기회를 함께 봅니다. 개12·56·57의 탐색·확인·왕복은 보조 근거로 기록합니다.
A68: 유형은 이번 시행의 잠정 판정입니다. 점수 평균이나 자동 분기만으로 정하지 않습니다. 영상 시각과 “개 행동 → 보호자와의 상호작용 → 이후 변화”, 반대 근거·기회 부족을 적습니다. 아래는 기존 J~AC 입력과 같은 1~20번 순서입니다.
A69: 번호 | B69: 애착유형 · 평가자 선택 | C69: 영상·관찰 근거 / 시각·상호작용·이후 변화 / 반대 근거·기회·조건 | G69: 평가자(사람/AI) / 날짜 | I69: 기록 상태 자동
A70: 1 | I70: =IF(LEN(TRIM(B70&""))=0,"미판정",IF(NOT(OR(B70="곁에서 안심하는 사이",B70="가까이 있어도 안심이 어려운 사이",B70="거리를 두고 지내는 사이",B70="다가감과 물러섬이 함께 나오는 사이",B70="판정보류")),"유형 입력 확인",IF(LEN(TRIM(C70&""))=0,IF(B70="판정보류","보류 사유 미기록","근거 미기록"),IF(LEN(TRIM(G70&""))=0,"평가자·날짜 미기록",IF(B70="판정보류","판정보류 · 사유 기록","기록 완료"))))) -> 미판정
A71: 2 | I71: =IF(LEN(TRIM(B71&""))=0,"미판정",IF(NOT(OR(B71="곁에서 안심하는 사이",B71="가까이 있어도 안심이 어려운 사이",B71="거리를 두고 지내는 사이",B71="다가감과 물러섬이 함께 나오는 사이",B71="판정보류")),"유형 입력 확인",IF(LEN(TRIM(C71&""))=0,IF(B71="판정보류","보류 사유 미기록","근거 미기록"),IF(LEN(TRIM(G71&""))=0,"평가자·날짜 미기록",IF(B71="판정보류","판정보류 · 사유 기록","기록 완료"))))) -> 미판정
A72: 3 | I72: =IF(LEN(TRIM(B72&""))=0,"미판정",IF(NOT(OR(B72="곁에서 안심하는 사이",B72="가까이 있어도 안심이 어려운 사이",B72="거리를 두고 지내는 사이",B72="다가감과 물러섬이 함께 나오는 사이",B72="판정보류")),"유형 입력 확인",IF(LEN(TRIM(C72&""))=0,IF(B72="판정보류","보류 사유 미기록","근거 미기록"),IF(LEN(TRIM(G72&""))=0,"평가자·날짜 미기록",IF(B72="판정보류","판정보류 · 사유 기록","기록 완료"))))) -> 미판정
A73: 4 | I73: =IF(LEN(TRIM(B73&""))=0,"미판정",IF(NOT(OR(B73="곁에서 안심하는 사이",B73="가까이 있어도 안심이 어려운 사이",B73="거리를 두고 지내는 사이",B73="다가감과 물러섬이 함께 나오는 사이",B73="판정보류")),"유형 입력 확인",IF(LEN(TRIM(C73&""))=0,IF(B73="판정보류","보류 사유 미기록","근거 미기록"),IF(LEN(TRIM(G73&""))=0,"평가자·날짜 미기록",IF(B73="판정보류","판정보류 · 사유 기록","기록 완료"))))) -> 미판정
A74: 5 | I74: =IF(LEN(TRIM(B74&""))=0,"미판정",IF(NOT(OR(B74="곁에서 안심하는 사이",B74="가까이 있어도 안심이 어려운 사이",B74="거리를 두고 지내는 사이",B74="다가감과 물러섬이 함께 나오는 사이",B74="판정보류")),"유형 입력 확인",IF(LEN(TRIM(C74&""))=0,IF(B74="판정보류","보류 사유 미기록","근거 미기록"),IF(LEN(TRIM(G74&""))=0,"평가자·날짜 미기록",IF(B74="판정보류","판정보류 · 사유 기록","기록 완료"))))) -> 미판정
A75: 6 | I75: =IF(LEN(TRIM(B75&""))=0,"미판정",IF(NOT(OR(B75="곁에서 안심하는 사이",B75="가까이 있어도 안심이 어려운 사이",B75="거리를 두고 지내는 사이",B75="다가감과 물러섬이 함께 나오는 사이",B75="판정보류")),"유형 입력 확인",IF(LEN(TRIM(C75&""))=0,IF(B75="판정보류","보류 사유 미기록","근거 미기록"),IF(LEN(TRIM(G75&""))=0,"평가자·날짜 미기록",IF(B75="판정보류","판정보류 · 사유 기록","기록 완료"))))) -> 미판정
A76: 7 | I76: =IF(LEN(TRIM(B76&""))=0,"미판정",IF(NOT(OR(B76="곁에서 안심하는 사이",B76="가까이 있어도 안심이 어려운 사이",B76="거리를 두고 지내는 사이",B76="다가감과 물러섬이 함께 나오는 사이",B76="판정보류")),"유형 입력 확인",IF(LEN(TRIM(C76&""))=0,IF(B76="판정보류","보류 사유 미기록","근거 미기록"),IF(LEN(TRIM(G76&""))=0,"평가자·날짜 미기록",IF(B76="판정보류","판정보류 · 사유 기록","기록 완료"))))) -> 미판정
A77: 8 | I77: =IF(LEN(TRIM(B77&""))=0,"미판정",IF(NOT(OR(B77="곁에서 안심하는 사이",B77="가까이 있어도 안심이 어려운 사이",B77="거리를 두고 지내는 사이",B77="다가감과 물러섬이 함께 나오는 사이",B77="판정보류")),"유형 입력 확인",IF(LEN(TRIM(C77&""))=0,IF(B77="판정보류","보류 사유 미기록","근거 미기록"),IF(LEN(TRIM(G77&""))=0,"평가자·날짜 미기록",IF(B77="판정보류","판정보류 · 사유 기록","기록 완료"))))) -> 미판정
A78: 9 | I78: =IF(LEN(TRIM(B78&""))=0,"미판정",IF(NOT(OR(B78="곁에서 안심하는 사이",B78="가까이 있어도 안심이 어려운 사이",B78="거리를 두고 지내는 사이",B78="다가감과 물러섬이 함께 나오는 사이",B78="판정보류")),"유형 입력 확인",IF(LEN(TRIM(C78&""))=0,IF(B78="판정보류","보류 사유 미기록","근거 미기록"),IF(LEN(TRIM(G78&""))=0,"평가자·날짜 미기록",IF(B78="판정보류","판정보류 · 사유 기록","기록 완료"))))) -> 미판정
A79: 10 | I79: =IF(LEN(TRIM(B79&""))=0,"미판정",IF(NOT(OR(B79="곁에서 안심하는 사이",B79="가까이 있어도 안심이 어려운 사이",B79="거리를 두고 지내는 사이",B79="다가감과 물러섬이 함께 나오는 사이",B79="판정보류")),"유형 입력 확인",IF(LEN(TRIM(C79&""))=0,IF(B79="판정보류","보류 사유 미기록","근거 미기록"),IF(LEN(TRIM(G79&""))=0,"평가자·날짜 미기록",IF(B79="판정보류","판정보류 · 사유 기록","기록 완료"))))) -> 미판정
A80: 11 | I80: =IF(LEN(TRIM(B80&""))=0,"미판정",IF(NOT(OR(B80="곁에서 안심하는 사이",B80="가까이 있어도 안심이 어려운 사이",B80="거리를 두고 지내는 사이",B80="다가감과 물러섬이 함께 나오는 사이",B80="판정보류")),"유형 입력 확인",IF(LEN(TRIM(C80&""))=0,IF(B80="판정보류","보류 사유 미기록","근거 미기록"),IF(LEN(TRIM(G80&""))=0,"평가자·날짜 미기록",IF(B80="판정보류","판정보류 · 사유 기록","기록 완료"))))) -> 미판정
A81: 12 | I81: =IF(LEN(TRIM(B81&""))=0,"미판정",IF(NOT(OR(B81="곁에서 안심하는 사이",B81="가까이 있어도 안심이 어려운 사이",B81="거리를 두고 지내는 사이",B81="다가감과 물러섬이 함께 나오는 사이",B81="판정보류")),"유형 입력 확인",IF(LEN(TRIM(C81&""))=0,IF(B81="판정보류","보류 사유 미기록","근거 미기록"),IF(LEN(TRIM(G81&""))=0,"평가자·날짜 미기록",IF(B81="판정보류","판정보류 · 사유 기록","기록 완료"))))) -> 미판정
... A89: 20 | I89: =IF(LEN(TRIM(B89&""))=0,"미판정",IF(NOT(OR(B89="곁에서 안심하는 사이",B89="가까이 있어도 안심이 어려운 사이",B89="거리를 두고 지내는 사이",B89="다가감과 물러섬이 함께 나오는 사이",B89="판정보류")),"유형 입력 확인",IF(LEN(TRIM(C89&""))=0,IF(B89="판정보류","보류 사유 미기록","근거 미기록"),IF(LEN(TRIM(G89&""))=0,"평가자·날짜 미기록",IF(B89="판정보류","판정보류 · 사유 기록","기록 완료"))))) -> 미판정
A91: 기록 완료는 빈칸이 없다는 표시이며 유형 판정의 정확성을 보증하지 않습니다. 두 전문가와 AI의 일치도를 비교할 때는 각자 사본에서 독립 판정한 값을 보존한 뒤 대조합니다.

Sheet 3_보호자행동
A1: 아스트라 전체 수정안 · 보호자 상호작용·3유형 기록 · 2026-09-28
A2: 보호자 행동은 항목별로 채점합니다. 유형은 아래 44~49행의 기준을 보고 51~70행에서 허용형·조율형·통제형 중 선택하고 근거를 적습니다. 보22는 회피 신호, 보24는 개가 찾아온 기회가 있을 때만 채점합니다.
A3: J~AC는 1~20번 입력. 열 머리 −2~+2는 양쪽 항목에만 적용. 발성·조건·횟수·초·경로는 각 행의 별도 눈금을 따릅니다. 0과 빈칸을 구분하고 맥락을 기록합니다.
A4: 구간 | B4: 관찰 항목 | C4: −2 | D4: −1 | E4: 0 | F4: +1 | G4: +2 | H4: 영역 | I4: 척도·축 | J4: 1번 | K4: 2번 | L4: 3번 | M4: 4번 | N4: 5번 | O4: 6번 | P4: 7번 | Q4: 8번 | R4: 9번 | S4: 10번 | T4: 11번 | U4: 12번 | V4: 13번 | W4: 14번 | X4: 15번 | Y4: 16번 | Z4: 17번 | AA4: 18번 | AB4: 19번 | AC4: 20번 | AD4: 영역코드 | AY4: 척도
A5: 앞 당김 | B5: 앞에서 줄을 당길 때의 요청 표현. 실제 발화로 −1/0/+1 분류. 음량·어조·반복은 별도 메모. 발화 없음·요청 없음·판독 불가·기회 없음은 빈칸+사유. 여러 사건의 건수·시각은 개59에 기록. | C5: −2 미사용 | D5: −1 부탁·제안: 질문·청유·부탁으로 행동 요청. 예: “와 줄래?”, “같이 가자”. 같은 사건에서 직접 지시 없음. | E5: 0 혼합: 같은 당김 사건에서 부탁·제안과 직접 지시가 모두 확인됨. 순서 기록. 미발화·모호함을 0으로 넣지 않음. | F5: +1 직접 지시: 할 행동·멈출 행동을 직접 말함. 예: “기다려”, “이리 와”, “당기지 마”. 같은 사건에서 부탁·제안 없음. | G5: +2 미사용 | H5: 보호자 상호작용 · 보조 근거 | I5: 범주 · 요청 표현 | AE5: =0 -> 0 | AF5: =0 -> 0 | AG5: =0 -> 0 | AH5: =0 -> 0 | AI5: =0 -> 0 | AJ5: =0 -> 0 | AK5: =0 -> 0 | AL5: =0 -> 0 | ... AX5: =0 -> 0 | AY5: BI
A6: 전 구간 | B6: 앞에서 당기는 개에 대한 줄 대처 ※당김이 발생한 사건. 줄 팽팽함의 원인을 보호자 힘으로 추정하지 않음. 복수 사건은 개59 또는 보25~27에 시각·상반 반응 기록. | C6: 개가 가는 쪽으로 보호자가 이동해 줄 길이·거리를 맞춤 | D6: 현 위치에서 멈추어 기다림; 보호자가 줄을 당겨 이동시키지 않음 | E6: 멈추어 부르거나 유도한 뒤 개가 돌아오면 이동 | F6: 줄을 짧게 당긴 뒤 즉시 풀어 줌 | G6: 당긴 줄을 유지하거나 반복 당겨 개 몸을 이동시킴 | H6: 보호자 상호작용 · 개별 | I6: 양쪽 · 개입 정도 | AE6: =0 -> 0 | AF6: =0 -> 0 | AG6: =0 -> 0 | AH6: =0 -> 0 | AI6: =0 -> 0 | AJ6: =0 -> 0 | AK6: =0 -> 0 | AL6: =0 -> 0 | ... AX6: =0 -> 0 | AY6: BI
A7: 전 구간 | I7: 미사용 | AE7: =IF($J7="",0,IF(INDEX($C7:$G7,$J7+3)="",0,$J7+3)) -> 0 | AF7: =IF($K7="",0,IF(INDEX($C7:$G7,$K7+3)="",0,$K7+3)) -> 0 | AG7: =IF($L7="",0,IF(INDEX($C7:$G7,$L7+3)="",0,$L7+3)) -> 0 | AH7: =IF($M7="",0,IF(INDEX($C7:$G7,$M7+3)="",0,$M7+3)) -> 0 | AI7: =IF($N7="",0,IF(INDEX($C7:$G7,$N7+3)="",0,$N7+3)) -> 0 | AJ7: =IF($O7="",0,IF(INDEX($C7:$G7,$O7+3)="",0,$O7+3)) -> 0 | AK7: =IF($P7="",0,IF(INDEX($C7:$G7,$P7+3)="",0,$P7+3)) -> 0 | AL7: =IF($Q7="",0,IF(INDEX($C7:$G7,$Q7+3)="",0,$Q7+3)) -> 0 | AM7: =IF($R7="",0,IF(INDEX($C7:$G7,$R7+3)="",0,$R7+3)) -> 0 | AN7: =IF($S7="",0,IF(INDEX($C7:$G7,$S7+3)="",0,$S7+3)) -> 0 | AO7: =IF($T7="",0,IF(INDEX($C7:$G7,$T7+3)="",0,$T7+3)) -> 0 | AP7: =IF($U7="",0,IF(INDEX($C7:$G7,$U7+3)="",0,$U7+3)) -> 0 | AQ7: =IF($V7="",0,IF(INDEX($C7:$G7,$V7+3)="",0,$V7+3)) -> 0 | AR7: =IF($W7="",0,IF(INDEX($C7:$G7,$W7+3)="",0,$W7+3)) -> 0 | AS7: =IF($X7="",0,IF(INDEX($C7:$G7,$X7+3)="",0,$X7+3)) -> 0 | AT7: =IF($Y7="",0,IF(INDEX($C7:$G7,$Y7+3)="",0,$Y7+3)) -> 0 | AU7: =IF($Z7="",0,IF(INDEX($C7:$G7,$Z7+3)="",0,$Z7+3)) -> 0 | AV7: =IF($AA7="",0,IF(INDEX($C7:$G7,$AA7+3)="",0,$AA7+3)) -> 0 | AW7: =IF($AB7="",0,IF(INDEX($C7:$G7,$AB7+3)="",0,$AB7+3)) -> 0 | AX7: =IF($AC7="",0,IF(INDEX($C7:$G7,$AC7+3)="",0,$AC7+3)) -> 0
A8: 전 구간 | I8: 미사용 | AE8: =IF($J8="",0,IF(INDEX($C8:$G8,$J8+3)="",0,$J8+3)) -> 0 | AF8: =IF($K8="",0,IF(INDEX($C8:$G8,$K8+3)="",0,$K8+3)) -> 0 | AG8: =IF($L8="",0,IF(INDEX($C8:$G8,$L8+3)="",0,$L8+3)) -> 0 | AH8: =IF($M8="",0,IF(INDEX($C8:$G8,$M8+3)="",0,$M8+3)) -> 0 | AI8: =IF($N8="",0,IF(INDEX($C8:$G8,$N8+3)="",0,$N8+3)) -> 0 | AJ8: =IF($O8="",0,IF(INDEX($C8:$G8,$O8+3)="",0,$O8+3)) -> 0 | AK8: =IF($P8="",0,IF(INDEX($C8:$G8,$P8+3)="",0,$P8+3)) -> 0 | AL8: =IF($Q8="",0,IF(INDEX($C8:$G8,$Q8+3)="",0,$Q8+3)) -> 0 | AM8: =IF($R8="",0,IF(INDEX($C8:$G8,$R8+3)="",0,$R8+3)) -> 0 | AN8: =IF($S8="",0,IF(INDEX($C8:$G8,$S8+3)="",0,$S8+3)) -> 0 | AO8: =IF($T8="",0,IF(INDEX($C8:$G8,$T8+3)="",0,$T8+3)) -> 0 | AP8: =IF($U8="",0,IF(INDEX($C8:$G8,$U8+3)="",0,$U8+3)) -> 0 | AQ8: =IF($V8="",0,IF(INDEX($C8:$G8,$V8+3)="",0,$V8+3)) -> 0 | AR8: =IF($W8="",0,IF(INDEX($C8:$G8,$W8+3)="",0,$W8+3)) -> 0 | AS8: =IF($X8="",0,IF(INDEX($C8:$G8,$X8+3)="",0,$X8+3)) -> 0 | AT8: =IF($Y8="",0,IF(INDEX($C8:$G8,$Y8+3)="",0,$Y8+3)) -> 0 | AU8: =IF($Z8="",0,IF(INDEX($C8:$G8,$Z8+3)="",0,$Z8+3)) -> 0 | AV8: =IF($AA8="",0,IF(INDEX($C8:$G8,$AA8+3)="",0,$AA8+3)) -> 0 | AW8: =IF($AB8="",0,IF(INDEX($C8:$G8,$AB8+3)="",0,$AB8+3)) -> 0 | AX8: =IF($AC8="",0,IF(INDEX($C8:$G8,$AC8+3)="",0,$AC8+3)) -> 0
A9: 전 구간 | B9: 뒤처지거나 버티는 개에 대한 줄 대처 ※버팀 사건이 있을 때. 안아 옮김은 이 축과 별도 메모. 복수 반응은 사건별 시각을 남기고 주된 반응을 선택. | C9: 개 쪽으로 되돌아가 줄을 느슨하게 함 | D9: 현 위치에서 줄을 느슨하게 두고 기다림 | E9: 줄이 느슨한 상태에서 말·허용된 유도 수단으로 이동을 요청 | F9: 줄을 짧게 당겼다 풀어 이동을 요청 | G9: 줄을 당긴 상태로 유지해 개 몸을 이동시킴 | H9: 보호자 상호작용 · 개별 | I9: 양쪽 · 개입 정도 | AE9: =0 -> 0 | AF9: =0 -> 0 | AG9: =0 -> 0 | AH9: =0 -> 0 | AI9: =0 -> 0 | AJ9: =0 -> 0 | AK9: =0 -> 0 | AL9: =0 -> 0 | ... AX9: =0 -> 0 | AY9: BI
A10: 혼자 | B10: [분리] 출입문으로 나가기 전 상호작용 · G→C 순으로 먼저 해당하는 범주 선택. 말·접촉 동시 또는 연속 상호작용은 1회, 멈췄다가 다시 시작하면 새 1회. 횟수·시각은 개59 메모. 숫자는 행동 종류 코드임. | C10: -2 (범주): 개를 바라보거나 말·접촉을 하지 않고 나감 | D10: -1 (범주): 개를 바라보지만 말·접촉 없이 나감 | E10: 0 (범주): 말 또는 접촉을 1회 하고 나감 | F10: +1 (범주): 말 또는 접촉을 2회 하고 나감 | G10: +2 (범주): 말 또는 접촉을 3회 이상 하거나, 이동 중 멈추거나 되돌아와 다시 상호작용함 | H10: 보호자 유형 판정 근거 (점수 합계 제외) | I10: 범주 · 유형 근거 | AE10: =0 -> 0 | AF10: =0 -> 0 | AG10: =0 -> 0 | AH10: =0 -> 0 | AI10: =0 -> 0 | AJ10: =0 -> 0 | AK10: =0 -> 0 | AL10: =0 -> 0 | ... AX10: =0 -> 0
A11: 재회 | B11: [재회] 신체접촉 방식 · 후반 15초. G→C 순으로 먼저 해당하는 범주 선택. 칭찬 톤·횟수, 밀어 내려보냄, 접촉이 없었던 이유는 개59 메모. 보22 회피 후 대응과 함께 유형 판단에 사용. 숫자는 행동 종류 코드임. | C11: -2 (범주): 손으로 만지거나 몸을 밀착하는 인사 접촉이 관찰되지 않음 | D11: -1 (범주): 상체를 크게 기울이지 않고 손으로 만짐 | E11: 0 (범주): 개 쪽으로 상체를 기울여 가까이에서 만짐 | F11: +1 (범주): 개가 먼저 몸을 기대거나 앞발을 올리는 등 밀착을 시도하면 받아주거나 받쳐 줌 | G11: +2 (범주): 개의 밀착 시도 전에 보호자가 먼저 안아 올리거나 끌어안아 몸·얼굴을 밀착함 | H11: 보호자 유형 판정 근거 (점수 합계 제외) | I11: 범주 · 유형 근거 | AE11: =0 -> 0 | AF11: =0 -> 0 | AG11: =0 -> 0 | AH11: =0 -> 0 | AI11: =0 -> 0 | AJ11: =0 -> 0 | AK11: =0 -> 0 | AL11: =0 -> 0 | ... AX11: =0 -> 0
A12: 무시 | B12: [무시] 지시 준수 ※참고 · 조건 준수 확인 · 이 칸만 1~3 입니다 | C12: 20초 동안 말·시선·접촉 없음 — 유효 | D12: 한 번 보거나 말함 — 유효(주의) | E12: 두 번 이상 · 만짐 — 이 시행의 무시 항목 무효 | H12: — 참고 (영역 집계 제외) | I12: 참고 | AE12: =0 -> 0 | AF12: =0 -> 0 | AG12: =0 -> 0 | AH12: =0 -> 0 | AI12: =0 -> 0 | AJ12: =0 -> 0 | AK12: =0 -> 0 | AL12: =0 -> 0 | ... AX12: =0 -> 0
A13: 걷기 | B13: [걷기] 시행 유효성 ※참고 · 조건 준수 확인 · 이 칸만 1~3 입니다 | C13: 걷기 구간(약 30초) 동안 말·손짓 없음 — 유효 | D13: 한 번 부르거나 손짓함 — 유효(주의) | E13: 두 번 이상 — 이 시행의 걷기 항목과 동조율 무효 | H13: — 참고 (영역 집계 제외) | I13: 참고 | AE13: =0 -> 0 | AF13: =0 -> 0 | AG13: =0 -> 0 | AH13: =0 -> 0 | AI13: =0 -> 0 | AJ13: =0 -> 0 | AK13: =0 -> 0 | AL13: =0 -> 0 | ... AX13: =0 -> 0
A14: 입장 | B14: [물건] 조건 준수 ※입장·퇴장 각 5초. 복지 중단과 단순 지시 이탈은 메모로 구분. 코드3이면 물건 비교 보류. 제외된 개 모양 물체 항목은 채점하지 않음. | C14: 입장·퇴장 모두 물건 앞에서 5초 · 말·손짓·끌기 없이 멈춤 — 유효 | D14: 한 번 말하거나 짧게 멈춤 — 유효(주의) | E14: 멈춤 미실시·유도/끌기 등 조건 이탈 — 개30·32·34 비교 보류 | H14: — 참고 (영역 집계 제외) | I14: 참고 | AE14: =0 -> 0 | AF14: =0 -> 0 | AG14: =0 -> 0 | AH14: =0 -> 0 | AI14: =0 -> 0 | AJ14: =0 -> 0 | AK14: =0 -> 0 | AL14: =0 -> 0 | ... AX14: =0 -> 0
A15: 보16·17·18은 실제 행동 발생 기록입니다. 보19·20·21은 삭제했습니다. 보22는 재회 회피 대응, 보23은 앉은 상태의 지시, 보24는 개가 찾아온 뒤 접촉 대응입니다. | AE15: 0 | AF15: 0 | AG15: 0 | AH15: 0 | AI15: 0 | AJ15: 0 | AK15: 0 | AL15: 0 | AM15: 0 | AN15: 0 | AO15: 0 | AP15: 0 | AQ15: 0 | AR15: 0 | AS15: 0 | AT15: 0 | AU15: 0 | AV15: 0 | AW15: 0 | AX15: 0
A16: 낯선 | B16: [낯선] 보호자 — 개에게 말을 걸거나 이름을 불렀다 ※0 또는 1 · 발생 기록 · 해당하면 1 | C16: 0 — 하지 않았다 | D16: 1 — 했다 | H16: 발생 기록 · 보23·24의 근거 | I16: 참고 | AE16: =0 -> 0 | AF16: =0 -> 0 | AG16: =0 -> 0 | AH16: =0 -> 0 | AI16: =0 -> 0 | AJ16: =0 -> 0 | AK16: =0 -> 0 | AL16: =0 -> 0 | ... AX16: =0 -> 0
A17: 낯선 | B17: [낯선] 보호자 — 개를 붙잡거나 안아 올렸다 ※0 또는 1 · 발생 기록 · 해당하면 1 | C17: 0 — 하지 않았다 | D17: 1 — 했다 | H17: 발생 기록 · 보23·24의 근거 | I17: 참고 | AE17: =0 -> 0 | AF17: =0 -> 0 | AG17: =0 -> 0 | AH17: =0 -> 0 | AI17: =0 -> 0 | AJ17: =0 -> 0 | AK17: =0 -> 0 | AL17: =0 -> 0 | ... AX17: =0 -> 0
A18: 낯선 | B18: [낯선] 보호자 — 일어서거나 자리를 옮겼다 (개 앞으로 몸을 옮긴 것 포함) ※0 또는 1 · 발생 기록 · 해당하면 1 | C18: 0 — 하지 않았다 | D18: 1 — 했다 | H18: 발생 기록 · 착석 상태 확인 | I18: 조건 기록 | AE18: =0 -> 0 | AF18: =0 -> 0 | AG18: =0 -> 0 | AH18: =0 -> 0 | AI18: =0 -> 0 | AJ18: =0 -> 0 | AK18: =0 -> 0 | AL18: =0 -> 0 | ... AX18: =0 -> 0
A22: 재회 | B22: [재회] 회피 뒤 접촉 변화 ※후반 15초 중 개가 고개·몸을 돌리거나 물러난 첫 명확한 사건 뒤 대응. 보38=2/3일 때만. 접근만 있었다면 채점하지 않음. | C22: 손을 완전히 거두고 상체도 뒤로 옮겨 거리를 넓힘 | D22: 손 움직임·접촉을 멈추거나 손을 떼되 상체 위치 유지 | E22: 손을 기존 위치에 둔 채 접촉 방식을 바꾸지 않음 | F22: 물러나는 개를 따라 손을 뻗어 접촉을 이어감 | G22: 개 몸을 붙잡거나 안아 움직임을 제한하며 접촉 지속 | H22: 상호작용 · 시범 핵심 | I22: 양쪽 · 개입 정도 | AE22: =0 -> 0 | AF22: =0 -> 0 | AG22: =0 -> 0 | AH22: =0 -> 0 | AI22: =0 -> 0 | AJ22: =0 -> 0 | AK22: =0 -> 0 | AL22: =0 -> 0 | ... AX22: =0 -> 0
A23: 낯선 | B23: [낯선] 앉은 상태의 지시 방식. 말·손짓으로 행동을 요청한 정도. G→C 순으로 선택. 반복은 같은 행동을 다시 요청한 횟수. 전 구간 관찰 시만 무지시 선택. 직원 지시·안전 조치는 별도 메모. | C23: −2: 개에게 행동을 요청하는 말·손짓 없이 개의 행동을 지켜봄 | D23: −1: 말·손짓으로 한 번 요청한 뒤 같은 요청을 반복하지 않음 | E23: 0: 같은 행동을 두 번 요청함. 목소리·손짓의 강도를 높이지 않음 | F23: +1: 같은 행동을 세 번 이상 요청함. 목소리·손짓의 강도를 높이지 않음 | G23: +2: 요청을 반복하면서 목소리를 높이거나 손짓을 더 크게·급하게 함 | H23: 보호자 유형 판정 근거 (점수 합계 제외) | I23: 양쪽 · 지시 정도 | AE23: =0 -> 0 | AF23: =0 -> 0 | AG23: =0 -> 0 | AH23: =0 -> 0 | AI23: =0 -> 0 | AJ23: =0 -> 0 | AK23: =0 -> 0 | AL23: =0 -> 0 | ... AX23: =0 -> 0
A24: 낯선 | B24: [낯선] 찾아온 개에 대한 접촉 대응 v0.2. 보40=1/2일 때. 개가 먼저 시작한 접촉·움직임을 따르는지, 이후 접근·회피 신호에 따라 대응을 바꾸는지 구분. 해당 근거가 없으면 빈칸+사유. | C24: -2 (범주): 다가온 개를 밀어내거나 몸을 옮겨 접촉을 피함 | D24: −1: 개가 먼저 기대거나 앞발을 올리는 접촉을 받아 주고, 개가 움직이는 대로 몸·손 위치를 맞춤. 보호자가 새 접촉 형태·방향을 요구하지 않음. | E24: 0: 개의 추가 접근·회피·멈춤을 확인한 뒤 접촉을 시작·멈추거나 방법을 바꿈. 변화 전후의 개 신호와 대응을 보27에 기록. | F24: +1 (범주): 개가 머무는 동안 보호자가 반복해서 쓰다듬거나 접촉 유지 | G24: +2 (범주): 개를 붙잡거나 안아 올려 보호자 곁에 머물게 함 | H24: 보호자 유형 판정 근거 (점수 합계 제외) | I24: 범주 · 유형 근거 | AE24: =0 -> 0 | AF24: =0 -> 0 | AG24: =0 -> 0 | AH24: =0 -> 0 | AI24: =0 -> 0 | AJ24: =0 -> 0 | AK24: =0 -> 0 | AL24: =0 -> 0 | ... AX24: =0 -> 0
A25: 기록 | B25: 보22 사유・시각 | C25: 재회 회피·접근 사건 시각 / 개 신호 → 보호자 대응. 보39=1·2를 가른 근거와 보22와 같은 사건인지 기록. 접근 기회·판독 불가 사유. | AE25: =0 -> 0 | AF25: =0 -> 0 | AG25: =0 -> 0 | AH25: =0 -> 0 | AI25: =0 -> 0 | AJ25: =0 -> 0 | AK25: =0 -> 0 | AL25: =0 -> 0 | ... AX25: =0 -> 0
A26: 기록 | B26: 보23 사유・시각 | C26: 실제 말·손짓, 요청 횟수·시각, 직전 개 행동과 반응 후 지시를 멈추거나 바꿨는지 기록. 지시가 필요할 상황이 없었는지도 구분. 관찰 불가면 보23 빈칸. | AE26: =0 -> 0 | AF26: =0 -> 0 | AG26: =0 -> 0 | AH26: =0 -> 0 | AI26: =0 -> 0 | AJ26: =0 -> 0 | AK26: =0 -> 0 | AL26: =0 -> 0 | ... AX26: =0 -> 0
A27: 기록 | B27: 보24 사유・시각 | C27: 첫 접근 시각 / 개가 요구한 접촉 / 보호자가 그대로 맞춘 행동 / 이후 신호에 따라 바꾼 행동. 단순 접촉 수용을 조율로 간주하지 않음. −1과 0이 함께 있으면 신호와 대응 변화가 확인된 0을 우선. | AE27: =0 -> 0 | AF27: =0 -> 0 | AG27: =0 -> 0 | AH27: =0 -> 0 | AI27: =0 -> 0 | AJ27: =0 -> 0 | AK27: =0 -> 0 | AL27: =0 -> 0 | ... AX27: =0 -> 0
A29: 보22·24는 기회가 있는 첫 명확한 사건의 대응을 기록하는 운영안입니다. 이후 다른 반응은 사유에 기록. 양쪽 코드는 움직임 방향·접촉 관여이며 좋고 나쁨 또는 등간 척도로 검증되지 않았습니다.
A30: 보38: 0 접근·회피 모두 없음 / 1 접근만 / 2 회피만 / 3 둘 다. 보22는 2 또는 3인 경우만 입력합니다. 기회 없음·판독 불가를 0점으로 넣지 않습니다.
A31: 보22는 첫 회피 사건 직후부터 다음 분명한 개 행동 전까지의 대응. 여러 행동이 이어지면 가장 마지막에 도달한 범주를 기록하고 전체 순서를 시각과 함께 남깁니다. 이 기록 규칙은 예비 채점에서 확인해야 합니다.
A32: 보23은 직접 입력합니다. 옛 차단·유도 보41·42와 자동 차감 수식은 삭제했습니다. 숫자 0은 조율형을 뜻하지 않으며, 지시할 상황이 없었던 무지시를 허용형 근거로 단정하지 않습니다.
A33: 보40: 0 찾아오지 않음 / 1 찾아와 머물며 회피 없음 / 2 찾아온 뒤 접촉 중 회피 / 3 판독 불가. 보24는 1 또는 2만 입력. 보24의 +값은 접촉량·제한 방식이며 과잉이나 나쁜 태도의 판정이 아닙니다.
A34: 안전 확보·복지 중단 목적의 행동은 그 맥락을 반드시 남깁니다. 중단 뒤 조치는 태도 점수에서 제외. 보호자의 자연스러운 행동과 지시된 행동을 혼동하지 않습니다.
A35: 재회 지시: 신호 뒤 이름을 한 번 부르고 평소처럼 만져 주세요. 개가 명확히 회피·굳음·으르렁을 보이면 접촉을 멈춥니다. 보22는 지시 전부터 자발적으로 발생한 대응만 관찰하며 직원 중단 신호 뒤 행동은 제외합니다.
A36: 낯선 사람은 보호자 착석·전환 대기 5초 뒤 시작(운영 제안). 보호자는 앉아서 자연스럽게 반응합니다. 개입은 원관찰에 남기되 통합 비교 조건과 구분합니다.
A37: 보5는 앞 당김 사건의 요청 표현(−1/0/+1)입니다. 어조·반복은 개59 메모. 보6 앞 당김과 보9 뒤처짐·버팀은 별도 항목으로 유지합니다. 보5를 부호 합계로 유형 점수에 직접 더하지 않습니다.
A38: 재회 | B38: 보22 관찰 기회 ※0~3. 개가 보인 사건, 보호자의 좋고 나쁨 아님. | C38: 0 — 접근·회피 모두 없음 | D38: 1 — 접근만 있었음 | E38: 2 — 회피만 있었음 | F38: 3 — 접근·회피 모두 있었음 | H38: 조건 기록 | I38: 기회 | AE38: =0 -> 0 | AF38: =0 -> 0 | AG38: =0 -> 0 | AH38: =0 -> 0 | AI38: =0 -> 0 | AJ38: =0 -> 0 | AK38: =0 -> 0 | AL38: =0 -> 0 | ... AX38: =0 -> 0
A39: 재회 | B39: [재회] 자발적 접근 뒤 접촉 대응 v0.2. 보38=1/3일 때. 개가 먼저 시작한 접촉에 맞춤과 이후 신호에 따른 대응 변화를 구분. 보22와 같은 사건이면 같은 재회 장면 안에서 평균. | C39: 0 — 접근을 막거나 피함 | D39: 1 — 개가 기대거나 올라오는 접촉을 받아 주고, 개 움직임에 몸·손 위치를 맞춤. 보호자가 다른 접촉 형태·방향을 요구하지 않음 | E39: 2 — 개의 추가 접근·회피·멈춤 신호를 확인한 뒤 접촉을 시작·멈추거나 방법을 바꿈. 신호와 대응 변화 기록 | F39: 3 — 붙잡거나 안아 올림 | H39: 보호자 유형 배점 근거 | I39: 범주 | AE39: =0 -> 0 | AF39: =0 -> 0 | AG39: =0 -> 0 | AH39: =0 -> 0 | AI39: =0 -> 0 | AJ39: =0 -> 0 | AK39: =0 -> 0 | AL39: =0 -> 0 | ... AX39: =0 -> 0
A40: 낯선 | B40: 보24 관찰 기회 ※0~3. 찾아온 뒤 개의 반응을 먼저 기록. | C40: 0 — 보호자에게 찾아오지 않음 | D40: 1 — 찾아와 머물며 접촉 회피 없음 | E40: 2 — 찾아온 뒤 접촉 중 회피가 있었음 | F40: 3 — 개의 반응 판독 불가 | H40: 조건 기록 | I40: 기회 | AE40: =0 -> 0 | AF40: =0 -> 0 | AG40: =0 -> 0 | AH40: =0 -> 0 | AI40: =0 -> 0 | AJ40: =0 -> 0 | AK40: =0 -> 0 | AL40: =0 -> 0 | ... AX40: =0 -> 0
A44: 보호자 3유형 · 자동 초안이 먼저 나오고, 채점자가 고르면 그것이 이깁니다
A45: 허용형 | C45: 개의 선택을 주로 따르며 행동 방향을 정하거나 제한하는 개입이 적게 관찰됨. 보10·11의 상호작용·접촉 방식과 줄 대처·재회 대응을 함께 봅니다. 접촉이 많다는 이유만으로 허용형으로 정하지 않으며, 개입할 기회와 지시된 무반응을 구분합니다.
A46: 조율형 | C46: 개의 접근·회피·멈춤 등 신호에 맞춰 기다림·안내·제한을 바꾸는 모습이 관찰됨. 보10·11의 상호작용 시작·접촉 방식에 보22·38·39의 대응을 대조해 “개 신호 → 보호자 대응 변화”를 기록합니다. 중간 코드나 반대 점수의 혼합을 뜻하지 않습니다.
A47: 통제형 | C47: 보호자가 정한 방향으로 개의 이동·접촉을 유도하거나 제한하는 개입이 주로 관찰됨. 보10·11의 상호작용 주도와 줄·회피 대응을 함께 봅니다. 먼저 안아 올림·큰 목소리 하나만으로 정하지 않으며, 안전 확보와 실험 지시를 구분합니다.
A48: 보6·9 줄 대처 / 보22·39 재회 / 보23·24 낯선 사람의 세 장면을 각각 평균 후 합산합니다. 최소 3개 근거 항목·2개 장면을 공통 적용합니다. 60%·15%p 문턱은 검증 전 임시값입니다.
A49: 허용: 줄 대처에서 개를 따름, 재회·낯선 구간에서 개가 시작한 접촉·움직임을 따름. 조율: 개 신호에 따라 대응을 바꿈. 지시·통제: 행동·이동 제한. 보5·10·11은 보조 해석. **B열 유형을 골라도 C열 근거와 G열 채점자·날짜가 모두 있어야 최종이 됩니다** — 그 전에는 자동 초안이 나가고 U열에 「채점자 기록 미완」이라고 적힙니다. 목록 밖 글자가 들어가면 「유형 입력 확인」으로 표시되고 최종에 쓰지 않습니다.
A50: 번호 | B50: 보호자 유형 · 채점자 선택 (비우면 자동 초안) | C50: 관찰 근거 · 구간/시각 | 개 신호 → 보호자 반응 | 반대 사례·기회·지시 여부 | G50: 채점자 / 날짜 | I50: 기록 상태 자동 | J50: 근거 항목 수 | K50: 장면 수 | L50: 허용 근거점 | M50: 조율 근거점 | N50: 통제 근거점 | O50: 근거점 합계 | P50: 허용 비율 | Q50: 조율 비율 | R50: 통제 비율 | S50: 임시 자동 유형 | T50: 최종 유형 | U50: 판정 출처
A51: 1 | I51: =IF(LEN(TRIM(B51&""))=0,IF(S51="판정보류","자동 · 판정보류","자동 초안"),IF(NOT(OR(B51="허용형",B51="조율형",B51="통제형",B51="판정보류")),"유형 입력 확인",IF(LEN(TRIM(C51&""))=0,IF(B51="판정보류","보류 사유 미기록","근거 미기록"),IF(LEN(TRIM(G51&""))=0,"채점자·날짜 미기록",IF(B51="판정보류","판정보류 · 사유 기록","기록 완료"))))) -> 자동 · 판정보류 | J51: =SUM(J128:J132,J154) -> 0 | K51: =COUNT(J136,J139,J142) -> 0 | L51: =IF(J51=0,"",SUM(J136,J139,J142)) | M51: =IF(J51=0,"",SUM(J137,J140,J143)) | N51: =IF(J51=0,"",SUM(J138,J141,J144)) | O51: =IF(J51=0,"",SUM(L51:N51)) | P51: =IF(AND(J51>=$C$77,K51>=$C$78,O51>0),L51/O51,"") | Q51: =IF(AND(J51>=$C$77,K51>=$C$78,O51>0),M51/O51,"") | R51: =IF(AND(J51>=$C$77,K51>=$C$78,O51>0),N51/O51,"") | S51: =IF(OR(J51<$C$77,K51<$C$78),"판정보류",IF(OR(MAX(P51:R51)<$C$79,MAX(P51:R51)-LARGE(P51:R51,2)<$C$80),"판정보류",IF(P51=MAX(P51:R51),"허용형",IF(Q51=MAX(P51:R51),"조율형","통제형")))) -> 판정보류 | T51: =IF(AND(LEN(TRIM(B51&""))>0,OR(B51="허용형",B51="조율형",B51="통제형",B51="판정보류"),LEN(TRIM(C51&""))>0,LEN(TRIM(G51&""))>0),B51,S51) -> 판정보류 | U51: =IF(LEN(TRIM(B51&""))=0,"자동 초안",IF(NOT(OR(B51="허용형",B51="조율형",B51="통제형",B51="판정보류")),"자동 초안 · 유형 입력 확인",IF(AND(LEN(TRIM(B51&""))>0,OR(B51="허용형",B51="조율형",B51="통제형",B51="판정보류"),LEN(TRIM(C51&""))>0,LEN(TRIM(G51&""))>0),"채점자 선택","자동 초안 · 채점자 기록 미완"))) -> 자동 초안
A52: 2 | I52: =IF(LEN(TRIM(B52&""))=0,IF(S52="판정보류","자동 · 판정보류","자동 초안"),IF(NOT(OR(B52="허용형",B52="조율형",B52="통제형",B52="판정보류")),"유형 입력 확인",IF(LEN(TRIM(C52&""))=0,IF(B52="판정보류","보류 사유 미기록","근거 미기록"),IF(LEN(TRIM(G52&""))=0,"채점자·날짜 미기록",IF(B52="판정보류","판정보류 · 사유 기록","기록 완료"))))) -> 자동 · 판정보류 | J52: =SUM(K128:K132,K154) -> 0 | K52: =COUNT(K136,K139,K142) -> 0 | L52: =IF(J52=0,"",SUM(K136,K139,K142)) | M52: =IF(J52=0,"",SUM(K137,K140,K143)) | N52: =IF(J52=0,"",SUM(K138,K141,K144)) | O52: =IF(J52=0,"",SUM(L52:N52)) | P52: =IF(AND(J52>=$C$77,K52>=$C$78,O52>0),L52/O52,"") | Q52: =IF(AND(J52>=$C$77,K52>=$C$78,O52>0),M52/O52,"") | R52: =IF(AND(J52>=$C$77,K52>=$C$78,O52>0),N52/O52,"") | S52: =IF(OR(J52<$C$77,K52<$C$78),"판정보류",IF(OR(MAX(P52:R52)<$C$79,MAX(P52:R52)-LARGE(P52:R52,2)<$C$80),"판정보류",IF(P52=MAX(P52:R52),"허용형",IF(Q52=MAX(P52:R52),"조율형","통제형")))) -> 판정보류 | T52: =IF(AND(LEN(TRIM(B52&""))>0,OR(B52="허용형",B52="조율형",B52="통제형",B52="판정보류"),LEN(TRIM(C52&""))>0,LEN(TRIM(G52&""))>0),B52,S52) -> 판정보류 | U52: =IF(LEN(TRIM(B52&""))=0,"자동 초안",IF(NOT(OR(B52="허용형",B52="조율형",B52="통제형",B52="판정보류")),"자동 초안 · 유형 입력 확인",IF(AND(LEN(TRIM(B52&""))>0,OR(B52="허용형",B52="조율형",B52="통제형",B52="판정보류"),LEN(TRIM(C52&""))>0,LEN(TRIM(G52&""))>0),"채점자 선택","자동 초안 · 채점자 기록 미완"))) -> 자동 초안
A53: 3 | I53: =IF(LEN(TRIM(B53&""))=0,IF(S53="판정보류","자동 · 판정보류","자동 초안"),IF(NOT(OR(B53="허용형",B53="조율형",B53="통제형",B53="판정보류")),"유형 입력 확인",IF(LEN(TRIM(C53&""))=0,IF(B53="판정보류","보류 사유 미기록","근거 미기록"),IF(LEN(TRIM(G53&""))=0,"채점자·날짜 미기록",IF(B53="판정보류","판정보류 · 사유 기록","기록 완료"))))) -> 자동 · 판정보류 | J53: =SUM(L128:L132,L154) -> 0 | K53: =COUNT(L136,L139,L142) -> 0 | L53: =IF(J53=0,"",SUM(L136,L139,L142)) | M53: =IF(J53=0,"",SUM(L137,L140,L143)) | N53: =IF(J53=0,"",SUM(L138,L141,L144)) | O53: =IF(J53=0,"",SUM(L53:N53)) | P53: =IF(AND(J53>=$C$77,K53>=$C$78,O53>0),L53/O53,"") | Q53: =IF(AND(J53>=$C$77,K53>=$C$78,O53>0),M53/O53,"") | R53: =IF(AND(J53>=$C$77,K53>=$C$78,O53>0),N53/O53,"") | S53: =IF(OR(J53<$C$77,K53<$C$78),"판정보류",IF(OR(MAX(P53:R53)<$C$79,MAX(P53:R53)-LARGE(P53:R53,2)<$C$80),"판정보류",IF(P53=MAX(P53:R53),"허용형",IF(Q53=MAX(P53:R53),"조율형","통제형")))) -> 판정보류 | T53: =IF(AND(LEN(TRIM(B53&""))>0,OR(B53="허용형",B53="조율형",B53="통제형",B53="판정보류"),LEN(TRIM(C53&""))>0,LEN(TRIM(G53&""))>0),B53,S53) -> 판정보류 | U53: =IF(LEN(TRIM(B53&""))=0,"자동 초안",IF(NOT(OR(B53="허용형",B53="조율형",B53="통제형",B53="판정보류")),"자동 초안 · 유형 입력 확인",IF(AND(LEN(TRIM(B53&""))>0,OR(B53="허용형",B53="조율형",B53="통제형",B53="판정보류"),LEN(TRIM(C53&""))>0,LEN(TRIM(G53&""))>0),"채점자 선택","자동 초안 · 채점자 기록 미완"))) -> 자동 초안
A54: 4 | I54: =IF(LEN(TRIM(B54&""))=0,IF(S54="판정보류","자동 · 판정보류","자동 초안"),IF(NOT(OR(B54="허용형",B54="조율형",B54="통제형",B54="판정보류")),"유형 입력 확인",IF(LEN(TRIM(C54&""))=0,IF(B54="판정보류","보류 사유 미기록","근거 미기록"),IF(LEN(TRIM(G54&""))=0,"채점자·날짜 미기록",IF(B54="판정보류","판정보류 · 사유 기록","기록 완료"))))) -> 자동 · 판정보류 | J54: =SUM(M128:M132,M154) -> 0 | K54: =COUNT(M136,M139,M142) -> 0 | L54: =IF(J54=0,"",SUM(M136,M139,M142)) | M54: =IF(J54=0,"",SUM(M137,M140,M143)) | N54: =IF(J54=0,"",SUM(M138,M141,M144)) | O54: =IF(J54=0,"",SUM(L54:N54)) | P54: =IF(AND(J54>=$C$77,K54>=$C$78,O54>0),L54/O54,"") | Q54: =IF(AND(J54>=$C$77,K54>=$C$78,O54>0),M54/O54,"") | R54: =IF(AND(J54>=$C$77,K54>=$C$78,O54>0),N54/O54,"") | S54: =IF(OR(J54<$C$77,K54<$C$78),"판정보류",IF(OR(MAX(P54:R54)<$C$79,MAX(P54:R54)-LARGE(P54:R54,2)<$C$80),"판정보류",IF(P54=MAX(P54:R54),"허용형",IF(Q54=MAX(P54:R54),"조율형","통제형")))) -> 판정보류 | T54: =IF(AND(LEN(TRIM(B54&""))>0,OR(B54="허용형",B54="조율형",B54="통제형",B54="판정보류"),LEN(TRIM(C54&""))>0,LEN(TRIM(G54&""))>0),B54,S54) -> 판정보류 | U54: =IF(LEN(TRIM(B54&""))=0,"자동 초안",IF(NOT(OR(B54="허용형",B54="조율형",B54="통제형",B54="판정보류")),"자동 초안 · 유형 입력 확인",IF(AND(LEN(TRIM(B54&""))>0,OR(B54="허용형",B54="조율형",B54="통제형",B54="판정보류"),LEN(TRIM(C54&""))>0,LEN(TRIM(G54&""))>0),"채점자 선택","자동 초안 · 채점자 기록 미완"))) -> 자동 초안
A55: 5 | I55: =IF(LEN(TRIM(B55&""))=0,IF(S55="판정보류","자동 · 판정보류","자동 초안"),IF(NOT(OR(B55="허용형",B55="조율형",B55="통제형",B55="판정보류")),"유형 입력 확인",IF(LEN(TRIM(C55&""))=0,IF(B55="판정보류","보류 사유 미기록","근거 미기록"),IF(LEN(TRIM(G55&""))=0,"채점자·날짜 미기록",IF(B55="판정보류","판정보류 · 사유 기록","기록 완료"))))) -> 자동 · 판정보류 | J55: =SUM(N128:N132,N154) -> 0 | K55: =COUNT(N136,N139,N142) -> 0 | L55: =IF(J55=0,"",SUM(N136,N139,N142)) | M55: =IF(J55=0,"",SUM(N137,N140,N143)) | N55: =IF(J55=0,"",SUM(N138,N141,N144)) | O55: =IF(J55=0,"",SUM(L55:N55)) | P55: =IF(AND(J55>=$C$77,K55>=$C$78,O55>0),L55/O55,"") | Q55: =IF(AND(J55>=$C$77,K55>=$C$78,O55>0),M55/O55,"") | R55: =IF(AND(J55>=$C$77,K55>=$C$78,O55>0),N55/O55,"") | S55: =IF(OR(J55<$C$77,K55<$C$78),"판정보류",IF(OR(MAX(P55:R55)<$C$79,MAX(P55:R55)-LARGE(P55:R55,2)<$C$80),"판정보류",IF(P55=MAX(P55:R55),"허용형",IF(Q55=MAX(P55:R55),"조율형","통제형")))) -> 판정보류 | T55: =IF(AND(LEN(TRIM(B55&""))>0,OR(B55="허용형",B55="조율형",B55="통제형",B55="판정보류"),LEN(TRIM(C55&""))>0,LEN(TRIM(G55&""))>0),B55,S55) -> 판정보류 | U55: =IF(LEN(TRIM(B55&""))=0,"자동 초안",IF(NOT(OR(B55="허용형",B55="조율형",B55="통제형",B55="판정보류")),"자동 초안 · 유형 입력 확인",IF(AND(LEN(TRIM(B55&""))>0,OR(B55="허용형",B55="조율형",B55="통제형",B55="판정보류"),LEN(TRIM(C55&""))>0,LEN(TRIM(G55&""))>0),"채점자 선택","자동 초안 · 채점자 기록 미완"))) -> 자동 초안
A56: 6 | I56: =IF(LEN(TRIM(B56&""))=0,IF(S56="판정보류","자동 · 판정보류","자동 초안"),IF(NOT(OR(B56="허용형",B56="조율형",B56="통제형",B56="판정보류")),"유형 입력 확인",IF(LEN(TRIM(C56&""))=0,IF(B56="판정보류","보류 사유 미기록","근거 미기록"),IF(LEN(TRIM(G56&""))=0,"채점자·날짜 미기록",IF(B56="판정보류","판정보류 · 사유 기록","기록 완료"))))) -> 자동 · 판정보류 | J56: =SUM(O128:O132,O154) -> 0 | K56: =COUNT(O136,O139,O142) -> 0 | L56: =IF(J56=0,"",SUM(O136,O139,O142)) | M56: =IF(J56=0,"",SUM(O137,O140,O143)) | N56: =IF(J56=0,"",SUM(O138,O141,O144)) | O56: =IF(J56=0,"",SUM(L56:N56)) | P56: =IF(AND(J56>=$C$77,K56>=$C$78,O56>0),L56/O56,"") | Q56: =IF(AND(J56>=$C$77,K56>=$C$78,O56>0),M56/O56,"") | R56: =IF(AND(J56>=$C$77,K56>=$C$78,O56>0),N56/O56,"") | S56: =IF(OR(J56<$C$77,K56<$C$78),"판정보류",IF(OR(MAX(P56:R56)<$C$79,MAX(P56:R56)-LARGE(P56:R56,2)<$C$80),"판정보류",IF(P56=MAX(P56:R56),"허용형",IF(Q56=MAX(P56:R56),"조율형","통제형")))) -> 판정보류 | T56: =IF(AND(LEN(TRIM(B56&""))>0,OR(B56="허용형",B56="조율형",B56="통제형",B56="판정보류"),LEN(TRIM(C56&""))>0,LEN(TRIM(G56&""))>0),B56,S56) -> 판정보류 | U56: =IF(LEN(TRIM(B56&""))=0,"자동 초안",IF(NOT(OR(B56="허용형",B56="조율형",B56="통제형",B56="판정보류")),"자동 초안 · 유형 입력 확인",IF(AND(LEN(TRIM(B56&""))>0,OR(B56="허용형",B56="조율형",B56="통제형",B56="판정보류"),LEN(TRIM(C56&""))>0,LEN(TRIM(G56&""))>0),"채점자 선택","자동 초안 · 채점자 기록 미완"))) -> 자동 초안
A57: 7 | I57: =IF(LEN(TRIM(B57&""))=0,IF(S57="판정보류","자동 · 판정보류","자동 초안"),IF(NOT(OR(B57="허용형",B57="조율형",B57="통제형",B57="판정보류")),"유형 입력 확인",IF(LEN(TRIM(C57&""))=0,IF(B57="판정보류","보류 사유 미기록","근거 미기록"),IF(LEN(TRIM(G57&""))=0,"채점자·날짜 미기록",IF(B57="판정보류","판정보류 · 사유 기록","기록 완료"))))) -> 자동 · 판정보류 | J57: =SUM(P128:P132,P154) -> 0 | K57: =COUNT(P136,P139,P142) -> 0 | L57: =IF(J57=0,"",SUM(P136,P139,P142)) | M57: =IF(J57=0,"",SUM(P137,P140,P143)) | N57: =IF(J57=0,"",SUM(P138,P141,P144)) | O57: =IF(J57=0,"",SUM(L57:N57)) | P57: =IF(AND(J57>=$C$77,K57>=$C$78,O57>0),L57/O57,"") | Q57: =IF(AND(J57>=$C$77,K57>=$C$78,O57>0),M57/O57,"") | R57: =IF(AND(J57>=$C$77,K57>=$C$78,O57>0),N57/O57,"") | S57: =IF(OR(J57<$C$77,K57<$C$78),"판정보류",IF(OR(MAX(P57:R57)<$C$79,MAX(P57:R57)-LARGE(P57:R57,2)<$C$80),"판정보류",IF(P57=MAX(P57:R57),"허용형",IF(Q57=MAX(P57:R57),"조율형","통제형")))) -> 판정보류 | T57: =IF(AND(LEN(TRIM(B57&""))>0,OR(B57="허용형",B57="조율형",B57="통제형",B57="판정보류"),LEN(TRIM(C57&""))>0,LEN(TRIM(G57&""))>0),B57,S57) -> 판정보류 | U57: =IF(LEN(TRIM(B57&""))=0,"자동 초안",IF(NOT(OR(B57="허용형",B57="조율형",B57="통제형",B57="판정보류")),"자동 초안 · 유형 입력 확인",IF(AND(LEN(TRIM(B57&""))>0,OR(B57="허용형",B57="조율형",B57="통제형",B57="판정보류"),LEN(TRIM(C57&""))>0,LEN(TRIM(G57&""))>0),"채점자 선택","자동 초안 · 채점자 기록 미완"))) -> 자동 초안
A58: 8 | I58: =IF(LEN(TRIM(B58&""))=0,IF(S58="판정보류","자동 · 판정보류","자동 초안"),IF(NOT(OR(B58="허용형",B58="조율형",B58="통제형",B58="판정보류")),"유형 입력 확인",IF(LEN(TRIM(C58&""))=0,IF(B58="판정보류","보류 사유 미기록","근거 미기록"),IF(LEN(TRIM(G58&""))=0,"채점자·날짜 미기록",IF(B58="판정보류","판정보류 · 사유 기록","기록 완료"))))) -> 자동 · 판정보류 | J58: =SUM(Q128:Q132,Q154) -> 0 | K58: =COUNT(Q136,Q139,Q142) -> 0 | L58: =IF(J58=0,"",SUM(Q136,Q139,Q142)) | M58: =IF(J58=0,"",SUM(Q137,Q140,Q143)) | N58: =IF(J58=0,"",SUM(Q138,Q141,Q144)) | O58: =IF(J58=0,"",SUM(L58:N58)) | P58: =IF(AND(J58>=$C$77,K58>=$C$78,O58>0),L58/O58,"") | Q58: =IF(AND(J58>=$C$77,K58>=$C$78,O58>0),M58/O58,"") | R58: =IF(AND(J58>=$C$77,K58>=$C$78,O58>0),N58/O58,"") | S58: =IF(OR(J58<$C$77,K58<$C$78),"판정보류",IF(OR(MAX(P58:R58)<$C$79,MAX(P58:R58)-LARGE(P58:R58,2)<$C$80),"판정보류",IF(P58=MAX(P58:R58),"허용형",IF(Q58=MAX(P58:R58),"조율형","통제형")))) -> 판정보류 | T58: =IF(AND(LEN(TRIM(B58&""))>0,OR(B58="허용형",B58="조율형",B58="통제형",B58="판정보류"),LEN(TRIM(C58&""))>0,LEN(TRIM(G58&""))>0),B58,S58) -> 판정보류 | U58: =IF(LEN(TRIM(B58&""))=0,"자동 초안",IF(NOT(OR(B58="허용형",B58="조율형",B58="통제형",B58="판정보류")),"자동 초안 · 유형 입력 확인",IF(AND(LEN(TRIM(B58&""))>0,OR(B58="허용형",B58="조율형",B58="통제형",B58="판정보류"),LEN(TRIM(C58&""))>0,LEN(TRIM(G58&""))>0),"채점자 선택","자동 초안 · 채점자 기록 미완"))) -> 자동 초안
A59: 9 | I59: =IF(LEN(TRIM(B59&""))=0,IF(S59="판정보류","자동 · 판정보류","자동 초안"),IF(NOT(OR(B59="허용형",B59="조율형",B59="통제형",B59="판정보류")),"유형 입력 확인",IF(LEN(TRIM(C59&""))=0,IF(B59="판정보류","보류 사유 미기록","근거 미기록"),IF(LEN(TRIM(G59&""))=0,"채점자·날짜 미기록",IF(B59="판정보류","판정보류 · 사유 기록","기록 완료"))))) -> 자동 · 판정보류 | J59: =SUM(R128:R132,R154) -> 0 | K59: =COUNT(R136,R139,R142) -> 0 | L59: =IF(J59=0,"",SUM(R136,R139,R142)) | M59: =IF(J59=0,"",SUM(R137,R140,R143)) | N59: =IF(J59=0,"",SUM(R138,R141,R144)) | O59: =IF(J59=0,"",SUM(L59:N59)) | P59: =IF(AND(J59>=$C$77,K59>=$C$78,O59>0),L59/O59,"") | Q59: =IF(AND(J59>=$C$77,K59>=$C$78,O59>0),M59/O59,"") | R59: =IF(AND(J59>=$C$77,K59>=$C$78,O59>0),N59/O59,"") | S59: =IF(OR(J59<$C$77,K59<$C$78),"판정보류",IF(OR(MAX(P59:R59)<$C$79,MAX(P59:R59)-LARGE(P59:R59,2)<$C$80),"판정보류",IF(P59=MAX(P59:R59),"허용형",IF(Q59=MAX(P59:R59),"조율형","통제형")))) -> 판정보류 | T59: =IF(AND(LEN(TRIM(B59&""))>0,OR(B59="허용형",B59="조율형",B59="통제형",B59="판정보류"),LEN(TRIM(C59&""))>0,LEN(TRIM(G59&""))>0),B59,S59) -> 판정보류 | U59: =IF(LEN(TRIM(B59&""))=0,"자동 초안",IF(NOT(OR(B59="허용형",B59="조율형",B59="통제형",B59="판정보류")),"자동 초안 · 유형 입력 확인",IF(AND(LEN(TRIM(B59&""))>0,OR(B59="허용형",B59="조율형",B59="통제형",B59="판정보류"),LEN(TRIM(C59&""))>0,LEN(TRIM(G59&""))>0),"채점자 선택","자동 초안 · 채점자 기록 미완"))) -> 자동 초안
A60: 10 | I60: =IF(LEN(TRIM(B60&""))=0,IF(S60="판정보류","자동 · 판정보류","자동 초안"),IF(NOT(OR(B60="허용형",B60="조율형",B60="통제형",B60="판정보류")),"유형 입력 확인",IF(LEN(TRIM(C60&""))=0,IF(B60="판정보류","보류 사유 미기록","근거 미기록"),IF(LEN(TRIM(G60&""))=0,"채점자·날짜 미기록",IF(B60="판정보류","판정보류 · 사유 기록","기록 완료"))))) -> 자동 · 판정보류 | J60: =SUM(S128:S132,S154) -> 0 | K60: =COUNT(S136,S139,S142) -> 0 | L60: =IF(J60=0,"",SUM(S136,S139,S142)) | M60: =IF(J60=0,"",SUM(S137,S140,S143)) | N60: =IF(J60=0,"",SUM(S138,S141,S144)) | O60: =IF(J60=0,"",SUM(L60:N60)) | P60: =IF(AND(J60>=$C$77,K60>=$C$78,O60>0),L60/O60,"") | Q60: =IF(AND(J60>=$C$77,K60>=$C$78,O60>0),M60/O60,"") | R60: =IF(AND(J60>=$C$77,K60>=$C$78,O60>0),N60/O60,"") | S60: =IF(OR(J60<$C$77,K60<$C$78),"판정보류",IF(OR(MAX(P60:R60)<$C$79,MAX(P60:R60)-LARGE(P60:R60,2)<$C$80),"판정보류",IF(P60=MAX(P60:R60),"허용형",IF(Q60=MAX(P60:R60),"조율형","통제형")))) -> 판정보류 | T60: =IF(AND(LEN(TRIM(B60&""))>0,OR(B60="허용형",B60="조율형",B60="통제형",B60="판정보류"),LEN(TRIM(C60&""))>0,LEN(TRIM(G60&""))>0),B60,S60) -> 판정보류 | U60: =IF(LEN(TRIM(B60&""))=0,"자동 초안",IF(NOT(OR(B60="허용형",B60="조율형",B60="통제형",B60="판정보류")),"자동 초안 · 유형 입력 확인",IF(AND(LEN(TRIM(B60&""))>0,OR(B60="허용형",B60="조율형",B60="통제형",B60="판정보류"),LEN(TRIM(C60&""))>0,LEN(TRIM(G60&""))>0),"채점자 선택","자동 초안 · 채점자 기록 미완"))) -> 자동 초안
A61: 11 | I61: =IF(LEN(TRIM(B61&""))=0,IF(S61="판정보류","자동 · 판정보류","자동 초안"),IF(NOT(OR(B61="허용형",B61="조율형",B61="통제형",B61="판정보류")),"유형 입력 확인",IF(LEN(TRIM(C61&""))=0,IF(B61="판정보류","보류 사유 미기록","근거 미기록"),IF(LEN(TRIM(G61&""))=0,"채점자·날짜 미기록",IF(B61="판정보류","판정보류 · 사유 기록","기록 완료"))))) -> 자동 · 판정보류 | J61: =SUM(T128:T132,T154) -> 0 | K61: =COUNT(T136,T139,T142) -> 0 | L61: =IF(J61=0,"",SUM(T136,T139,T142)) | M61: =IF(J61=0,"",SUM(T137,T140,T143)) | N61: =IF(J61=0,"",SUM(T138,T141,T144)) | O61: =IF(J61=0,"",SUM(L61:N61)) | P61: =IF(AND(J61>=$C$77,K61>=$C$78,O61>0),L61/O61,"") | Q61: =IF(AND(J61>=$C$77,K61>=$C$78,O61>0),M61/O61,"") | R61: =IF(AND(J61>=$C$77,K61>=$C$78,O61>0),N61/O61,"") | S61: =IF(OR(J61<$C$77,K61<$C$78),"판정보류",IF(OR(MAX(P61:R61)<$C$79,MAX(P61:R61)-LARGE(P61:R61,2)<$C$80),"판정보류",IF(P61=MAX(P61:R61),"허용형",IF(Q61=MAX(P61:R61),"조율형","통제형")))) -> 판정보류 | T61: =IF(AND(LEN(TRIM(B61&""))>0,OR(B61="허용형",B61="조율형",B61="통제형",B61="판정보류"),LEN(TRIM(C61&""))>0,LEN(TRIM(G61&""))>0),B61,S61) -> 판정보류 | U61: =IF(LEN(TRIM(B61&""))=0,"자동 초안",IF(NOT(OR(B61="허용형",B61="조율형",B61="통제형",B61="판정보류")),"자동 초안 · 유형 입력 확인",IF(AND(LEN(TRIM(B61&""))>0,OR(B61="허용형",B61="조율형",B61="통제형",B61="판정보류"),LEN(TRIM(C61&""))>0,LEN(TRIM(G61&""))>0),"채점자 선택","자동 초안 · 채점자 기록 미완"))) -> 자동 초안
A62: 12 | I62: =IF(LEN(TRIM(B62&""))=0,IF(S62="판정보류","자동 · 판정보류","자동 초안"),IF(NOT(OR(B62="허용형",B62="조율형",B62="통제형",B62="판정보류")),"유형 입력 확인",IF(LEN(TRIM(C62&""))=0,IF(B62="판정보류","보류 사유 미기록","근거 미기록"),IF(LEN(TRIM(G62&""))=0,"채점자·날짜 미기록",IF(B62="판정보류","판정보류 · 사유 기록","기록 완료"))))) -> 자동 · 판정보류 | J62: =SUM(U128:U132,U154) -> 0 | K62: =COUNT(U136,U139,U142) -> 0 | L62: =IF(J62=0,"",SUM(U136,U139,U142)) | M62: =IF(J62=0,"",SUM(U137,U140,U143)) | N62: =IF(J62=0,"",SUM(U138,U141,U144)) | O62: =IF(J62=0,"",SUM(L62:N62)) | P62: =IF(AND(J62>=$C$77,K62>=$C$78,O62>0),L62/O62,"") | Q62: =IF(AND(J62>=$C$77,K62>=$C$78,O62>0),M62/O62,"") | R62: =IF(AND(J62>=$C$77,K62>=$C$78,O62>0),N62/O62,"") | S62: =IF(OR(J62<$C$77,K62<$C$78),"판정보류",IF(OR(MAX(P62:R62)<$C$79,MAX(P62:R62)-LARGE(P62:R62,2)<$C$80),"판정보류",IF(P62=MAX(P62:R62),"허용형",IF(Q62=MAX(P62:R62),"조율형","통제형")))) -> 판정보류 | T62: =IF(AND(LEN(TRIM(B62&""))>0,OR(B62="허용형",B62="조율형",B62="통제형",B62="판정보류"),LEN(TRIM(C62&""))>0,LEN(TRIM(G62&""))>0),B62,S62) -> 판정보류 | U62: =IF(LEN(TRIM(B62&""))=0,"자동 초안",IF(NOT(OR(B62="허용형",B62="조율형",B62="통제형",B62="판정보류")),"자동 초안 · 유형 입력 확인",IF(AND(LEN(TRIM(B62&""))>0,OR(B62="허용형",B62="조율형",B62="통제형",B62="판정보류"),LEN(TRIM(C62&""))>0,LEN(TRIM(G62&""))>0),"채점자 선택","자동 초안 · 채점자 기록 미완"))) -> 자동 초안
A63: 13 | I63: =IF(LEN(TRIM(B63&""))=0,IF(S63="판정보류","자동 · 판정보류","자동 초안"),IF(NOT(OR(B63="허용형",B63="조율형",B63="통제형",B63="판정보류")),"유형 입력 확인",IF(LEN(TRIM(C63&""))=0,IF(B63="판정보류","보류 사유 미기록","근거 미기록"),IF(LEN(TRIM(G63&""))=0,"채점자·날짜 미기록",IF(B63="판정보류","판정보류 · 사유 기록","기록 완료"))))) -> 자동 · 판정보류 | J63: =SUM(V128:V132,V154) -> 0 | K63: =COUNT(V136,V139,V142) -> 0 | L63: =IF(J63=0,"",SUM(V136,V139,V142)) | M63: =IF(J63=0,"",SUM(V137,V140,V143)) | N63: =IF(J63=0,"",SUM(V138,V141,V144)) | O63: =IF(J63=0,"",SUM(L63:N63)) | P63: =IF(AND(J63>=$C$77,K63>=$C$78,O63>0),L63/O63,"") | Q63: =IF(AND(J63>=$C$77,K63>=$C$78,O63>0),M63/O63,"") | R63: =IF(AND(J63>=$C$77,K63>=$C$78,O63>0),N63/O63,"") | S63: =IF(OR(J63<$C$77,K63<$C$78),"판정보류",IF(OR(MAX(P63:R63)<$C$79,MAX(P63:R63)-LARGE(P63:R63,2)<$C$80),"판정보류",IF(P63=MAX(P63:R63),"허용형",IF(Q63=MAX(P63:R63),"조율형","통제형")))) -> 판정보류 | T63: =IF(AND(LEN(TRIM(B63&""))>0,OR(B63="허용형",B63="조율형",B63="통제형",B63="판정보류"),LEN(TRIM(C63&""))>0,LEN(TRIM(G63&""))>0),B63,S63) -> 판정보류 | U63: =IF(LEN(TRIM(B63&""))=0,"자동 초안",IF(NOT(OR(B63="허용형",B63="조율형",B63="통제형",B63="판정보류")),"자동 초안 · 유형 입력 확인",IF(AND(LEN(TRIM(B63&""))>0,OR(B63="허용형",B63="조율형",B63="통제형",B63="판정보류"),LEN(TRIM(C63&""))>0,LEN(TRIM(G63&""))>0),"채점자 선택","자동 초안 · 채점자 기록 미완"))) -> 자동 초안
A64: 14 | I64: =IF(LEN(TRIM(B64&""))=0,IF(S64="판정보류","자동 · 판정보류","자동 초안"),IF(NOT(OR(B64="허용형",B64="조율형",B64="통제형",B64="판정보류")),"유형 입력 확인",IF(LEN(TRIM(C64&""))=0,IF(B64="판정보류","보류 사유 미기록","근거 미기록"),IF(LEN(TRIM(G64&""))=0,"채점자·날짜 미기록",IF(B64="판정보류","판정보류 · 사유 기록","기록 완료"))))) -> 자동 · 판정보류 | J64: =SUM(W128:W132,W154) -> 0 | K64: =COUNT(W136,W139,W142) -> 0 | L64: =IF(J64=0,"",SUM(W136,W139,W142)) | M64: =IF(J64=0,"",SUM(W137,W140,W143)) | N64: =IF(J64=0,"",SUM(W138,W141,W144)) | O64: =IF(J64=0,"",SUM(L64:N64)) | P64: =IF(AND(J64>=$C$77,K64>=$C$78,O64>0),L64/O64,"") | Q64: =IF(AND(J64>=$C$77,K64>=$C$78,O64>0),M64/O64,"") | R64: =IF(AND(J64>=$C$77,K64>=$C$78,O64>0),N64/O64,"") | S64: =IF(OR(J64<$C$77,K64<$C$78),"판정보류",IF(OR(MAX(P64:R64)<$C$79,MAX(P64:R64)-LARGE(P64:R64,2)<$C$80),"판정보류",IF(P64=MAX(P64:R64),"허용형",IF(Q64=MAX(P64:R64),"조율형","통제형")))) -> 판정보류 | T64: =IF(AND(LEN(TRIM(B64&""))>0,OR(B64="허용형",B64="조율형",B64="통제형",B64="판정보류"),LEN(TRIM(C64&""))>0,LEN(TRIM(G64&""))>0),B64,S64) -> 판정보류 | U64: =IF(LEN(TRIM(B64&""))=0,"자동 초안",IF(NOT(OR(B64="허용형",B64="조율형",B64="통제형",B64="판정보류")),"자동 초안 · 유형 입력 확인",IF(AND(LEN(TRIM(B64&""))>0,OR(B64="허용형",B64="조율형",B64="통제형",B64="판정보류"),LEN(TRIM(C64&""))>0,LEN(TRIM(G64&""))>0),"채점자 선택","자동 초안 · 채점자 기록 미완"))) -> 자동 초안
A65: 15 | I65: =IF(LEN(TRIM(B65&""))=0,IF(S65="판정보류","자동 · 판정보류","자동 초안"),IF(NOT(OR(B65="허용형",B65="조율형",B65="통제형",B65="판정보류")),"유형 입력 확인",IF(LEN(TRIM(C65&""))=0,IF(B65="판정보류","보류 사유 미기록","근거 미기록"),IF(LEN(TRIM(G65&""))=0,"채점자·날짜 미기록",IF(B65="판정보류","판정보류 · 사유 기록","기록 완료"))))) -> 자동 · 판정보류 | J65: =SUM(X128:X132,X154) -> 0 | K65: =COUNT(X136,X139,X142) -> 0 | L65: =IF(J65=0,"",SUM(X136,X139,X142)) | M65: =IF(J65=0,"",SUM(X137,X140,X143)) | N65: =IF(J65=0,"",SUM(X138,X141,X144)) | O65: =IF(J65=0,"",SUM(L65:N65)) | P65: =IF(AND(J65>=$C$77,K65>=$C$78,O65>0),L65/O65,"") | Q65: =IF(AND(J65>=$C$77,K65>=$C$78,O65>0),M65/O65,"") | R65: =IF(AND(J65>=$C$77,K65>=$C$78,O65>0),N65/O65,"") | S65: =IF(OR(J65<$C$77,K65<$C$78),"판정보류",IF(OR(MAX(P65:R65)<$C$79,MAX(P65:R65)-LARGE(P65:R65,2)<$C$80),"판정보류",IF(P65=MAX(P65:R65),"허용형",IF(Q65=MAX(P65:R65),"조율형","통제형")))) -> 판정보류 | T65: =IF(AND(LEN(TRIM(B65&""))>0,OR(B65="허용형",B65="조율형",B65="통제형",B65="판정보류"),LEN(TRIM(C65&""))>0,LEN(TRIM(G65&""))>0),B65,S65) -> 판정보류 | U65: =IF(LEN(TRIM(B65&""))=0,"자동 초안",IF(NOT(OR(B65="허용형",B65="조율형",B65="통제형",B65="판정보류")),"자동 초안 · 유형 입력 확인",IF(AND(LEN(TRIM(B65&""))>0,OR(B65="허용형",B65="조율형",B65="통제형",B65="판정보류"),LEN(TRIM(C65&""))>0,LEN(TRIM(G65&""))>0),"채점자 선택","자동 초안 · 채점자 기록 미완"))) -> 자동 초안
A66: 16 | I66: =IF(LEN(TRIM(B66&""))=0,IF(S66="판정보류","자동 · 판정보류","자동 초안"),IF(NOT(OR(B66="허용형",B66="조율형",B66="통제형",B66="판정보류")),"유형 입력 확인",IF(LEN(TRIM(C66&""))=0,IF(B66="판정보류","보류 사유 미기록","근거 미기록"),IF(LEN(TRIM(G66&""))=0,"채점자·날짜 미기록",IF(B66="판정보류","판정보류 · 사유 기록","기록 완료"))))) -> 자동 · 판정보류 | J66: =SUM(Y128:Y132,Y154) -> 0 | K66: =COUNT(Y136,Y139,Y142) -> 0 | L66: =IF(J66=0,"",SUM(Y136,Y139,Y142)) | M66: =IF(J66=0,"",SUM(Y137,Y140,Y143)) | N66: =IF(J66=0,"",SUM(Y138,Y141,Y144)) | O66: =IF(J66=0,"",SUM(L66:N66)) | P66: =IF(AND(J66>=$C$77,K66>=$C$78,O66>0),L66/O66,"") | Q66: =IF(AND(J66>=$C$77,K66>=$C$78,O66>0),M66/O66,"") | R66: =IF(AND(J66>=$C$77,K66>=$C$78,O66>0),N66/O66,"") | S66: =IF(OR(J66<$C$77,K66<$C$78),"판정보류",IF(OR(MAX(P66:R66)<$C$79,MAX(P66:R66)-LARGE(P66:R66,2)<$C$80),"판정보류",IF(P66=MAX(P66:R66),"허용형",IF(Q66=MAX(P66:R66),"조율형","통제형")))) -> 판정보류 | T66: =IF(AND(LEN(TRIM(B66&""))>0,OR(B66="허용형",B66="조율형",B66="통제형",B66="판정보류"),LEN(TRIM(C66&""))>0,LEN(TRIM(G66&""))>0),B66,S66) -> 판정보류 | U66: =IF(LEN(TRIM(B66&""))=0,"자동 초안",IF(NOT(OR(B66="허용형",B66="조율형",B66="통제형",B66="판정보류")),"자동 초안 · 유형 입력 확인",IF(AND(LEN(TRIM(B66&""))>0,OR(B66="허용형",B66="조율형",B66="통제형",B66="판정보류"),LEN(TRIM(C66&""))>0,LEN(TRIM(G66&""))>0),"채점자 선택","자동 초안 · 채점자 기록 미완"))) -> 자동 초안
A67: 17 | I67: =IF(LEN(TRIM(B67&""))=0,IF(S67="판정보류","자동 · 판정보류","자동 초안"),IF(NOT(OR(B67="허용형",B67="조율형",B67="통제형",B67="판정보류")),"유형 입력 확인",IF(LEN(TRIM(C67&""))=0,IF(B67="판정보류","보류 사유 미기록","근거 미기록"),IF(LEN(TRIM(G67&""))=0,"채점자·날짜 미기록",IF(B67="판정보류","판정보류 · 사유 기록","기록 완료"))))) -> 자동 · 판정보류 | J67: =SUM(Z128:Z132,Z154) -> 0 | K67: =COUNT(Z136,Z139,Z142) -> 0 | L67: =IF(J67=0,"",SUM(Z136,Z139,Z142)) | M67: =IF(J67=0,"",SUM(Z137,Z140,Z143)) | N67: =IF(J67=0,"",SUM(Z138,Z141,Z144)) | O67: =IF(J67=0,"",SUM(L67:N67)) | P67: =IF(AND(J67>=$C$77,K67>=$C$78,O67>0),L67/O67,"") | Q67: =IF(AND(J67>=$C$77,K67>=$C$78,O67>0),M67/O67,"") | R67: =IF(AND(J67>=$C$77,K67>=$C$78,O67>0),N67/O67,"") | S67: =IF(OR(J67<$C$77,K67<$C$78),"판정보류",IF(OR(MAX(P67:R67)<$C$79,MAX(P67:R67)-LARGE(P67:R67,2)<$C$80),"판정보류",IF(P67=MAX(P67:R67),"허용형",IF(Q67=MAX(P67:R67),"조율형","통제형")))) -> 판정보류 | T67: =IF(AND(LEN(TRIM(B67&""))>0,OR(B67="허용형",B67="조율형",B67="통제형",B67="판정보류"),LEN(TRIM(C67&""))>0,LEN(TRIM(G67&""))>0),B67,S67) -> 판정보류 | U67: =IF(LEN(TRIM(B67&""))=0,"자동 초안",IF(NOT(OR(B67="허용형",B67="조율형",B67="통제형",B67="판정보류")),"자동 초안 · 유형 입력 확인",IF(AND(LEN(TRIM(B67&""))>0,OR(B67="허용형",B67="조율형",B67="통제형",B67="판정보류"),LEN(TRIM(C67&""))>0,LEN(TRIM(G67&""))>0),"채점자 선택","자동 초안 · 채점자 기록 미완"))) -> 자동 초안
A68: 18 | I68: =IF(LEN(TRIM(B68&""))=0,IF(S68="판정보류","자동 · 판정보류","자동 초안"),IF(NOT(OR(B68="허용형",B68="조율형",B68="통제형",B68="판정보류")),"유형 입력 확인",IF(LEN(TRIM(C68&""))=0,IF(B68="판정보류","보류 사유 미기록","근거 미기록"),IF(LEN(TRIM(G68&""))=0,"채점자·날짜 미기록",IF(B68="판정보류","판정보류 · 사유 기록","기록 완료"))))) -> 자동 · 판정보류 | J68: =SUM(AA128:AA132,AA154) -> 0 | K68: =COUNT(AA136,AA139,AA142) -> 0 | L68: =IF(J68=0,"",SUM(AA136,AA139,AA142)) | M68: =IF(J68=0,"",SUM(AA137,AA140,AA143)) | N68: =IF(J68=0,"",SUM(AA138,AA141,AA144)) | O68: =IF(J68=0,"",SUM(L68:N68)) | P68: =IF(AND(J68>=$C$77,K68>=$C$78,O68>0),L68/O68,"") | Q68: =IF(AND(J68>=$C$77,K68>=$C$78,O68>0),M68/O68,"") | R68: =IF(AND(J68>=$C$77,K68>=$C$78,O68>0),N68/O68,"") | S68: =IF(OR(J68<$C$77,K68<$C$78),"판정보류",IF(OR(MAX(P68:R68)<$C$79,MAX(P68:R68)-LARGE(P68:R68,2)<$C$80),"판정보류",IF(P68=MAX(P68:R68),"허용형",IF(Q68=MAX(P68:R68),"조율형","통제형")))) -> 판정보류 | T68: =IF(AND(LEN(TRIM(B68&""))>0,OR(B68="허용형",B68="조율형",B68="통제형",B68="판정보류"),LEN(TRIM(C68&""))>0,LEN(TRIM(G68&""))>0),B68,S68) -> 판정보류 | U68: =IF(LEN(TRIM(B68&""))=0,"자동 초안",IF(NOT(OR(B68="허용형",B68="조율형",B68="통제형",B68="판정보류")),"자동 초안 · 유형 입력 확인",IF(AND(LEN(TRIM(B68&""))>0,OR(B68="허용형",B68="조율형",B68="통제형",B68="판정보류"),LEN(TRIM(C68&""))>0,LEN(TRIM(G68&""))>0),"채점자 선택","자동 초안 · 채점자 기록 미완"))) -> 자동 초안
A69: 19 | I69: =IF(LEN(TRIM(B69&""))=0,IF(S69="판정보류","자동 · 판정보류","자동 초안"),IF(NOT(OR(B69="허용형",B69="조율형",B69="통제형",B69="판정보류")),"유형 입력 확인",IF(LEN(TRIM(C69&""))=0,IF(B69="판정보류","보류 사유 미기록","근거 미기록"),IF(LEN(TRIM(G69&""))=0,"채점자·날짜 미기록",IF(B69="판정보류","판정보류 · 사유 기록","기록 완료"))))) -> 자동 · 판정보류 | J69: =SUM(AB128:AB132,AB154) -> 0 | K69: =COUNT(AB136,AB139,AB142) -> 0 | L69: =IF(J69=0,"",SUM(AB136,AB139,AB142)) | M69: =IF(J69=0,"",SUM(AB137,AB140,AB143)) | N69: =IF(J69=0,"",SUM(AB138,AB141,AB144)) | O69: =IF(J69=0,"",SUM(L69:N69)) | P69: =IF(AND(J69>=$C$77,K69>=$C$78,O69>0),L69/O69,"") | Q69: =IF(AND(J69>=$C$77,K69>=$C$78,O69>0),M69/O69,"") | R69: =IF(AND(J69>=$C$77,K69>=$C$78,O69>0),N69/O69,"") | S69: =IF(OR(J69<$C$77,K69<$C$78),"판정보류",IF(OR(MAX(P69:R69)<$C$79,MAX(P69:R69)-LARGE(P69:R69,2)<$C$80),"판정보류",IF(P69=MAX(P69:R69),"허용형",IF(Q69=MAX(P69:R69),"조율형","통제형")))) -> 판정보류 | T69: =IF(AND(LEN(TRIM(B69&""))>0,OR(B69="허용형",B69="조율형",B69="통제형",B69="판정보류"),LEN(TRIM(C69&""))>0,LEN(TRIM(G69&""))>0),B69,S69) -> 판정보류 | U69: =IF(LEN(TRIM(B69&""))=0,"자동 초안",IF(NOT(OR(B69="허용형",B69="조율형",B69="통제형",B69="판정보류")),"자동 초안 · 유형 입력 확인",IF(AND(LEN(TRIM(B69&""))>0,OR(B69="허용형",B69="조율형",B69="통제형",B69="판정보류"),LEN(TRIM(C69&""))>0,LEN(TRIM(G69&""))>0),"채점자 선택","자동 초안 · 채점자 기록 미완"))) -> 자동 초안
A70: 20 | I70: =IF(LEN(TRIM(B70&""))=0,IF(S70="판정보류","자동 · 판정보류","자동 초안"),IF(NOT(OR(B70="허용형",B70="조율형",B70="통제형",B70="판정보류")),"유형 입력 확인",IF(LEN(TRIM(C70&""))=0,IF(B70="판정보류","보류 사유 미기록","근거 미기록"),IF(LEN(TRIM(G70&""))=0,"채점자·날짜 미기록",IF(B70="판정보류","판정보류 · 사유 기록","기록 완료"))))) -> 자동 · 판정보류 | J70: =SUM(AC128:AC132,AC154) -> 0 | K70: =COUNT(AC136,AC139,AC142) -> 0 | L70: =IF(J70=0,"",SUM(AC136,AC139,AC142)) | M70: =IF(J70=0,"",SUM(AC137,AC140,AC143)) | N70: =IF(J70=0,"",SUM(AC138,AC141,AC144)) | O70: =IF(J70=0,"",SUM(L70:N70)) | P70: =IF(AND(J70>=$C$77,K70>=$C$78,O70>0),L70/O70,"") | Q70: =IF(AND(J70>=$C$77,K70>=$C$78,O70>0),M70/O70,"") | R70: =IF(AND(J70>=$C$77,K70>=$C$78,O70>0),N70/O70,"") | S70: =IF(OR(J70<$C$77,K70<$C$78),"판정보류",IF(OR(MAX(P70:R70)<$C$79,MAX(P70:R70)-LARGE(P70:R70,2)<$C$80),"판정보류",IF(P70=MAX(P70:R70),"허용형",IF(Q70=MAX(P70:R70),"조율형","통제형")))) -> 판정보류 | T70: =IF(AND(LEN(TRIM(B70&""))>0,OR(B70="허용형",B70="조율형",B70="통제형",B70="판정보류"),LEN(TRIM(C70&""))>0,LEN(TRIM(G70&""))>0),B70,S70) -> 판정보류 | U70: =IF(LEN(TRIM(B70&""))=0,"자동 초안",IF(NOT(OR(B70="허용형",B70="조율형",B70="통제형",B70="판정보류")),"자동 초안 · 유형 입력 확인",IF(AND(LEN(TRIM(B70&""))>0,OR(B70="허용형",B70="조율형",B70="통제형",B70="판정보류"),LEN(TRIM(C70&""))>0,LEN(TRIM(G70&""))>0),"채점자 선택","자동 초안 · 채점자 기록 미완"))) -> 자동 초안
A72: B열 유형과 J~S열 점수는 자동입니다. C열 영상 근거와 G열 채점자/날짜는 직접 기록합니다. 비율은 이번 임시 규칙의 근거 구성비이며 성격 확률·검증된 진단 점수가 아닙니다.
B75: 보호자 유형 임시 배점표 v0.2
B76: 수정 가능한 운영안. 0=해당 유형 배점 없음, 1=약한 근거, 2=뚜렷한 근거로 임시 설정. 같은 장면 내 항목은 평균하여 중복 가중을 줄임.
B77: 비율 산출 최소 근거 항목 | C77: 3
B78: 비율 산출 최소 장면 | C78: 2
B79: 우세 유형 최소 비율 | C79: 0.6
B80: 1위·2위 최소 비율 차이 | C80: 0.15
B83: 보호자 항목 | C83: 원코드 | D83: 허용형 | E83: 조율형 | F83: 통제형(지시) | G83: 장면 | H83: 배점 이유 | I83: 근거 유무
B84: 6 | C84: -2 | D84: 2 | E84: 0 | F84: 0 | G84: 줄 대처 | H84: 개가 가는 방향을 따름 | I84: =IF(SUM(D84:F84)>0,1,0) -> 1
B85: 6 | C85: -1 | D85: 0 | E85: 2 | F85: 0 | G85: 줄 대처 | H85: 당김에 기다림으로 대응 | I85: =IF(SUM(D85:F85)>0,1,0) -> 1
B86: 6 | C86: 0 | D86: 0 | E86: 2 | F86: 0 | G86: 줄 대처 | H86: 개가 돌아온 뒤 이동 | I86: =IF(SUM(D86:F86)>0,1,0) -> 1
B87: 6 | C87: 1 | D87: 0 | E87: 0 | F87: 1 | G87: 줄 대처 | H87: 짧게 줄로 이동 요청 | I87: =IF(SUM(D87:F87)>0,1,0) -> 1
B88: 6 | C88: 2 | D88: 0 | E88: 0 | F88: 2 | G88: 줄 대처 | H88: 반복·지속 당김으로 이동 | I88: =IF(SUM(D88:F88)>0,1,0) -> 1
B89: 9 | C89: -2 | D89: 2 | E89: 0 | F89: 0 | G89: 줄 대처 | H89: 개의 위치로 돌아감 | I89: =IF(SUM(D89:F89)>0,1,0) -> 1
B90: 9 | C90: -1 | D90: 0 | E90: 2 | F90: 0 | G90: 줄 대처 | H90: 버팀에 느슨한 줄로 기다림 | I90: =IF(SUM(D90:F90)>0,1,0) -> 1
B91: 9 | C91: 0 | D91: 0 | E91: 1 | F91: 0 | G91: 줄 대처 | H91: 줄을 느슨하게 두고 요청 | I91: =IF(SUM(D91:F91)>0,1,0) -> 1
B92: 9 | C92: 1 | D92: 0 | E92: 0 | F92: 1 | G92: 줄 대처 | H92: 짧게 줄로 이동 요청 | I92: =IF(SUM(D92:F92)>0,1,0) -> 1
B93: 9 | C93: 2 | D93: 0 | E93: 0 | F93: 2 | G93: 줄 대처 | H93: 줄로 몸을 이동 | I93: =IF(SUM(D93:F93)>0,1,0) -> 1
B94: 22 | C94: -2 | D94: 0 | E94: 2 | F94: 0 | G94: 재회 | H94: 회피에 거리를 넓힘 | I94: =IF(SUM(D94:F94)>0,1,0) -> 1
B95: 22 | C95: -1 | D95: 0 | E95: 2 | F95: 0 | G95: 재회 | H95: 회피에 접촉을 멈춤 | I95: =IF(SUM(D95:F95)>0,1,0) -> 1
... B108: 24 | C108: 2 | D108: 0 | E108: 0 | F108: 2 | G108: 낯선 사람 | H108: 곁에 붙잡아 이동 제한 | I108: =IF(SUM(D108:F108)>0,1,0) -> 1
B110: 계산 내역 · 관찰 기회가 없거나 미입력이면 빈칸. 0배점 범주는 근거 항목 수에서 제외.
B112: 보6 허용 근거점수 | J112: =IF(J128=1,SUMIFS($D$84:$D$108,$B$84:$B$108,6,$C$84:$C$108,J6),"") | K112: =IF(K128=1,SUMIFS($D$84:$D$108,$B$84:$B$108,6,$C$84:$C$108,K6),"") | L112: =IF(L128=1,SUMIFS($D$84:$D$108,$B$84:$B$108,6,$C$84:$C$108,L6),"") | M112: =IF(M128=1,SUMIFS($D$84:$D$108,$B$84:$B$108,6,$C$84:$C$108,M6),"") | N112: =IF(N128=1,SUMIFS($D$84:$D$108,$B$84:$B$108,6,$C$84:$C$108,N6),"") | O112: =IF(O128=1,SUMIFS($D$84:$D$108,$B$84:$B$108,6,$C$84:$C$108,O6),"") | P112: =IF(P128=1,SUMIFS($D$84:$D$108,$B$84:$B$108,6,$C$84:$C$108,P6),"") | Q112: =IF(Q128=1,SUMIFS($D$84:$D$108,$B$84:$B$108,6,$C$84:$C$108,Q6),"") | ... AC112: =IF(AC128=1,SUMIFS($D$84:$D$108,$B$84:$B$108,6,$C$84:$C$108,AC6),"")
B113: 보6 조율 근거점수 | J113: =IF(J128=1,SUMIFS($E$84:$E$108,$B$84:$B$108,6,$C$84:$C$108,J6),"") | K113: =IF(K128=1,SUMIFS($E$84:$E$108,$B$84:$B$108,6,$C$84:$C$108,K6),"") | L113: =IF(L128=1,SUMIFS($E$84:$E$108,$B$84:$B$108,6,$C$84:$C$108,L6),"") | M113: =IF(M128=1,SUMIFS($E$84:$E$108,$B$84:$B$108,6,$C$84:$C$108,M6),"") | N113: =IF(N128=1,SUMIFS($E$84:$E$108,$B$84:$B$108,6,$C$84:$C$108,N6),"") | O113: =IF(O128=1,SUMIFS($E$84:$E$108,$B$84:$B$108,6,$C$84:$C$108,O6),"") | P113: =IF(P128=1,SUMIFS($E$84:$E$108,$B$84:$B$108,6,$C$84:$C$108,P6),"") | Q113: =IF(Q128=1,SUMIFS($E$84:$E$108,$B$84:$B$108,6,$C$84:$C$108,Q6),"") | ... AC113: =IF(AC128=1,SUMIFS($E$84:$E$108,$B$84:$B$108,6,$C$84:$C$108,AC6),"")
B114: 보6 통제 근거점수 | J114: =IF(J128=1,SUMIFS($F$84:$F$108,$B$84:$B$108,6,$C$84:$C$108,J6),"") | K114: =IF(K128=1,SUMIFS($F$84:$F$108,$B$84:$B$108,6,$C$84:$C$108,K6),"") | L114: =IF(L128=1,SUMIFS($F$84:$F$108,$B$84:$B$108,6,$C$84:$C$108,L6),"") | M114: =IF(M128=1,SUMIFS($F$84:$F$108,$B$84:$B$108,6,$C$84:$C$108,M6),"") | N114: =IF(N128=1,SUMIFS($F$84:$F$108,$B$84:$B$108,6,$C$84:$C$108,N6),"") | O114: =IF(O128=1,SUMIFS($F$84:$F$108,$B$84:$B$108,6,$C$84:$C$108,O6),"") | P114: =IF(P128=1,SUMIFS($F$84:$F$108,$B$84:$B$108,6,$C$84:$C$108,P6),"") | Q114: =IF(Q128=1,SUMIFS($F$84:$F$108,$B$84:$B$108,6,$C$84:$C$108,Q6),"") | ... AC114: =IF(AC128=1,SUMIFS($F$84:$F$108,$B$84:$B$108,6,$C$84:$C$108,AC6),"")
B115: 보9 허용 근거점수 | J115: =IF(J129=1,SUMIFS($D$84:$D$108,$B$84:$B$108,9,$C$84:$C$108,J9),"") | K115: =IF(K129=1,SUMIFS($D$84:$D$108,$B$84:$B$108,9,$C$84:$C$108,K9),"") | L115: =IF(L129=1,SUMIFS($D$84:$D$108,$B$84:$B$108,9,$C$84:$C$108,L9),"") | M115: =IF(M129=1,SUMIFS($D$84:$D$108,$B$84:$B$108,9,$C$84:$C$108,M9),"") | N115: =IF(N129=1,SUMIFS($D$84:$D$108,$B$84:$B$108,9,$C$84:$C$108,N9),"") | O115: =IF(O129=1,SUMIFS($D$84:$D$108,$B$84:$B$108,9,$C$84:$C$108,O9),"") | P115: =IF(P129=1,SUMIFS($D$84:$D$108,$B$84:$B$108,9,$C$84:$C$108,P9),"") | Q115: =IF(Q129=1,SUMIFS($D$84:$D$108,$B$84:$B$108,9,$C$84:$C$108,Q9),"") | ... AC115: =IF(AC129=1,SUMIFS($D$84:$D$108,$B$84:$B$108,9,$C$84:$C$108,AC9),"")
B116: 보9 조율 근거점수 | J116: =IF(J129=1,SUMIFS($E$84:$E$108,$B$84:$B$108,9,$C$84:$C$108,J9),"") | K116: =IF(K129=1,SUMIFS($E$84:$E$108,$B$84:$B$108,9,$C$84:$C$108,K9),"") | L116: =IF(L129=1,SUMIFS($E$84:$E$108,$B$84:$B$108,9,$C$84:$C$108,L9),"") | M116: =IF(M129=1,SUMIFS($E$84:$E$108,$B$84:$B$108,9,$C$84:$C$108,M9),"") | N116: =IF(N129=1,SUMIFS($E$84:$E$108,$B$84:$B$108,9,$C$84:$C$108,N9),"") | O116: =IF(O129=1,SUMIFS($E$84:$E$108,$B$84:$B$108,9,$C$84:$C$108,O9),"") | P116: =IF(P129=1,SUMIFS($E$84:$E$108,$B$84:$B$108,9,$C$84:$C$108,P9),"") | Q116: =IF(Q129=1,SUMIFS($E$84:$E$108,$B$84:$B$108,9,$C$84:$C$108,Q9),"") | ... AC116: =IF(AC129=1,SUMIFS($E$84:$E$108,$B$84:$B$108,9,$C$84:$C$108,AC9),"")
B117: 보9 통제 근거점수 | J117: =IF(J129=1,SUMIFS($F$84:$F$108,$B$84:$B$108,9,$C$84:$C$108,J9),"") | K117: =IF(K129=1,SUMIFS($F$84:$F$108,$B$84:$B$108,9,$C$84:$C$108,K9),"") | L117: =IF(L129=1,SUMIFS($F$84:$F$108,$B$84:$B$108,9,$C$84:$C$108,L9),"") | M117: =IF(M129=1,SUMIFS($F$84:$F$108,$B$84:$B$108,9,$C$84:$C$108,M9),"") | N117: =IF(N129=1,SUMIFS($F$84:$F$108,$B$84:$B$108,9,$C$84:$C$108,N9),"") | O117: =IF(O129=1,SUMIFS($F$84:$F$108,$B$84:$B$108,9,$C$84:$C$108,O9),"") | P117: =IF(P129=1,SUMIFS($F$84:$F$108,$B$84:$B$108,9,$C$84:$C$108,P9),"") | Q117: =IF(Q129=1,SUMIFS($F$84:$F$108,$B$84:$B$108,9,$C$84:$C$108,Q9),"") | ... AC117: =IF(AC129=1,SUMIFS($F$84:$F$108,$B$84:$B$108,9,$C$84:$C$108,AC9),"")
B118: 보22 허용 근거점수 | J118: =IF(J130=1,SUMIFS($D$84:$D$108,$B$84:$B$108,22,$C$84:$C$108,J22),"") | K118: =IF(K130=1,SUMIFS($D$84:$D$108,$B$84:$B$108,22,$C$84:$C$108,K22),"") | L118: =IF(L130=1,SUMIFS($D$84:$D$108,$B$84:$B$108,22,$C$84:$C$108,L22),"") | M118: =IF(M130=1,SUMIFS($D$84:$D$108,$B$84:$B$108,22,$C$84:$C$108,M22),"") | N118: =IF(N130=1,SUMIFS($D$84:$D$108,$B$84:$B$108,22,$C$84:$C$108,N22),"") | O118: =IF(O130=1,SUMIFS($D$84:$D$108,$B$84:$B$108,22,$C$84:$C$108,O22),"") | P118: =IF(P130=1,SUMIFS($D$84:$D$108,$B$84:$B$108,22,$C$84:$C$108,P22),"") | Q118: =IF(Q130=1,SUMIFS($D$84:$D$108,$B$84:$B$108,22,$C$84:$C$108,Q22),"") | ... AC118: =IF(AC130=1,SUMIFS($D$84:$D$108,$B$84:$B$108,22,$C$84:$C$108,AC22),"")
B119: 보22 조율 근거점수 | J119: =IF(J130=1,SUMIFS($E$84:$E$108,$B$84:$B$108,22,$C$84:$C$108,J22),"") | K119: =IF(K130=1,SUMIFS($E$84:$E$108,$B$84:$B$108,22,$C$84:$C$108,K22),"") | L119: =IF(L130=1,SUMIFS($E$84:$E$108,$B$84:$B$108,22,$C$84:$C$108,L22),"") | M119: =IF(M130=1,SUMIFS($E$84:$E$108,$B$84:$B$108,22,$C$84:$C$108,M22),"") | N119: =IF(N130=1,SUMIFS($E$84:$E$108,$B$84:$B$108,22,$C$84:$C$108,N22),"") | O119: =IF(O130=1,SUMIFS($E$84:$E$108,$B$84:$B$108,22,$C$84:$C$108,O22),"") | P119: =IF(P130=1,SUMIFS($E$84:$E$108,$B$84:$B$108,22,$C$84:$C$108,P22),"") | Q119: =IF(Q130=1,SUMIFS($E$84:$E$108,$B$84:$B$108,22,$C$84:$C$108,Q22),"") | ... AC119: =IF(AC130=1,SUMIFS($E$84:$E$108,$B$84:$B$108,22,$C$84:$C$108,AC22),"")
B120: 보22 통제 근거점수 | J120: =IF(J130=1,SUMIFS($F$84:$F$108,$B$84:$B$108,22,$C$84:$C$108,J22),"") | K120: =IF(K130=1,SUMIFS($F$84:$F$108,$B$84:$B$108,22,$C$84:$C$108,K22),"") | L120: =IF(L130=1,SUMIFS($F$84:$F$108,$B$84:$B$108,22,$C$84:$C$108,L22),"") | M120: =IF(M130=1,SUMIFS($F$84:$F$108,$B$84:$B$108,22,$C$84:$C$108,M22),"") | N120: =IF(N130=1,SUMIFS($F$84:$F$108,$B$84:$B$108,22,$C$84:$C$108,N22),"") | O120: =IF(O130=1,SUMIFS($F$84:$F$108,$B$84:$B$108,22,$C$84:$C$108,O22),"") | P120: =IF(P130=1,SUMIFS($F$84:$F$108,$B$84:$B$108,22,$C$84:$C$108,P22),"") | Q120: =IF(Q130=1,SUMIFS($F$84:$F$108,$B$84:$B$108,22,$C$84:$C$108,Q22),"") | ... AC120: =IF(AC130=1,SUMIFS($F$84:$F$108,$B$84:$B$108,22,$C$84:$C$108,AC22),"")
B121: 보23 허용 근거점수 | J121: =IF(J131=1,SUMIFS($D$84:$D$108,$B$84:$B$108,23,$C$84:$C$108,J23),"") | K121: =IF(K131=1,SUMIFS($D$84:$D$108,$B$84:$B$108,23,$C$84:$C$108,K23),"") | L121: =IF(L131=1,SUMIFS($D$84:$D$108,$B$84:$B$108,23,$C$84:$C$108,L23),"") | M121: =IF(M131=1,SUMIFS($D$84:$D$108,$B$84:$B$108,23,$C$84:$C$108,M23),"") | N121: =IF(N131=1,SUMIFS($D$84:$D$108,$B$84:$B$108,23,$C$84:$C$108,N23),"") | O121: =IF(O131=1,SUMIFS($D$84:$D$108,$B$84:$B$108,23,$C$84:$C$108,O23),"") | P121: =IF(P131=1,SUMIFS($D$84:$D$108,$B$84:$B$108,23,$C$84:$C$108,P23),"") | Q121: =IF(Q131=1,SUMIFS($D$84:$D$108,$B$84:$B$108,23,$C$84:$C$108,Q23),"") | ... AC121: =IF(AC131=1,SUMIFS($D$84:$D$108,$B$84:$B$108,23,$C$84:$C$108,AC23),"")
B122: 보23 조율 근거점수 | J122: =IF(J131=1,SUMIFS($E$84:$E$108,$B$84:$B$108,23,$C$84:$C$108,J23),"") | K122: =IF(K131=1,SUMIFS($E$84:$E$108,$B$84:$B$108,23,$C$84:$C$108,K23),"") | L122: =IF(L131=1,SUMIFS($E$84:$E$108,$B$84:$B$108,23,$C$84:$C$108,L23),"") | M122: =IF(M131=1,SUMIFS($E$84:$E$108,$B$84:$B$108,23,$C$84:$C$108,M23),"") | N122: =IF(N131=1,SUMIFS($E$84:$E$108,$B$84:$B$108,23,$C$84:$C$108,N23),"") | O122: =IF(O131=1,SUMIFS($E$84:$E$108,$B$84:$B$108,23,$C$84:$C$108,O23),"") | P122: =IF(P131=1,SUMIFS($E$84:$E$108,$B$84:$B$108,23,$C$84:$C$108,P23),"") | Q122: =IF(Q131=1,SUMIFS($E$84:$E$108,$B$84:$B$108,23,$C$84:$C$108,Q23),"") | ... AC122: =IF(AC131=1,SUMIFS($E$84:$E$108,$B$84:$B$108,23,$C$84:$C$108,AC23),"")
B123: 보23 통제 근거점수 | J123: =IF(J131=1,SUMIFS($F$84:$F$108,$B$84:$B$108,23,$C$84:$C$108,J23),"") | K123: =IF(K131=1,SUMIFS($F$84:$F$108,$B$84:$B$108,23,$C$84:$C$108,K23),"") | L123: =IF(L131=1,SUMIFS($F$84:$F$108,$B$84:$B$108,23,$C$84:$C$108,L23),"") | M123: =IF(M131=1,SUMIFS($F$84:$F$108,$B$84:$B$108,23,$C$84:$C$108,M23),"") | N123: =IF(N131=1,SUMIFS($F$84:$F$108,$B$84:$B$108,23,$C$84:$C$108,N23),"") | O123: =IF(O131=1,SUMIFS($F$84:$F$108,$B$84:$B$108,23,$C$84:$C$108,O23),"") | P123: =IF(P131=1,SUMIFS($F$84:$F$108,$B$84:$B$108,23,$C$84:$C$108,P23),"") | Q123: =IF(Q131=1,SUMIFS($F$84:$F$108,$B$84:$B$108,23,$C$84:$C$108,Q23),"") | ... AC123: =IF(AC131=1,SUMIFS($F$84:$F$108,$B$84:$B$108,23,$C$84:$C$108,AC23),"")
B124: 보24 허용 근거점수 | J124: =IF(J132=1,SUMIFS($D$84:$D$108,$B$84:$B$108,24,$C$84:$C$108,J24),"") | K124: =IF(K132=1,SUMIFS($D$84:$D$108,$B$84:$B$108,24,$C$84:$C$108,K24),"") | L124: =IF(L132=1,SUMIFS($D$84:$D$108,$B$84:$B$108,24,$C$84:$C$108,L24),"") | M124: =IF(M132=1,SUMIFS($D$84:$D$108,$B$84:$B$108,24,$C$84:$C$108,M24),"") | N124: =IF(N132=1,SUMIFS($D$84:$D$108,$B$84:$B$108,24,$C$84:$C$108,N24),"") | O124: =IF(O132=1,SUMIFS($D$84:$D$108,$B$84:$B$108,24,$C$84:$C$108,O24),"") | P124: =IF(P132=1,SUMIFS($D$84:$D$108,$B$84:$B$108,24,$C$84:$C$108,P24),"") | Q124: =IF(Q132=1,SUMIFS($D$84:$D$108,$B$84:$B$108,24,$C$84:$C$108,Q24),"") | ... AC124: =IF(AC132=1,SUMIFS($D$84:$D$108,$B$84:$B$108,24,$C$84:$C$108,AC24),"")
B125: 보24 조율 근거점수 | J125: =IF(J132=1,SUMIFS($E$84:$E$108,$B$84:$B$108,24,$C$84:$C$108,J24),"") | K125: =IF(K132=1,SUMIFS($E$84:$E$108,$B$84:$B$108,24,$C$84:$C$108,K24),"") | L125: =IF(L132=1,SUMIFS($E$84:$E$108,$B$84:$B$108,24,$C$84:$C$108,L24),"") | M125: =IF(M132=1,SUMIFS($E$84:$E$108,$B$84:$B$108,24,$C$84:$C$108,M24),"") | N125: =IF(N132=1,SUMIFS($E$84:$E$108,$B$84:$B$108,24,$C$84:$C$108,N24),"") | O125: =IF(O132=1,SUMIFS($E$84:$E$108,$B$84:$B$108,24,$C$84:$C$108,O24),"") | P125: =IF(P132=1,SUMIFS($E$84:$E$108,$B$84:$B$108,24,$C$84:$C$108,P24),"") | Q125: =IF(Q132=1,SUMIFS($E$84:$E$108,$B$84:$B$108,24,$C$84:$C$108,Q24),"") | ... AC125: =IF(AC132=1,SUMIFS($E$84:$E$108,$B$84:$B$108,24,$C$84:$C$108,AC24),"")
B126: 보24 통제 근거점수 | J126: =IF(J132=1,SUMIFS($F$84:$F$108,$B$84:$B$108,24,$C$84:$C$108,J24),"") | K126: =IF(K132=1,SUMIFS($F$84:$F$108,$B$84:$B$108,24,$C$84:$C$108,K24),"") | L126: =IF(L132=1,SUMIFS($F$84:$F$108,$B$84:$B$108,24,$C$84:$C$108,L24),"") | M126: =IF(M132=1,SUMIFS($F$84:$F$108,$B$84:$B$108,24,$C$84:$C$108,M24),"") | N126: =IF(N132=1,SUMIFS($F$84:$F$108,$B$84:$B$108,24,$C$84:$C$108,N24),"") | O126: =IF(O132=1,SUMIFS($F$84:$F$108,$B$84:$B$108,24,$C$84:$C$108,O24),"") | P126: =IF(P132=1,SUMIFS($F$84:$F$108,$B$84:$B$108,24,$C$84:$C$108,P24),"") | Q126: =IF(Q132=1,SUMIFS($F$84:$F$108,$B$84:$B$108,24,$C$84:$C$108,Q24),"") | ... AC126: =IF(AC132=1,SUMIFS($F$84:$F$108,$B$84:$B$108,24,$C$84:$C$108,AC24),"")
...

Sheet 6_행사전문가의견
A1: 행사 관찰 의견
A2: 관찰한 영역만 적고 관찰자·일자와 완료 표시를 남깁니다. 완료된 의견은 해당 영역의 리포트에 우선 반영하며, 빈 영역은 기존 AI 관찰 근거를 사용합니다. 입장 판단도 각 대상의 같은 입력란에서 작성합니다.
A5: 번호 | B5: 반려견 | C5: 기록 상태 | D5: 입력 위치 | E5: 관찰자·일자 | F5: 입장 판단
A6: 1 | B6: =IF(LEN(TRIM(여러쌍비교!B6&""))=0,"",여러쌍비교!B6) | C6: =E40 -> 미작성 | D6: =HYPERLINK("#'6_행사전문가의견'!A30","1번 작성") -> 1번 작성 | E6: =IF(LEN(TRIM(C31&""))=0,"",C31) | F6: =IF(LEN(TRIM(B42&""))=0,"미입력",IF(E40<>"완료","작성 중",IF(AND(OR(B42="주저함 · 거리를 벌림",B42="뚜렷한 치우침 없음",B42="살피지 않고 들이닥침",B42="자극에 따라 다름",B42="판단보류"),LEN(TRIM(B43&""))>0),"반영","입력 확인"))) -> 미입력
A7: 2 | B7: =IF(LEN(TRIM(여러쌍비교!B7&""))=0,"",여러쌍비교!B7) | C7: =E56 -> 미작성 | D7: =HYPERLINK("#'6_행사전문가의견'!A46","2번 작성") -> 2번 작성 | E7: =IF(LEN(TRIM(C47&""))=0,"",C47) | F7: =IF(LEN(TRIM(B58&""))=0,"미입력",IF(E56<>"완료","작성 중",IF(AND(OR(B58="주저함 · 거리를 벌림",B58="뚜렷한 치우침 없음",B58="살피지 않고 들이닥침",B58="자극에 따라 다름",B58="판단보류"),LEN(TRIM(B59&""))>0),"반영","입력 확인"))) -> 미입력
A8: 3 | B8: =IF(LEN(TRIM(여러쌍비교!B8&""))=0,"",여러쌍비교!B8) | C8: =E72 -> 미작성 | D8: =HYPERLINK("#'6_행사전문가의견'!A62","3번 작성") -> 3번 작성 | E8: =IF(LEN(TRIM(C63&""))=0,"",C63) | F8: =IF(LEN(TRIM(B74&""))=0,"미입력",IF(E72<>"완료","작성 중",IF(AND(OR(B74="주저함 · 거리를 벌림",B74="뚜렷한 치우침 없음",B74="살피지 않고 들이닥침",B74="자극에 따라 다름",B74="판단보류"),LEN(TRIM(B75&""))>0),"반영","입력 확인"))) -> 미입력
A9: 4 | B9: =IF(LEN(TRIM(여러쌍비교!B9&""))=0,"",여러쌍비교!B9) | C9: =E88 -> 미작성 | D9: =HYPERLINK("#'6_행사전문가의견'!A78","4번 작성") -> 4번 작성 | E9: =IF(LEN(TRIM(C79&""))=0,"",C79) | F9: =IF(LEN(TRIM(B90&""))=0,"미입력",IF(E88<>"완료","작성 중",IF(AND(OR(B90="주저함 · 거리를 벌림",B90="뚜렷한 치우침 없음",B90="살피지 않고 들이닥침",B90="자극에 따라 다름",B90="판단보류"),LEN(TRIM(B91&""))>0),"반영","입력 확인"))) -> 미입력
A10: 5 | B10: =IF(LEN(TRIM(여러쌍비교!B10&""))=0,"",여러쌍비교!B10) | C10: =E104 -> 미작성 | D10: =HYPERLINK("#'6_행사전문가의견'!A94","5번 작성") -> 5번 작성 | E10: =IF(LEN(TRIM(C95&""))=0,"",C95) | F10: =IF(LEN(TRIM(B106&""))=0,"미입력",IF(E104<>"완료","작성 중",IF(AND(OR(B106="주저함 · 거리를 벌림",B106="뚜렷한 치우침 없음",B106="살피지 않고 들이닥침",B106="자극에 따라 다름",B106="판단보류"),LEN(TRIM(B107&""))>0),"반영","입력 확인"))) -> 미입력
A11: 6 | B11: =IF(LEN(TRIM(여러쌍비교!B11&""))=0,"",여러쌍비교!B11) | C11: =E120 -> 미작성 | D11: =HYPERLINK("#'6_행사전문가의견'!A110","6번 작성") -> 6번 작성 | E11: =IF(LEN(TRIM(C111&""))=0,"",C111) | F11: =IF(LEN(TRIM(B122&""))=0,"미입력",IF(E120<>"완료","작성 중",IF(AND(OR(B122="주저함 · 거리를 벌림",B122="뚜렷한 치우침 없음",B122="살피지 않고 들이닥침",B122="자극에 따라 다름",B122="판단보류"),LEN(TRIM(B123&""))>0),"반영","입력 확인"))) -> 미입력
A12: 7 | B12: =IF(LEN(TRIM(여러쌍비교!B12&""))=0,"",여러쌍비교!B12) | C12: =E136 -> 미작성 | D12: =HYPERLINK("#'6_행사전문가의견'!A126","7번 작성") -> 7번 작성 | E12: =IF(LEN(TRIM(C127&""))=0,"",C127) | F12: =IF(LEN(TRIM(B138&""))=0,"미입력",IF(E136<>"완료","작성 중",IF(AND(OR(B138="주저함 · 거리를 벌림",B138="뚜렷한 치우침 없음",B138="살피지 않고 들이닥침",B138="자극에 따라 다름",B138="판단보류"),LEN(TRIM(B139&""))>0),"반영","입력 확인"))) -> 미입력
A13: 8 | B13: =IF(LEN(TRIM(여러쌍비교!B13&""))=0,"",여러쌍비교!B13) | C13: =E152 -> 미작성 | D13: =HYPERLINK("#'6_행사전문가의견'!A142","8번 작성") -> 8번 작성 | E13: =IF(LEN(TRIM(C143&""))=0,"",C143) | F13: =IF(LEN(TRIM(B154&""))=0,"미입력",IF(E152<>"완료","작성 중",IF(AND(OR(B154="주저함 · 거리를 벌림",B154="뚜렷한 치우침 없음",B154="살피지 않고 들이닥침",B154="자극에 따라 다름",B154="판단보류"),LEN(TRIM(B155&""))>0),"반영","입력 확인"))) -> 미입력
A14: 9 | B14: =IF(LEN(TRIM(여러쌍비교!B14&""))=0,"",여러쌍비교!B14) | C14: =E168 -> 미작성 | D14: =HYPERLINK("#'6_행사전문가의견'!A158","9번 작성") -> 9번 작성 | E14: =IF(LEN(TRIM(C159&""))=0,"",C159) | F14: =IF(LEN(TRIM(B170&""))=0,"미입력",IF(E168<>"완료","작성 중",IF(AND(OR(B170="주저함 · 거리를 벌림",B170="뚜렷한 치우침 없음",B170="살피지 않고 들이닥침",B170="자극에 따라 다름",B170="판단보류"),LEN(TRIM(B171&""))>0),"반영","입력 확인"))) -> 미입력
A15: 10 | B15: =IF(LEN(TRIM(여러쌍비교!B15&""))=0,"",여러쌍비교!B15) | C15: =E184 -> 미작성 | D15: =HYPERLINK("#'6_행사전문가의견'!A174","10번 작성") -> 10번 작성 | E15: =IF(LEN(TRIM(C175&""))=0,"",C175) | F15: =IF(LEN(TRIM(B186&""))=0,"미입력",IF(E184<>"완료","작성 중",IF(AND(OR(B186="주저함 · 거리를 벌림",B186="뚜렷한 치우침 없음",B186="살피지 않고 들이닥침",B186="자극에 따라 다름",B186="판단보류"),LEN(TRIM(B187&""))>0),"반영","입력 확인"))) -> 미입력
A16: 11 | B16: =IF(LEN(TRIM(여러쌍비교!B16&""))=0,"",여러쌍비교!B16) | C16: =E200 -> 미작성 | D16: =HYPERLINK("#'6_행사전문가의견'!A190","11번 작성") -> 11번 작성 | E16: =IF(LEN(TRIM(C191&""))=0,"",C191) | F16: =IF(LEN(TRIM(B202&""))=0,"미입력",IF(E200<>"완료","작성 중",IF(AND(OR(B202="주저함 · 거리를 벌림",B202="뚜렷한 치우침 없음",B202="살피지 않고 들이닥침",B202="자극에 따라 다름",B202="판단보류"),LEN(TRIM(B203&""))>0),"반영","입력 확인"))) -> 미입력
A17: 12 | B17: =IF(LEN(TRIM(여러쌍비교!B17&""))=0,"",여러쌍비교!B17) | C17: =E216 -> 미작성 | D17: =HYPERLINK("#'6_행사전문가의견'!A206","12번 작성") -> 12번 작성 | E17: =IF(LEN(TRIM(C207&""))=0,"",C207) | F17: =IF(LEN(TRIM(B218&""))=0,"미입력",IF(E216<>"완료","작성 중",IF(AND(OR(B218="주저함 · 거리를 벌림",B218="뚜렷한 치우침 없음",B218="살피지 않고 들이닥침",B218="자극에 따라 다름",B218="판단보류"),LEN(TRIM(B219&""))>0),"반영","입력 확인"))) -> 미입력
A18: 13 | B18: =IF(LEN(TRIM(여러쌍비교!B18&""))=0,"",여러쌍비교!B18) | C18: =E232 -> 미작성 | D18: =HYPERLINK("#'6_행사전문가의견'!A222","13번 작성") -> 13번 작성 | E18: =IF(LEN(TRIM(C223&""))=0,"",C223) | F18: =IF(LEN(TRIM(B234&""))=0,"미입력",IF(E232<>"완료","작성 중",IF(AND(OR(B234="주저함 · 거리를 벌림",B234="뚜렷한 치우침 없음",B234="살피지 않고 들이닥침",B234="자극에 따라 다름",B234="판단보류"),LEN(TRIM(B235&""))>0),"반영","입력 확인"))) -> 미입력
A19: 14 | B19: =IF(LEN(TRIM(여러쌍비교!B19&""))=0,"",여러쌍비교!B19) | C19: =E248 -> 미작성 | D19: =HYPERLINK("#'6_행사전문가의견'!A238","14번 작성") -> 14번 작성 | E19: =IF(LEN(TRIM(C239&""))=0,"",C239) | F19: =IF(LEN(TRIM(B250&""))=0,"미입력",IF(E248<>"완료","작성 중",IF(AND(OR(B250="주저함 · 거리를 벌림",B250="뚜렷한 치우침 없음",B250="살피지 않고 들이닥침",B250="자극에 따라 다름",B250="판단보류"),LEN(TRIM(B251&""))>0),"반영","입력 확인"))) -> 미입력
A20: 15 | B20: =IF(LEN(TRIM(여러쌍비교!B20&""))=0,"",여러쌍비교!B20) | C20: =E264 -> 미작성 | D20: =HYPERLINK("#'6_행사전문가의견'!A254","15번 작성") -> 15번 작성 | E20: =IF(LEN(TRIM(C255&""))=0,"",C255) | F20: =IF(LEN(TRIM(B266&""))=0,"미입력",IF(E264<>"완료","작성 중",IF(AND(OR(B266="주저함 · 거리를 벌림",B266="뚜렷한 치우침 없음",B266="살피지 않고 들이닥침",B266="자극에 따라 다름",B266="판단보류"),LEN(TRIM(B267&""))>0),"반영","입력 확인"))) -> 미입력
A21: 16 | B21: =IF(LEN(TRIM(여러쌍비교!B21&""))=0,"",여러쌍비교!B21) | C21: =E280 -> 미작성 | D21: =HYPERLINK("#'6_행사전문가의견'!A270","16번 작성") -> 16번 작성 | E21: =IF(LEN(TRIM(C271&""))=0,"",C271) | F21: =IF(LEN(TRIM(B282&""))=0,"미입력",IF(E280<>"완료","작성 중",IF(AND(OR(B282="주저함 · 거리를 벌림",B282="뚜렷한 치우침 없음",B282="살피지 않고 들이닥침",B282="자극에 따라 다름",B282="판단보류"),LEN(TRIM(B283&""))>0),"반영","입력 확인"))) -> 미입력
A22: 17 | B22: =IF(LEN(TRIM(여러쌍비교!B22&""))=0,"",여러쌍비교!B22) | C22: =E296 -> 미작성 | D22: =HYPERLINK("#'6_행사전문가의견'!A286","17번 작성") -> 17번 작성 | E22: =IF(LEN(TRIM(C287&""))=0,"",C287) | F22: =IF(LEN(TRIM(B298&""))=0,"미입력",IF(E296<>"완료","작성 중",IF(AND(OR(B298="주저함 · 거리를 벌림",B298="뚜렷한 치우침 없음",B298="살피지 않고 들이닥침",B298="자극에 따라 다름",B298="판단보류"),LEN(TRIM(B299&""))>0),"반영","입력 확인"))) -> 미입력
A23: 18 | B23: =IF(LEN(TRIM(여러쌍비교!B23&""))=0,"",여러쌍비교!B23) | C23: =E312 -> 미작성 | D23: =HYPERLINK("#'6_행사전문가의견'!A302","18번 작성") -> 18번 작성 | E23: =IF(LEN(TRIM(C303&""))=0,"",C303) | F23: =IF(LEN(TRIM(B314&""))=0,"미입력",IF(E312<>"완료","작성 중",IF(AND(OR(B314="주저함 · 거리를 벌림",B314="뚜렷한 치우침 없음",B314="살피지 않고 들이닥침",B314="자극에 따라 다름",B314="판단보류"),LEN(TRIM(B315&""))>0),"반영","입력 확인"))) -> 미입력
A24: 19 | B24: =IF(LEN(TRIM(여러쌍비교!B24&""))=0,"",여러쌍비교!B24) | C24: =E328 -> 미작성 | D24: =HYPERLINK("#'6_행사전문가의견'!A318","19번 작성") -> 19번 작성 | E24: =IF(LEN(TRIM(C319&""))=0,"",C319) | F24: =IF(LEN(TRIM(B330&""))=0,"미입력",IF(E328<>"완료","작성 중",IF(AND(OR(B330="주저함 · 거리를 벌림",B330="뚜렷한 치우침 없음",B330="살피지 않고 들이닥침",B330="자극에 따라 다름",B330="판단보류"),LEN(TRIM(B331&""))>0),"반영","입력 확인"))) -> 미입력
A25: 20 | B25: =IF(LEN(TRIM(여러쌍비교!B25&""))=0,"",여러쌍비교!B25) | C25: =E344 -> 미작성 | D25: =HYPERLINK("#'6_행사전문가의견'!A334","20번 작성") -> 20번 작성 | E25: =IF(LEN(TRIM(C335&""))=0,"",C335) | F25: =IF(LEN(TRIM(B346&""))=0,"미입력",IF(E344<>"완료","작성 중",IF(AND(OR(B346="주저함 · 거리를 벌림",B346="뚜렷한 치우침 없음",B346="살피지 않고 들이닥침",B346="자극에 따라 다름",B346="판단보류"),LEN(TRIM(B347&""))>0),"반영","입력 확인"))) -> 미입력
A30: ="1번 "&IF(LEN(TRIM(여러쌍비교!B6&""))=0,"이름 미입력",여러쌍비교!B6) -> 1번 이름 미입력
A31: 관찰자·일자
A32: 영역 | B32: 관찰할 내용 | D32: 관찰 의견
A33: 애착·관계 | B33: 분리 초기·이후, 재회·접촉, 보호자와 함께 있을 때의 모습
A34: 보호자 교육태도 | B34: 개 행동에 맞춤, 신호에 따른 대응 변화, 지시·제한
A35: 사람에 대한 사회성 | B35: 낯선 사람의 접근·부름·접촉·퇴장에 대한 반응
A36: 비사회적 두려움 | B36: 바닥·물건·소리 등 비사회적 자극에 보인 두려움 반응
A37: 환경 적응·회복 | B37: 첫 반응 이후의 변화와 도움이 된 대응. 실제 시각 확인
A38: 개의 성향 | B38: 이번 시행의 활동·접근·차분함 등. 고정된 성격으로 단정하지 않음
A39: 가장 먼저 도와줄 부분
A40: 작성 표시 | D40: 기록 상태 | E40: =IF(B40="완료",IF(LEN(TRIM(C31&""))=0,"관찰자·일자 미기록",IF(OR(LEN(TRIM(D33&""))+LEN(TRIM(D34&""))+LEN(TRIM(D35&""))+LEN(TRIM(D36&""))+LEN(TRIM(D37&""))+LEN(TRIM(D38&""))>0,AND(OR(B42="주저함 · 거리를 벌림",B42="뚜렷한 치우침 없음",B42="살피지 않고 들이닥침",B42="자극에 따라 다름",B42="판단보류"),LEN(TRIM(B43&""))>0)),"완료","의견·입장 근거 미기록")),IF(OR(B40="작성 중",LEN(TRIM(D33&""))+LEN(TRIM(D34&""))+LEN(TRIM(D35&""))+LEN(TRIM(D36&""))+LEN(TRIM(D37&""))+LEN(TRIM(D38&""))>0,LEN(TRIM(C31&""))>0,LEN(TRIM(B42&""))>0,LEN(TRIM(B43&""))>0),"작성 중","미작성")) -> 미작성
A41: 빈 영역은 AI 근거를 사용합니다. 원점수와 기본 유형은 보존하고 리포트 해석에서 의견을 우선 반영합니다.
A42: 입장 판단 (선택) | D42: 선택 시 아래 근거·시각도 기록
A43: 입장 근거·시각
A46: ="2번 "&IF(LEN(TRIM(여러쌍비교!B7&""))=0,"이름 미입력",여러쌍비교!B7) -> 2번 이름 미입력
A47: 관찰자·일자
A48: 영역 | B48: 관찰할 내용 | D48: 관찰 의견
A49: 애착·관계 | B49: 분리 초기·이후, 재회·접촉, 보호자와 함께 있을 때의 모습
A50: 보호자 교육태도 | B50: 개 행동에 맞춤, 신호에 따른 대응 변화, 지시·제한
A51: 사람에 대한 사회성 | B51: 낯선 사람의 접근·부름·접촉·퇴장에 대한 반응
A52: 비사회적 두려움 | B52: 바닥·물건·소리 등 비사회적 자극에 보인 두려움 반응
A53: 환경 적응·회복 | B53: 첫 반응 이후의 변화와 도움이 된 대응. 실제 시각 확인
A54: 개의 성향 | B54: 이번 시행의 활동·접근·차분함 등. 고정된 성격으로 단정하지 않음
A55: 가장 먼저 도와줄 부분
A56: 작성 표시 | D56: 기록 상태 | E56: =IF(B56="완료",IF(LEN(TRIM(C47&""))=0,"관찰자·일자 미기록",IF(OR(LEN(TRIM(D49&""))+LEN(TRIM(D50&""))+LEN(TRIM(D51&""))+LEN(TRIM(D52&""))+LEN(TRIM(D53&""))+LEN(TRIM(D54&""))>0,AND(OR(B58="주저함 · 거리를 벌림",B58="뚜렷한 치우침 없음",B58="살피지 않고 들이닥침",B58="자극에 따라 다름",B58="판단보류"),LEN(TRIM(B59&""))>0)),"완료","의견·입장 근거 미기록")),IF(OR(B56="작성 중",LEN(TRIM(D49&""))+LEN(TRIM(D50&""))+LEN(TRIM(D51&""))+LEN(TRIM(D52&""))+LEN(TRIM(D53&""))+LEN(TRIM(D54&""))>0,LEN(TRIM(C47&""))>0,LEN(TRIM(B58&""))>0,LEN(TRIM(B59&""))>0),"작성 중","미작성")) -> 미작성
A57: 빈 영역은 AI 근거를 사용합니다. 원점수와 기본 유형은 보존하고 리포트 해석에서 의견을 우선 반영합니다.
A58: 입장 판단 (선택) | D58: 선택 시 아래 근거·시각도 기록
A59: 입장 근거·시각
A62: ="3번 "&IF(LEN(TRIM(여러쌍비교!B8&""))=0,"이름 미입력",여러쌍비교!B8) -> 3번 이름 미입력
A63: 관찰자·일자
A64: 영역 | B64: 관찰할 내용 | D64: 관찰 의견
A65: 애착·관계 | B65: 분리 초기·이후, 재회·접촉, 보호자와 함께 있을 때의 모습
A66: 보호자 교육태도 | B66: 개 행동에 맞춤, 신호에 따른 대응 변화, 지시·제한
A67: 사람에 대한 사회성 | B67: 낯선 사람의 접근·부름·접촉·퇴장에 대한 반응
A68: 비사회적 두려움 | B68: 바닥·물건·소리 등 비사회적 자극에 보인 두려움 반응
A69: 환경 적응·회복 | B69: 첫 반응 이후의 변화와 도움이 된 대응. 실제 시각 확인
A70: 개의 성향 | B70: 이번 시행의 활동·접근·차분함 등. 고정된 성격으로 단정하지 않음
A71: 가장 먼저 도와줄 부분
A72: 작성 표시 | D72: 기록 상태 | E72: =IF(B72="완료",IF(LEN(TRIM(C63&""))=0,"관찰자·일자 미기록",IF(OR(LEN(TRIM(D65&""))+LEN(TRIM(D66&""))+LEN(TRIM(D67&""))+LEN(TRIM(D68&""))+LEN(TRIM(D69&""))+LEN(TRIM(D70&""))>0,AND(OR(B74="주저함 · 거리를 벌림",B74="뚜렷한 치우침 없음",B74="살피지 않고 들이닥침",B74="자극에 따라 다름",B74="판단보류"),LEN(TRIM(B75&""))>0)),"완료","의견·입장 근거 미기록")),IF(OR(B72="작성 중",LEN(TRIM(D65&""))+LEN(TRIM(D66&""))+LEN(TRIM(D67&""))+LEN(TRIM(D68&""))+LEN(TRIM(D69&""))+LEN(TRIM(D70&""))>0,LEN(TRIM(C63&""))>0,LEN(TRIM(B74&""))>0,LEN(TRIM(B75&""))>0),"작성 중","미작성")) -> 미작성
A73: 빈 영역은 AI 근거를 사용합니다. 원점수와 기본 유형은 보존하고 리포트 해석에서 의견을 우선 반영합니다.
A74: 입장 판단 (선택) | D74: 선택 시 아래 근거·시각도 기록
A75: 입장 근거·시각
A78: ="4번 "&IF(LEN(TRIM(여러쌍비교!B9&""))=0,"이름 미입력",여러쌍비교!B9) -> 4번 이름 미입력
A79: 관찰자·일자
A80: 영역 | B80: 관찰할 내용 | D80: 관찰 의견
A81: 애착·관계 | B81: 분리 초기·이후, 재회·접촉, 보호자와 함께 있을 때의 모습
A82: 보호자 교육태도 | B82: 개 행동에 맞춤, 신호에 따른 대응 변화, 지시·제한
A83: 사람에 대한 사회성 | B83: 낯선 사람의 접근·부름·접촉·퇴장에 대한 반응
A84: 비사회적 두려움 | B84: 바닥·물건·소리 등 비사회적 자극에 보인 두려움 반응
A85: 환경 적응·회복 | B85: 첫 반응 이후의 변화와 도움이 된 대응. 실제 시각 확인
A86: 개의 성향 | B86: 이번 시행의 활동·접근·차분함 등. 고정된 성격으로 단정하지 않음
A87: 가장 먼저 도와줄 부분
A88: 작성 표시 | D88: 기록 상태 | E88: =IF(B88="완료",IF(LEN(TRIM(C79&""))=0,"관찰자·일자 미기록",IF(OR(LEN(TRIM(D81&""))+LEN(TRIM(D82&""))+LEN(TRIM(D83&""))+LEN(TRIM(D84&""))+LEN(TRIM(D85&""))+LEN(TRIM(D86&""))>0,AND(OR(B90="주저함 · 거리를 벌림",B90="뚜렷한 치우침 없음",B90="살피지 않고 들이닥침",B90="자극에 따라 다름",B90="판단보류"),LEN(TRIM(B91&""))>0)),"완료","의견·입장 근거 미기록")),IF(OR(B88="작성 중",LEN(TRIM(D81&""))+LEN(TRIM(D82&""))+LEN(TRIM(D83&""))+LEN(TRIM(D84&""))+LEN(TRIM(D85&""))+LEN(TRIM(D86&""))>0,LEN(TRIM(C79&""))>0,LEN(TRIM(B90&""))>0,LEN(TRIM(B91&""))>0),"작성 중","미작성")) -> 미작성
A89: 빈 영역은 AI 근거를 사용합니다. 원점수와 기본 유형은 보존하고 리포트 해석에서 의견을 우선 반영합니다.
A90: 입장 판단 (선택) | D90: 선택 시 아래 근거·시각도 기록
A91: 입장 근거·시각
A94: ="5번 "&IF(LEN(TRIM(여러쌍비교!B10&""))=0,"이름 미입력",여러쌍비교!B10) -> 5번 이름 미입력
A95: 관찰자·일자
A96: 영역 | B96: 관찰할 내용 | D96: 관찰 의견
A97: 애착·관계 | B97: 분리 초기·이후, 재회·접촉, 보호자와 함께 있을 때의 모습
A98: 보호자 교육태도 | B98: 개 행동에 맞춤, 신호에 따른 대응 변화, 지시·제한
A99: 사람에 대한 사회성 | B99: 낯선 사람의 접근·부름·접촉·퇴장에 대한 반응
A100: 비사회적 두려움 | B100: 바닥·물건·소리 등 비사회적 자극에 보인 두려움 반응
A101: 환경 적응·회복 | B101: 첫 반응 이후의 변화와 도움이 된 대응. 실제 시각 확인
A102: 개의 성향 | B102: 이번 시행의 활동·접근·차분함 등. 고정된 성격으로 단정하지 않음
A103: 가장 먼저 도와줄 부분
A104: 작성 표시 | D104: 기록 상태 | E104: =IF(B104="완료",IF(LEN(TRIM(C95&""))=0,"관찰자·일자 미기록",IF(OR(LEN(TRIM(D97&""))+LEN(TRIM(D98&""))+LEN(TRIM(D99&""))+LEN(TRIM(D100&""))+LEN(TRIM(D101&""))+LEN(TRIM(D102&""))>0,AND(OR(B106="주저함 · 거리를 벌림",B106="뚜렷한 치우침 없음",B106="살피지 않고 들이닥침",B106="자극에 따라 다름",B106="판단보류"),LEN(TRIM(B107&""))>0)),"완료","의견·입장 근거 미기록")),IF(OR(B104="작성 중",LEN(TRIM(D97&""))+LEN(TRIM(D98&""))+LEN(TRIM(D99&""))+LEN(TRIM(D100&""))+LEN(TRIM(D101&""))+LEN(TRIM(D102&""))>0,LEN(TRIM(C95&""))>0,LEN(TRIM(B106&""))>0,LEN(TRIM(B107&""))>0),"작성 중","미작성")) -> 미작성
A105: 빈 영역은 AI 근거를 사용합니다. 원점수와 기본 유형은 보존하고 리포트 해석에서 의견을 우선 반영합니다.
A106: 입장 판단 (선택) | D106: 선택 시 아래 근거·시각도 기록
A107: 입장 근거·시각
A110: ="6번 "&IF(LEN(TRIM(여러쌍비교!B11&""))=0,"이름 미입력",여러쌍비교!B11) -> 6번 이름 미입력
A111: 관찰자·일자
A112: 영역 | B112: 관찰할 내용 | D112: 관찰 의견
A113: 애착·관계 | B113: 분리 초기·이후, 재회·접촉, 보호자와 함께 있을 때의 모습
A114: 보호자 교육태도 | B114: 개 행동에 맞춤, 신호에 따른 대응 변화, 지시·제한
A115: 사람에 대한 사회성 | B115: 낯선 사람의 접근·부름·접촉·퇴장에 대한 반응
A116: 비사회적 두려움 | B116: 바닥·물건·소리 등 비사회적 자극에 보인 두려움 반응
...

Sheet 한마리상세
A1: 한 마리 결과와 원항목 조회
A3: 대상 번호 | B3: 1 | D3: 반려견 | E3: =IF(LEN(TRIM(INDEX(여러쌍비교!$B$6:$B$25,$B$3)&""))=0,"이름 미입력",INDEX(여러쌍비교!$B$6:$B$25,$B$3)) -> 이름 미입력
A5: 리포트에 사용할 우선 근거
A6: 입장 판단 | B6: =IF(LEN(TRIM(INDEX(여러쌍비교!$CC$6:$CC$25,$B$3)&""))=0,"",INDEX(여러쌍비교!$CC$6:$CC$25,$B$3)) -> 자료 부족
A7: 애착·관계 | B7: =IF(LEN(TRIM(INDEX(여러쌍비교!$CL$6:$CL$25,$B$3)&""))=0,"",INDEX(여러쌍비교!$CL$6:$CL$25,$B$3)) -> 분리 초기: 자료 부족 / 분리 이후: 자료 부족 / 변화: 미채점 / 분리·재회·무시 보조: 조건 미확인 / 재회·무시 패턴: 조건 미확인
A8: 보호자 교육태도 | B8: =IF(LEN(TRIM(INDEX(여러쌍비교!$CM$6:$CM$25,$B$3)&""))=0,"",INDEX(여러쌍비교!$CM$6:$CM$25,$B$3)) -> 판정보류 (자동 초안 · 근거 비율 미산출)
A9: 사람에 대한 사회성 | B9: =IF(LEN(TRIM(INDEX(여러쌍비교!$CN$6:$CN$25,$B$3)&""))=0,"",INDEX(여러쌍비교!$CN$6:$CN$25,$B$3)) -> 자료 부족
A10: 비사회적 두려움 | B10: =IF(LEN(TRIM(INDEX(여러쌍비교!$CS$6:$CS$25,$B$3)&""))=0,"",INDEX(여러쌍비교!$CS$6:$CS$25,$B$3))
A11: 환경 적응·회복 | B11: =IF(LEN(TRIM(INDEX(여러쌍비교!$CO$6:$CO$25,$B$3)&""))=0,"",INDEX(여러쌍비교!$CO$6:$CO$25,$B$3)) -> 조건 미확인
A12: 개의 성향 | B12: =IF(LEN(TRIM(INDEX(여러쌍비교!$CT$6:$CT$25,$B$3)&""))=0,"",INDEX(여러쌍비교!$CT$6:$CT$25,$B$3))
A13: 가장 먼저 도와줄 부분 | B13: =IF(LEN(TRIM(INDEX(여러쌍비교!$CP$6:$CP$25,$B$3)&""))=0,"",INDEX(여러쌍비교!$CP$6:$CP$25,$B$3))
A15: 기본 유형과 관찰 수치
A16: 기본 애착유형 | B16: =INDEX(여러쌍비교!$M$6:$M$25,$B$3) -> 미판정
A17: 기본 보호자 유형 | B17: =INDEX(여러쌍비교!$AQ$6:$AQ$25,$B$3)&" / "&INDEX(여러쌍비교!$CU$6:$CU$25,$B$3) -> 판정보류 / 자동 초안
A18: 보호자 유형 근거 비율 | B18: =IF(COUNT(INDEX('3_보호자행동'!$P$51:$P$70,$B$3))=0,"자료 부족","허용 "&TEXT(INDEX('3_보호자행동'!$P$51:$P$70,$B$3),"0%")&" / 조율 "&TEXT(INDEX('3_보호자행동'!$Q$51:$Q$70,$B$3),"0%")&" / 통제 "&TEXT(INDEX('3_보호자행동'!$R$51:$R$70,$B$3),"0%")&" (성격 확률이 아닌 근거 구성비)") -> 자료 부족
A19: 걷기 근접 국면 비율 | B19: =IF(COUNT(INDEX(여러쌍비교!$Z$6:$Z$25,$B$3))=0,"자료 부족",TEXT(INDEX(여러쌍비교!$Z$6:$Z$25,$B$3),"0%")&" / 6국면 중 거리 등급 0·1의 비율") -> 자료 부족
A20: 분리 관찰 순서 | B20: =INDEX(여러쌍비교!$CK$6:$CK$25,$B$3) -> 미채점
A21: 몸 상태 원점수와 변화 | B21: ="분리 개58: "&IF(COUNT(INDEX('2_개행동'!$J$58:$AC$58,1,$B$3))=0,"미관찰",TEXT(INDEX('2_개행동'!$J$58:$AC$58,1,$B$3),"+0;-0;0"))&" → 재회 개18: "&IF(COUNT(INDEX('2_개행동'!$J$18:$AC$18,1,$B$3))=0,"미관찰",TEXT(INDEX('2_개행동'!$J$18:$AC$18,1,$B$3),"+0;-0;0"))&" / 변화 "&IF(COUNT(INDEX(여러쌍비교!$W$6:$W$25,$B$3))=0,"미산출",TEXT(INDEX(여러쌍비교!$W$6:$W$25,$B$3),"+0;-0;0"))&CHAR(10)&"기준 개8: "&IF(COUNT(INDEX('2_개행동'!$J$8:$AC$8,1,$B$3))=0,"미관찰",TEXT(INDEX('2_개행동'!$J$8:$AC$8,1,$B$3),"+0;-0;0"))&" → 무시 개23: "&IF(COUNT(INDEX('2_개행동'!$J$23:$AC$23,1,$B$3))=0,"미관찰",TEXT(INDEX('2_개행동'!$J$23:$AC$23,1,$B$3),"+0;-0;0"))&" / 변화 "&IF(COUNT(INDEX(여러쌍비교!$V$6:$V$25,$B$3))=0,"미산출",TEXT(INDEX(여러쌍비교!$V$6:$V$25,$B$3),"+0;-0;0"))&CHAR(10)&"변화 = 앞 원점수의 절대값 − 뒤 원점수의 절대값. 0→0과 −2→+2는 변화값이 같아도 행동이 다릅니다. 중앙범주·혼재 여부와 실제 장면을 함께 봅니다." -> 분리 개58: 미관찰 → 재회 개18: 미관찰 / 변화 미산출 기준 개8: 미관찰 → 무시 개23: 미관찰 / 변화 미산출 변화 = 앞 원점수의 절대값 − 뒤 원점수의 절대값. 0→0과 −2→+2는 변화값이 같아도 행동이 다릅니다. 중앙범주·혼재 여부와 실제 장면을 함께 봅니다.
A22: 재회·무시 방향별 합 | B22: =IF(COUNT(INDEX(여러쌍비교!$AE$6:$AE$25,$B$3),INDEX(여러쌍비교!$AF$6:$AF$25,$B$3))<2,"자료 부족·조건 확인","접촉 쪽 "&INDEX(여러쌍비교!$AE$6:$AE$25,$B$3)&" / 거리 쪽 "&INDEX(여러쌍비교!$AF$6:$AF$25,$B$3)&". 두 방향을 상쇄하지 않고 별도 표시.") -> 자료 부족·조건 확인
A23: 환경 원관찰 방향별 합 | B23: =IF(INDEX(여러쌍비교!$BC$6:$BC$25,$B$3)=0,"자료 부족","−절댓값 "&INDEX(여러쌍비교!$BA$6:$BA$25,$B$3)&" / +합 "&INDEX(여러쌍비교!$BB$6:$BB$25,$B$3)&" / 관찰 "&INDEX(여러쌍비교!$BC$6:$BC$25,$B$3)&"개. 조건 적용 전 원관찰 분포.") -> 자료 부족
A24: 사람 원관찰 방향별 합 | B24: =IF(INDEX(여러쌍비교!$BF$6:$BF$25,$B$3)=0,"자료 부족","−절댓값 "&INDEX(여러쌍비교!$BD$6:$BD$25,$B$3)&" / +합 "&INDEX(여러쌍비교!$BE$6:$BE$25,$B$3)&" / 관찰 "&INDEX(여러쌍비교!$BF$6:$BF$25,$B$3)&"개. 조건 적용 전 원관찰 분포.") -> 자료 부족
A25: 시행 조건 | B25: ="무시: "&IF(COUNT(INDEX('3_보호자행동'!$J$12:$AC$12,1,$B$3))=0,"미기록",INDEX('3_보호자행동'!$C$12:$E$12,1,INDEX('3_보호자행동'!$J$12:$AC$12,1,$B$3)))&" / 걷기: "&IF(COUNT(INDEX('3_보호자행동'!$J$13:$AC$13,1,$B$3))=0,"미기록",INDEX('3_보호자행동'!$C$13:$E$13,1,INDEX('3_보호자행동'!$J$13:$AC$13,1,$B$3))) -> 무시: 미기록 / 걷기: 미기록
A27: 내부 확인 기록
A28: 관찰 의견 기록 상태 | B28: =INDEX(여러쌍비교!$CJ$6:$CJ$25,$B$3) -> 미작성
A29: 관찰자·일자 | B29: =IF(LEN(TRIM(INDEX(여러쌍비교!$CI$6:$CI$25,$B$3)&""))=0,"",INDEX(여러쌍비교!$CI$6:$CI$25,$B$3))
A30: 애착 판정 근거 | B30: =IF(LEN(TRIM(INDEX(여러쌍비교!$BG$6:$BG$25,$B$3)&""))=0,"",INDEX(여러쌍비교!$BG$6:$BG$25,$B$3))
A31: 애착 평가자·일자 | B31: =IF(LEN(TRIM(INDEX(여러쌍비교!$BH$6:$BH$25,$B$3)&""))=0,"",INDEX(여러쌍비교!$BH$6:$BH$25,$B$3))
A32: 애착 기록 상태 | B32: =IF(LEN(TRIM(INDEX(여러쌍비교!$BI$6:$BI$25,$B$3)&""))=0,"",INDEX(여러쌍비교!$BI$6:$BI$25,$B$3)) -> 미판정
A33: 보호자 유형 수동 근거 | B33: =IF(LEN(TRIM(INDEX(여러쌍비교!$AR$6:$AR$25,$B$3)&""))=0,"",INDEX(여러쌍비교!$AR$6:$AR$25,$B$3))
A34: 보호자 유형 기록 상태 | B34: =IF(LEN(TRIM(INDEX(여러쌍비교!$AS$6:$AS$25,$B$3)&""))=0,"",INDEX(여러쌍비교!$AS$6:$AS$25,$B$3)) -> 자동 · 판정보류
A35: 보호자 유형 평가자·일자 | B35: =IF(LEN(TRIM(INDEX(여러쌍비교!$AT$6:$AT$25,$B$3)&""))=0,"",INDEX(여러쌍비교!$AT$6:$AT$25,$B$3))
A36: 입장 자동 근거 | B36: =IF(LEN(TRIM(INDEX(여러쌍비교!$BZ$6:$BZ$25,$B$3)&""))=0,"",INDEX(여러쌍비교!$BZ$6:$BZ$25,$B$3)) -> 문 미확인 · 바닥 미확인 · 물건 보류 / 꼬리 기준대비 입장 미확인 · 바닥 미확인 · 물건 미확인 / 긴장 신호 미확인 / 냄새 미확인
A37: 입장 우선 관찰 근거 | B37: =IF(LEN(TRIM(INDEX(여러쌍비교!$CB$6:$CB$25,$B$3)&""))=0,"",INDEX(여러쌍비교!$CB$6:$CB$25,$B$3))
A38: 실제 시각·기회·가림 메모 | B38: =IF(LEN(TRIM(INDEX('2_개행동'!$J$59:$AC$59,1,$B$3)&""))=0,"",INDEX('2_개행동'!$J$59:$AC$59,1,$B$3))
A39: 분리·재회 보조 서술 | B39: =INDEX(여러쌍비교!$BK$6:$BK$25,$B$3) -> 조건 미확인 | E39: 애착 유형과 별도로 읽는 분리·재회 보조 서술입니다. 분리 초기 개9와 재회·무시 관찰을 연결하며, 실제 분리 원점수·시간·접촉 기회를 함께 봅니다. 자동 보조 서술만으로 애착 유형을 대체하지 않습니다.
A40: 꼬리 — 기준 구간 대비 | B40: =IF(COUNT(IFERROR(INDEX(여러쌍비교!$BL$6:$BL$25,$B$3),""),IFERROR(INDEX(여러쌍비교!$BM$6:$BM$25,$B$3),""),IFERROR(INDEX(여러쌍비교!$BQ$6:$BQ$25,$B$3),""),IFERROR(INDEX(여러쌍비교!$BP$6:$BP$25,$B$3),""),IFERROR(INDEX(여러쌍비교!$BN$6:$BN$25,$B$3),""),IFERROR(INDEX(여러쌍비교!$BO$6:$BO$25,$B$3),""))=0,"",IF(MAX(N(IFERROR(INDEX(여러쌍비교!$BL$6:$BL$25,$B$3),"")),N(IFERROR(INDEX(여러쌍비교!$BM$6:$BM$25,$B$3),"")),N(IFERROR(INDEX(여러쌍비교!$BQ$6:$BQ$25,$B$3),"")),N(IFERROR(INDEX(여러쌍비교!$BP$6:$BP$25,$B$3),"")),N(IFERROR(INDEX(여러쌍비교!$BN$6:$BN$25,$B$3),"")),N(IFERROR(INDEX(여러쌍비교!$BO$6:$BO$25,$B$3),"")))>=-(MIN(N(IFERROR(INDEX(여러쌍비교!$BL$6:$BL$25,$B$3),"")),N(IFERROR(INDEX(여러쌍비교!$BM$6:$BM$25,$B$3),"")),N(IFERROR(INDEX(여러쌍비교!$BQ$6:$BQ$25,$B$3),"")),N(IFERROR(INDEX(여러쌍비교!$BP$6:$BP$25,$B$3),"")),N(IFERROR(INDEX(여러쌍비교!$BN$6:$BN$25,$B$3),"")),N(IFERROR(INDEX(여러쌍비교!$BO$6:$BO$25,$B$3),"")))),MAX(N(IFERROR(INDEX(여러쌍비교!$BL$6:$BL$25,$B$3),"")),N(IFERROR(INDEX(여러쌍비교!$BM$6:$BM$25,$B$3),"")),N(IFERROR(INDEX(여러쌍비교!$BQ$6:$BQ$25,$B$3),"")),N(IFERROR(INDEX(여러쌍비교!$BP$6:$BP$25,$B$3),"")),N(IFERROR(INDEX(여러쌍비교!$BN$6:$BN$25,$B$3),"")),N(IFERROR(INDEX(여러쌍비교!$BO$6:$BO$25,$B$3),""))),MIN(N(IFERROR(INDEX(여러쌍비교!$BL$6:$BL$25,$B$3),"")),N(IFERROR(INDEX(여러쌍비교!$BM$6:$BM$25,$B$3),"")),N(IFERROR(INDEX(여러쌍비교!$BQ$6:$BQ$25,$B$3),"")),N(IFERROR(INDEX(여러쌍비교!$BP$6:$BP$25,$B$3),"")),N(IFERROR(INDEX(여러쌍비교!$BN$6:$BN$25,$B$3),"")),N(IFERROR(INDEX(여러쌍비교!$BO$6:$BO$25,$B$3),""))))) | E40: =IF($B40="","아직 입력 없음","기준 구간(20초)보다 "&IF(ISNUMBER(IFERROR(INDEX(여러쌍비교!$BL$6:$BL$25,$B$3),"")),"입장 "&SUBSTITUTE(TEXT(INDEX(여러쌍비교!$BL$6:$BL$25,$B$3),"+0;-0;0"),"-","−")&" · ","")&IF(ISNUMBER(IFERROR(INDEX(여러쌍비교!$BM$6:$BM$25,$B$3),"")),"혼자 "&SUBSTITUTE(TEXT(INDEX(여러쌍비교!$BM$6:$BM$25,$B$3),"+0;-0;0"),"-","−")&" · ","")&IF(ISNUMBER(IFERROR(INDEX(여러쌍비교!$BQ$6:$BQ$25,$B$3),"")),"재회 "&SUBSTITUTE(TEXT(INDEX(여러쌍비교!$BQ$6:$BQ$25,$B$3),"+0;-0;0"),"-","−")&" · ","")&IF(ISNUMBER(IFERROR(INDEX(여러쌍비교!$BP$6:$BP$25,$B$3),"")),"무시 "&SUBSTITUTE(TEXT(INDEX(여러쌍비교!$BP$6:$BP$25,$B$3),"+0;-0;0"),"-","−")&" · ","")&IF(ISNUMBER(IFERROR(INDEX(여러쌍비교!$BN$6:$BN$25,$B$3),"")),"낯선 "&SUBSTITUTE(TEXT(INDEX(여러쌍비교!$BN$6:$BN$25,$B$3),"+0;-0;0"),"-","−")&" · ","")&IF(ISNUMBER(IFERROR(INDEX(여러쌍비교!$BO$6:$BO$25,$B$3),"")),"퇴장 "&SUBSTITUTE(TEXT(INDEX(여러쌍비교!$BO$6:$BO$25,$B$3),"+0;-0;0"),"-","−")&" · ","")&" 0 은 기준 구간과 같음 · − 는 내려감 · + 는 올라감. 말린 꼬리는 기준 구간에서 이미 높을 수 있어 이 차이로 읽습니다. 기준 20초도 낯선 장소이므로 «평소»가 아닙니다.") -> 아직 입력 없음
A41: 이 화면은 리포트 작성 근거입니다. 보호자에게는 기존 리포트 양식으로 유형·총평·실천 조언을 통합하며, 내부 출처·미완성 메모를 그대로 출력하지 않습니다.
A43: 원항목 조회 · 점수 수정은 원래 채점 시트에서
A44: 항목 | B44: 구간 | C44: 관찰 항목 | D44: 기록값 | E44: 해당 범주 또는 기록 종류 | F44: 눈금·원본 위치
A45: 보5 | B45: ='3_보호자행동'!A5 -> 앞 당김 | C45: ='3_보호자행동'!B5 -> 앞에서 줄을 당길 때의 요청 표현. 실제 발화로 −1/0/+1 분류. 음량·어조·반복은 별도 메모. 발화 없음·요청 없음·판독 불가·기회 없음은 빈칸+사유. 여러 사건의 건수·시각은 개59에 기록. | D45: =IF(LEN(TRIM(INDEX('3_보호자행동'!$J$5:$AC$5,1,$B$3)&""))=0,"",INDEX('3_보호자행동'!$J$5:$AC$5,1,$B$3)) | E45: =IF(COUNT(D45)=0,"",IF(OR(D45<-1,D45>1,MOD(D45,1)<>0),"입력 확인",INDEX('3_보호자행동'!$C$5:$G$5,1,D45+3))) | F45: 범주 · 요청 표현 3_보호자행동 5행
A46: 바5 | B46: ='1_바디시그널'!A5 -> 입장 | C46: ='1_바디시그널'!B5 -> [입장] 꼬리 — 위치 ※형태 관찰. 기준 20초(바38)와 원값을 나란히 봄. 기준도 낯선 장소에서의 상태이며 평소 꼬리가 아님. 가림·단미 등 판독 불가면 빈칸. | D46: =IF(LEN(TRIM(INDEX('1_바디시그널'!$J$5:$AC$5,1,$B$3)&""))=0,"",INDEX('1_바디시그널'!$J$5:$AC$5,1,$B$3)) | E46: =IF(COUNT(D46)=0,"",IF(OR(D46<-2,D46>2,MOD(D46,1)<>0),"입력 확인",INDEX('1_바디시그널'!$C$5:$G$5,1,D46+3))) | F46: 양쪽·위치 1_바디시그널 5행
A47: 바6 | B47: ='1_바디시그널'!A6 -> 입장 | C47: ='1_바디시그널'!B6 -> [입장] 발성량 ※0~3 시간 비중 · 입장 전체. 못 들으면 빈칸; 0은 들었으나 없음. 종류·시각·관찰 초는 메모. 꼬리로 소리 의미를 정하지 않음. | D47: =IF(LEN(TRIM(INDEX('1_바디시그널'!$J$6:$AC$6,1,$B$3)&""))=0,"",INDEX('1_바디시그널'!$J$6:$AC$6,1,$B$3)) | E47: =IF(COUNT(D47)=0,"",IF(OR(D47<0,D47>3,MOD(D47,1)<>0),"입력 확인",INDEX('1_바디시그널'!$C$6:$G$6,1,D47+1))) | F47: 한쪽·발성량 1_바디시그널 6행
A48: 바7 | B48: ='1_바디시그널'!A7 -> 입장 | C48: ='1_바디시그널'!B7 -> [입장] 낯선 바닥 — 꼬리 위치 ※형태 관찰. 기준 20초(바38)와 원값을 나란히 봄. 기준도 낯선 장소에서의 상태이며 평소 꼬리가 아님. 가림·단미 등 판독 불가면 빈칸. | D48: =IF(LEN(TRIM(INDEX('1_바디시그널'!$J$7:$AC$7,1,$B$3)&""))=0,"",INDEX('1_바디시그널'!$J$7:$AC$7,1,$B$3)) | E48: =IF(COUNT(D48)=0,"",IF(OR(D48<-2,D48>2,MOD(D48,1)<>0),"입력 확인",INDEX('1_바디시그널'!$C$7:$G$7,1,D48+3))) | F48: 양쪽·위치 1_바디시그널 7행
A49: 바8 | B49: ='1_바디시그널'!A8 -> 입장 | C49: ='1_바디시그널'!B8 -> 낯선 바닥 — 몸 털기 ※횟수 · 점수가 아닙니다 | D49: =IF(LEN(TRIM(INDEX('1_바디시그널'!$J$8:$AC$8,1,$B$3)&""))=0,"",INDEX('1_바디시그널'!$J$8:$AC$8,1,$B$3)) | E49: =IF(LEN(TRIM(D49&""))=0,"",IF(ISNUMBER(D49),"수치 기록","자유 기록")) | F49: 참고 1_바디시그널 8행
A50: 바14 | B50: ='1_바디시그널'!A14 -> 입장 | C50: ='1_바디시그널'!B14 -> [입장] 몸 털기 횟수 ※구간 전체 ~30초 · 참고 | D50: =IF(LEN(TRIM(INDEX('1_바디시그널'!$J$14:$AC$14,1,$B$3)&""))=0,"",INDEX('1_바디시그널'!$J$14:$AC$14,1,$B$3)) | E50: =IF(LEN(TRIM(D50&""))=0,"",IF(ISNUMBER(D50),"수치 기록","자유 기록")) | F50: 참고 1_바디시그널 14행
A51: 바15 | B51: ='1_바디시그널'!A15 -> 입장 | C51: ='1_바디시그널'!B15 -> [입장] 하품 횟수 ※구간 전체 ~30초 · 참고 | D51: =IF(LEN(TRIM(INDEX('1_바디시그널'!$J$15:$AC$15,1,$B$3)&""))=0,"",INDEX('1_바디시그널'!$J$15:$AC$15,1,$B$3)) | E51: =IF(LEN(TRIM(D51&""))=0,"",IF(ISNUMBER(D51),"수치 기록","자유 기록")) | F51: 참고 1_바디시그널 15행
A52: 바16 | B52: ='1_바디시그널'!A16 -> 입장 | C52: ='1_바디시그널'!B16 -> [입장] 코 핥기 횟수 ※구간 전체 ~30초 · 참고 | D52: =IF(LEN(TRIM(INDEX('1_바디시그널'!$J$16:$AC$16,1,$B$3)&""))=0,"",INDEX('1_바디시그널'!$J$16:$AC$16,1,$B$3)) | E52: =IF(LEN(TRIM(D52&""))=0,"",IF(ISNUMBER(D52),"수치 기록","자유 기록")) | F52: 참고 1_바디시그널 16행
A53: 개5 | B53: ='2_개행동'!A5 -> 입장 | C53: ='2_개행동'!B5 -> [입장] 방 문 통과 — 보호자보다 앞서는가 | D53: =IF(LEN(TRIM(INDEX('2_개행동'!$J$5:$AC$5,1,$B$3)&""))=0,"",INDEX('2_개행동'!$J$5:$AC$5,1,$B$3)) | E53: =IF(COUNT(D53)=0,"",IF(OR(D53<-2,D53>2,MOD(D53,1)<>0),"입력 확인",INDEX('2_개행동'!$C$5:$G$5,1,D53+3))) | F53: 양쪽·통과 2_개행동 5행
A54: 개6 | B54: ='2_개행동'!A6 -> 입장 | C54: ='2_개행동'!B6 -> [입장] 비닐 바닥 통과 ※눈에 보인 움직임만 기록. 뛰어서 지난 이유·바닥을 인식했는지는 단정하지 않음. | D54: =IF(LEN(TRIM(INDEX('2_개행동'!$J$6:$AC$6,1,$B$3)&""))=0,"",INDEX('2_개행동'!$J$6:$AC$6,1,$B$3)) | E54: =IF(COUNT(D54)=0,"",IF(OR(D54<-2,D54>2,MOD(D54,1)<>0),"입력 확인",INDEX('2_개행동'!$C$6:$G$6,1,D54+3))) | F54: 양쪽·살핌 2_개행동 6행
A55: 개7 | B55: ='2_개행동'!A7 -> 입장 | C55: ='2_개행동'!B7 -> [입장] 냄새 — 코를 쓰는가 | D55: =IF(LEN(TRIM(INDEX('2_개행동'!$J$7:$AC$7,1,$B$3)&""))=0,"",INDEX('2_개행동'!$J$7:$AC$7,1,$B$3)) | E55: =IF(COUNT(D55)=0,"",IF(OR(D55<0,D55>1,MOD(D55,1)<>0),"입력 확인",INDEX('2_개행동'!$C$7:$G$7,1,D55+1))) | F55: 범주 0/1 2_개행동 7행
A56: 개30 | B56: ='2_개행동'!A30 -> 입장 | C56: ='2_개행동'!B30 -> [입장] 새 물건 반응 ※5초 정지+통과. +2→−2→−1→0→+1 순으로 확인. 여러 반응이면 순서·시각 기록. 정지 신호와 목줄 유도 조건은 보14 확인. | D56: =IF(LEN(TRIM(INDEX('2_개행동'!$J$30:$AC$30,1,$B$3)&""))=0,"",INDEX('2_개행동'!$J$30:$AC$30,1,$B$3)) | E56: =IF(COUNT(D56)=0,"",IF(OR(D56<-2,D56>2,MOD(D56,1)<>0),"입력 확인",INDEX('2_개행동'!$C$30:$G$30,1,D56+3))) | F56: 양쪽·살핌 2_개행동 30행
A57: 개32 | B57: ='2_개행동'!A32 -> 입장 | C57: ='2_개행동'!B32 -> [입장] 새 물건 — 첫 코 접촉 ※초 · 참고 | D57: =IF(LEN(TRIM(INDEX('2_개행동'!$J$32:$AC$32,1,$B$3)&""))=0,"",INDEX('2_개행동'!$J$32:$AC$32,1,$B$3)) | E57: =IF(LEN(TRIM(D57&""))=0,"",IF(ISNUMBER(D57),"수치 기록","자유 기록")) | F57: 참고 2_개행동 32행
A58: 보14 | B58: ='3_보호자행동'!A14 -> 입장 | C58: ='3_보호자행동'!B14 -> [물건] 조건 준수 ※입장·퇴장 각 5초. 복지 중단과 단순 지시 이탈은 메모로 구분. 코드3이면 물건 비교 보류. 제외된 개 모양 물체 항목은 채점하지 않음. | D58: =IF(LEN(TRIM(INDEX('3_보호자행동'!$J$14:$AC$14,1,$B$3)&""))=0,"",INDEX('3_보호자행동'!$J$14:$AC$14,1,$B$3)) | E58: =IF(COUNT(D58)=0,"",IF(OR(D58<1,D58>3,MOD(D58,1)<>0),"입력 확인",INDEX('3_보호자행동'!$C$14:$G$14,1,D58+0))) | F58: 참고 3_보호자행동 14행
A59: 바38 | B59: ='1_바디시그널'!A38 -> 기준 | C59: ='1_바디시그널'!B38 -> [기준] 꼬리 위치 ※낯선 장소의 기준 20초. 평소 꼬리의 대표값이 아님. 다른 구간과 형태만 비교하며 꼬리 형태·단미·가림은 메모. | D59: =IF(LEN(TRIM(INDEX('1_바디시그널'!$J$38:$AC$38,1,$B$3)&""))=0,"",INDEX('1_바디시그널'!$J$38:$AC$38,1,$B$3)) | E59: =IF(COUNT(D59)=0,"",IF(OR(D59<-2,D59>2,MOD(D59,1)<>0),"입력 확인",INDEX('1_바디시그널'!$C$38:$G$38,1,D59+3))) | F59: 양쪽·위치 1_바디시그널 38행
A60: 바40 | B60: ='1_바디시그널'!A40 -> 기준 | C60: ='1_바디시그널'!B40 -> [기준] 꼬리 움직임 ※낯선 장소의 기준 20초. 원속도 연속 영상으로 관찰. 평소 흔들림·감정의 확정값이 아님. | D60: =IF(LEN(TRIM(INDEX('1_바디시그널'!$J$40:$AC$40,1,$B$3)&""))=0,"",INDEX('1_바디시그널'!$J$40:$AC$40,1,$B$3)) | E60: =IF(COUNT(D60)=0,"",IF(OR(D60<-2,D60>2,MOD(D60,1)<>0),"입력 확인",INDEX('1_바디시그널'!$C$40:$G$40,1,D60+3))) | F60: 양쪽·움직임 1_바디시그널 40행
A61: 개8 | B61: ='2_개행동'!A8 -> 기준 | C61: ='2_개행동'!B8 -> [기준] 몸 상태 ※목줄을 푼 뒤 20초. 낯선 실험실의 초기 상태이며 평소 안정 상태로 간주하지 않음. | D61: =IF(LEN(TRIM(INDEX('2_개행동'!$J$8:$AC$8,1,$B$3)&""))=0,"",INDEX('2_개행동'!$J$8:$AC$8,1,$B$3)) | E61: =IF(COUNT(D61)=0,"",IF(OR(D61<-2,D61>2,MOD(D61,1)<>0),"입력 확인",INDEX('2_개행동'!$C$8:$G$8,1,D61+3))) | F61: 양쪽·몸상태 2_개행동 8행
A62: 바9 | B62: ='1_바디시그널'!A9 -> 혼자 | C62: ='1_바디시그널'!B9 -> [혼자] 꼬리 — 위치 ※형태 관찰. 기준 20초(바38)와 원값을 나란히 봄. 기준도 낯선 장소에서의 상태이며 평소 꼬리가 아님. 가림·단미 등 판독 불가면 빈칸. | D62: =IF(LEN(TRIM(INDEX('1_바디시그널'!$J$9:$AC$9,1,$B$3)&""))=0,"",INDEX('1_바디시그널'!$J$9:$AC$9,1,$B$3)) | E62: =IF(COUNT(D62)=0,"",IF(OR(D62<-2,D62>2,MOD(D62,1)<>0),"입력 확인",INDEX('1_바디시그널'!$C$9:$G$9,1,D62+3))) | F62: 양쪽·위치 1_바디시그널 9행
A63: 바10 | B63: ='1_바디시그널'!A10 -> 혼자 | C63: ='1_바디시그널'!B10 -> 분리 — 몸 털기 ※횟수 · 점수가 아닙니다 | D63: =IF(LEN(TRIM(INDEX('1_바디시그널'!$J$10:$AC$10,1,$B$3)&""))=0,"",INDEX('1_바디시그널'!$J$10:$AC$10,1,$B$3)) | E63: =IF(LEN(TRIM(D63&""))=0,"",IF(ISNUMBER(D63),"수치 기록","자유 기록")) | F63: 참고 1_바디시그널 10행
A64: 바20 | B64: ='1_바디시그널'!A20 -> 혼자 | C64: ='1_바디시그널'!B20 -> [혼자] 몸 털기 횟수 ※구간 전체 1분 · 참고 | D64: =IF(LEN(TRIM(INDEX('1_바디시그널'!$J$20:$AC$20,1,$B$3)&""))=0,"",INDEX('1_바디시그널'!$J$20:$AC$20,1,$B$3)) | E64: =IF(LEN(TRIM(D64&""))=0,"",IF(ISNUMBER(D64),"수치 기록","자유 기록")) | F64: 참고 1_바디시그널 20행
A65: 바21 | B65: ='1_바디시그널'!A21 -> 혼자 | C65: ='1_바디시그널'!B21 -> [혼자] 하품 횟수 ※구간 전체 1분 · 참고 | D65: =IF(LEN(TRIM(INDEX('1_바디시그널'!$J$21:$AC$21,1,$B$3)&""))=0,"",INDEX('1_바디시그널'!$J$21:$AC$21,1,$B$3)) | E65: =IF(LEN(TRIM(D65&""))=0,"",IF(ISNUMBER(D65),"수치 기록","자유 기록")) | F65: 참고 1_바디시그널 21행
A66: 바22 | B66: ='1_바디시그널'!A22 -> 혼자 | C66: ='1_바디시그널'!B22 -> [혼자] 코 핥기 횟수 ※구간 전체 1분 · 참고 | D66: =IF(LEN(TRIM(INDEX('1_바디시그널'!$J$22:$AC$22,1,$B$3)&""))=0,"",INDEX('1_바디시그널'!$J$22:$AC$22,1,$B$3)) | E66: =IF(LEN(TRIM(D66&""))=0,"",IF(ISNUMBER(D66),"수치 기록","자유 기록")) | F66: 참고 1_바디시그널 22행
A67: 개9 | B67: ='2_개행동'!A9 -> 혼자 | C67: ='2_개행동'!B9 -> [혼자 초기] 나간 문 쪽 반응 · 보호자의 몸이 완전히 문밖으로 나간 순간부터 처음 10초. C→G 순으로 먼저 해당하는 범주를 선택. 문 지향 반응이며 불안의 단독 증거가 아님. | D67: =IF(LEN(TRIM(INDEX('2_개행동'!$J$9:$AC$9,1,$B$3)&""))=0,"",INDEX('2_개행동'!$J$9:$AC$9,1,$B$3)) | E67: =IF(COUNT(D67)=0,"",IF(OR(D67<-2,D67>2,MOD(D67,1)<>0),"입력 확인",INDEX('2_개행동'!$C$9:$G$9,1,D67+3))) | F67: 양쪽·거리 2_개행동 9행
A68: 개10 | B68: ='2_개행동'!A10 -> 혼자 | C68: ='2_개행동'!B10 -> [혼자 이후] 공간 사용 양상 · 처음 10초 이후~60초까지 50초. C→G 순으로 먼저 해당하는 범주를 선택. 아래 초는 이후 50초 안에서 셈. 해당 없음·관찰 불가·구간 단축은 빈칸과 개59 메모. | D68: =IF(LEN(TRIM(INDEX('2_개행동'!$J$10:$AC$10,1,$B$3)&""))=0,"",INDEX('2_개행동'!$J$10:$AC$10,1,$B$3)) | E68: =IF(COUNT(D68)=0,"",IF(OR(D68<-2,D68>2,MOD(D68,1)<>0),"입력 확인",INDEX('2_개행동'!$C$10:$G$10,1,D68+3))) | F68: 범주 · 이후 50초 2_개행동 10행
A69: 개11 | B69: ='2_개행동'!A11 -> 혼자 | C69: ='2_개행동'!B11 -> [혼자] 발성량 ※0~3 시간 비중 · 혼자 실제 구간. 못 들으면 빈칸; 0은 들었으나 없음. 종류·시각·관찰 초는 메모. 꼬리로 소리 의미를 정하지 않음. | D69: =IF(LEN(TRIM(INDEX('2_개행동'!$J$11:$AC$11,1,$B$3)&""))=0,"",INDEX('2_개행동'!$J$11:$AC$11,1,$B$3)) | E69: =IF(COUNT(D69)=0,"",IF(OR(D69<0,D69>3,MOD(D69,1)<>0),"입력 확인",INDEX('2_개행동'!$C$11:$G$11,1,D69+1))) | F69: 한쪽·발성량 2_개행동 11행
A70: 개12 | B70: ='2_개행동'!A12 -> 혼자 | C70: ='2_개행동'!B12 -> [혼자] 탐색 변화 ※보호자 유무의 균형·반복 비교가 아니므로 안전기지 효과의 단독 판정 제외. 실제 탐색 초와 기준·혼자 관찰 가능 초를 개59에 기록. 아래는 참고 범주. | D70: =IF(LEN(TRIM(INDEX('2_개행동'!$J$12:$AC$12,1,$B$3)&""))=0,"",INDEX('2_개행동'!$J$12:$AC$12,1,$B$3)) | E70: =IF(COUNT(D70)=0,"",IF(OR(D70<-2,D70>2,MOD(D70,1)<>0),"입력 확인",INDEX('2_개행동'!$C$12:$G$12,1,D70+3))) | F70: 참고 2_개행동 12행
A71: 보10 | B71: ='3_보호자행동'!A10 -> 혼자 | C71: ='3_보호자행동'!B10 -> [분리] 출입문으로 나가기 전 상호작용 · G→C 순으로 먼저 해당하는 범주 선택. 말·접촉 동시 또는 연속 상호작용은 1회, 멈췄다가 다시 시작하면 새 1회. 횟수·시각은 개59 메모. 숫자는 행동 종류 코드임. | D71: =IF(LEN(TRIM(INDEX('3_보호자행동'!$J$10:$AC$10,1,$B$3)&""))=0,"",INDEX('3_보호자행동'!$J$10:$AC$10,1,$B$3)) | E71: =IF(COUNT(D71)=0,"",IF(OR(D71<-2,D71>2,MOD(D71,1)<>0),"입력 확인",INDEX('3_보호자행동'!$C$10:$G$10,1,D71+3))) | F71: 범주 · 유형 근거 3_보호자행동 10행
A72: 바11 | B72: ='1_바디시그널'!A11 -> 낯선 | C72: ='1_바디시그널'!B11 -> [낯선] 꼬리 — 위치 ※형태 관찰. 기준 20초(바38)와 원값을 나란히 봄. 기준도 낯선 장소에서의 상태이며 평소 꼬리가 아님. 가림·단미 등 판독 불가면 빈칸. | D72: =IF(LEN(TRIM(INDEX('1_바디시그널'!$J$11:$AC$11,1,$B$3)&""))=0,"",INDEX('1_바디시그널'!$J$11:$AC$11,1,$B$3)) | E72: =IF(COUNT(D72)=0,"",IF(OR(D72<-2,D72>2,MOD(D72,1)<>0),"입력 확인",INDEX('1_바디시그널'!$C$11:$G$11,1,D72+3))) | F72: 양쪽·위치 1_바디시그널 11행
A73: 바23 | B73: ='1_바디시그널'!A23 -> 낯선 | C73: ='1_바디시그널'!B23 -> [낯선 사람] 몸 털기 횟수 ※구간 전체 30초 · 참고 | D73: =IF(LEN(TRIM(INDEX('1_바디시그널'!$J$23:$AC$23,1,$B$3)&""))=0,"",INDEX('1_바디시그널'!$J$23:$AC$23,1,$B$3)) | E73: =IF(LEN(TRIM(D73&""))=0,"",IF(ISNUMBER(D73),"수치 기록","자유 기록")) | F73: 참고 1_바디시그널 23행
A74: 바24 | B74: ='1_바디시그널'!A24 -> 낯선 | C74: ='1_바디시그널'!B24 -> [낯선 사람] 하품 횟수 ※구간 전체 30초 · 참고 | D74: =IF(LEN(TRIM(INDEX('1_바디시그널'!$J$24:$AC$24,1,$B$3)&""))=0,"",INDEX('1_바디시그널'!$J$24:$AC$24,1,$B$3)) | E74: =IF(LEN(TRIM(D74&""))=0,"",IF(ISNUMBER(D74),"수치 기록","자유 기록")) | F74: 참고 1_바디시그널 24행
A75: 바25 | B75: ='1_바디시그널'!A25 -> 낯선 | C75: ='1_바디시그널'!B25 -> [낯선 사람] 코 핥기 횟수 ※구간 전체 30초 · 참고 | D75: =IF(LEN(TRIM(INDEX('1_바디시그널'!$J$25:$AC$25,1,$B$3)&""))=0,"",INDEX('1_바디시그널'!$J$25:$AC$25,1,$B$3)) | E75: =IF(LEN(TRIM(D75&""))=0,"",IF(ISNUMBER(D75),"수치 기록","자유 기록")) | F75: 참고 1_바디시그널 25행
A76: 바41 | B76: ='1_바디시그널'!A41 -> 낯선 | C76: ='1_바디시그널'!B41 -> [낯선] 꼬리 — 흔들림 ※원속도 영상에서 관찰. 빠르기는 영상의 연속 움직임으로 확인하며 초당 5장 추출만으로 판단하지 않음. 감정 확정 금지. | D76: =IF(LEN(TRIM(INDEX('1_바디시그널'!$J$41:$AC$41,1,$B$3)&""))=0,"",INDEX('1_바디시그널'!$J$41:$AC$41,1,$B$3)) | E76: =IF(COUNT(D76)=0,"",IF(OR(D76<-2,D76>2,MOD(D76,1)<>0),"입력 확인",INDEX('1_바디시그널'!$C$41:$G$41,1,D76+3))) | F76: 양쪽·움직임 1_바디시그널 41행
A77: 개13 | B77: ='2_개행동'!A13 -> 낯선 | C77: ='2_개행동'!B13 -> [낯선] 안전문 밖 요원 반응 ※첫 10초. 사람 직접 접촉을 채점하지 않음. +2→+1→−2→0→−1 순으로 해당 여부 확인; 반대 반응 혼재는 사건 시각 기록. 이 우선순위는 운영안. 안전문이 불투명하거나 시야가 가리면 미관찰로 기록. | D77: =IF(LEN(TRIM(INDEX('2_개행동'!$J$13:$AC$13,1,$B$3)&""))=0,"",INDEX('2_개행동'!$J$13:$AC$13,1,$B$3)) | E77: =IF(COUNT(D77)=0,"",IF(OR(D77<-2,D77>2,MOD(D77,1)<>0),"입력 확인",INDEX('2_개행동'!$C$13:$G$13,1,D77+3))) | F77: 양쪽·인사 2_개행동 13행
A78: 개14 | B78: ='2_개행동'!A14 -> 낯선 | C78: ='2_개행동'!B14 -> [낯선] 몸 상태 ※요원 등장~퇴장 전체의 주된 모습. 접근·접촉·퇴장 단계에서 반대 반응이 있었으면 메모. | D78: =IF(LEN(TRIM(INDEX('2_개행동'!$J$14:$AC$14,1,$B$3)&""))=0,"",INDEX('2_개행동'!$J$14:$AC$14,1,$B$3)) | E78: =IF(COUNT(D78)=0,"",IF(OR(D78<-2,D78>2,MOD(D78,1)<>0),"입력 확인",INDEX('2_개행동'!$C$14:$G$14,1,D78+3))) | F78: 양쪽·몸상태 2_개행동 14행
A79: 개15 | B79: ='2_개행동'!A15 -> 낯선 | C79: ='2_개행동'!B15 -> [낯선] 부름 뒤 반응 ※정지선에서 이름 1회 후 4초. 요원은 움직이지 않음. 접근했다면 +1/+2, 접근하지 않았다면 반응 잠재기로 −2/−1/0. 부르기 전 이미 곁에 있으면 접근 변화는 메모. | D79: =IF(LEN(TRIM(INDEX('2_개행동'!$J$15:$AC$15,1,$B$3)&""))=0,"",INDEX('2_개행동'!$J$15:$AC$15,1,$B$3)) | E79: =IF(COUNT(D79)=0,"",IF(OR(D79<-2,D79>2,MOD(D79,1)<>0),"입력 확인",INDEX('2_개행동'!$C$15:$G$15,1,D79+3))) | F79: 양쪽·인사 2_개행동 15행
A80: 개16 | B80: ='2_개행동'!A16 -> 낯선 | C80: ='2_개행동'!B16 -> [낯선] 거리 확보·위협 관련 신호 ※0~4 범주. 여러 신호는 가장 큰 코드와 나머지 시각을 기록. 강도의 등간 척도·합산값으로 사용하지 않음. 단독 고개 돌림을 두려움으로 확정하지 않음. | D80: =IF(LEN(TRIM(INDEX('2_개행동'!$J$16:$AC$16,1,$B$3)&""))=0,"",INDEX('2_개행동'!$J$16:$AC$16,1,$B$3)) | E80: =IF(COUNT(D80)=0,"",IF(OR(D80<0,D80>4,MOD(D80,1)<>0),"입력 확인",INDEX('2_개행동'!$C$16:$G$16,1,D80+1))) | F80: 범주 · 신호 2_개행동 16행
A81: 바26 | B81: ='1_바디시그널'!A26 -> 재회 | C81: ='1_바디시그널'!B26 -> [재회] 몸 털기 횟수 ※구간 전체 30초 · 참고 | D81: =IF(LEN(TRIM(INDEX('1_바디시그널'!$J$26:$AC$26,1,$B$3)&""))=0,"",INDEX('1_바디시그널'!$J$26:$AC$26,1,$B$3)) | E81: =IF(LEN(TRIM(D81&""))=0,"",IF(ISNUMBER(D81),"수치 기록","자유 기록")) | F81: 참고 1_바디시그널 26행
A82: 바27 | B82: ='1_바디시그널'!A27 -> 재회 | C82: ='1_바디시그널'!B27 -> [재회] 하품 횟수 ※구간 전체 30초 · 참고 | D82: =IF(LEN(TRIM(INDEX('1_바디시그널'!$J$27:$AC$27,1,$B$3)&""))=0,"",INDEX('1_바디시그널'!$J$27:$AC$27,1,$B$3)) | E82: =IF(LEN(TRIM(D82&""))=0,"",IF(ISNUMBER(D82),"수치 기록","자유 기록")) | F82: 참고 1_바디시그널 27행
A83: 바28 | B83: ='1_바디시그널'!A28 -> 재회 | C83: ='1_바디시그널'!B28 -> [재회] 코 핥기 횟수 ※구간 전체 30초 · 참고 | D83: =IF(LEN(TRIM(INDEX('1_바디시그널'!$J$28:$AC$28,1,$B$3)&""))=0,"",INDEX('1_바디시그널'!$J$28:$AC$28,1,$B$3)) | E83: =IF(LEN(TRIM(D83&""))=0,"",IF(ISNUMBER(D83),"수치 기록","자유 기록")) | F83: 참고 1_바디시그널 28행
A84: 바42 | B84: ='1_바디시그널'!A42 -> 재회 | C84: ='1_바디시그널'!B42 -> [재회 접촉] 꼬리 — 흔들림 ※원속도 영상에서 관찰. 빠르기는 영상의 연속 움직임으로 확인하며 초당 5장 추출만으로 판단하지 않음. 감정 확정 금지. | D84: =IF(LEN(TRIM(INDEX('1_바디시그널'!$J$42:$AC$42,1,$B$3)&""))=0,"",INDEX('1_바디시그널'!$J$42:$AC$42,1,$B$3)) | E84: =IF(COUNT(D84)=0,"",IF(OR(D84<-2,D84>2,MOD(D84,1)<>0),"입력 확인",INDEX('1_바디시그널'!$C$42:$G$42,1,D84+3))) | F84: 양쪽·움직임 1_바디시그널 42행
A85: 바43 | B85: ='1_바디시그널'!A43 -> 재회 | C85: ='1_바디시그널'!B43 -> [재회 접촉] 꼬리 — 위치 ※형태 관찰. 기준 20초(바38)와 원값을 나란히 봄. 기준도 낯선 장소에서의 상태이며 평소 꼬리가 아님. 가림·단미 등 판독 불가면 빈칸. | D85: =IF(LEN(TRIM(INDEX('1_바디시그널'!$J$43:$AC$43,1,$B$3)&""))=0,"",INDEX('1_바디시그널'!$J$43:$AC$43,1,$B$3)) | E85: =IF(COUNT(D85)=0,"",IF(OR(D85<-2,D85>2,MOD(D85,1)<>0),"입력 확인",INDEX('1_바디시그널'!$C$43:$G$43,1,D85+3))) | F85: 양쪽·위치 1_바디시그널 43행
A86: 개17 | B86: ='2_개행동'!A17 -> 재회 | C86: ='2_개행동'!B17 -> [재회] 접근·거리 ※문 열림 0~15초, 보호자 이동·착석·대기 중 먼저 부르거나 만지지 않음. 앉는 시점과 관계없이 15초로 고정. | D86: =IF(LEN(TRIM(INDEX('2_개행동'!$J$17:$AC$17,1,$B$3)&""))=0,"",INDEX('2_개행동'!$J$17:$AC$17,1,$B$3)) | E86: =IF(COUNT(D86)=0,"",IF(OR(D86<-2,D86>2,MOD(D86,1)<>0),"입력 확인",INDEX('2_개행동'!$C$17:$G$17,1,D86+3))) | F86: 양쪽·거리 2_개행동 17행
A87: 개18 | B87: ='2_개행동'!A18 -> 재회 | C87: ='2_개행동'!B18 -> [재회] 후반 몸 상태 ※문 열림 15~30초, 접촉 지시 구간 전체. 실제 접촉 여부를 별도 기록. 개58과 같은 눈금의 기술적 변화만 계산. | D87: =IF(LEN(TRIM(INDEX('2_개행동'!$J$18:$AC$18,1,$B$3)&""))=0,"",INDEX('2_개행동'!$J$18:$AC$18,1,$B$3)) | E87: =IF(COUNT(D87)=0,"",IF(OR(D87<-2,D87>2,MOD(D87,1)<>0),"입력 확인",INDEX('2_개행동'!$C$18:$G$18,1,D87+3))) | F87: 양쪽·몸상태 2_개행동 18행
A88: 개19 | B88: ='2_개행동'!A19 -> 재회 | C88: ='2_개행동'!B19 -> [재회 접촉] 몸의 중심 ※15~30초 실제 접촉이 이루어진 시간만. 미접촉이면 빈칸. 낯선 접촉과 부호 방향은 반대이며 시간·자세도 달라 직접 점수 차이를 애착으로 해석하지 않음. | D88: =IF(LEN(TRIM(INDEX('2_개행동'!$J$19:$AC$19,1,$B$3)&""))=0,"",INDEX('2_개행동'!$J$19:$AC$19,1,$B$3)) | E88: =IF(COUNT(D88)=0,"",IF(OR(D88<-2,D88>2,MOD(D88,1)<>0),"입력 확인",INDEX('2_개행동'!$C$19:$G$19,1,D88+3))) | F88: 양쪽·거리 2_개행동 19행
A89: 개21 | B89: ='2_개행동'!A21 -> 재회 | C89: ='2_개행동'!B21 -> [재회] 접근 변화 사건 횟수 ※멈춤·고개 돌림·지나침·되돌아섬·굳음을 사건으로 기록. 연속 동작은 1건, 다시 접근을 시작한 뒤 별도 발생하면 추가. 유형·시각은 메모. 1건으로 전체 분류를 무효화하지 않음. | D89: =IF(LEN(TRIM(INDEX('2_개행동'!$J$21:$AC$21,1,$B$3)&""))=0,"",INDEX('2_개행동'!$J$21:$AC$21,1,$B$3)) | E89: =IF(LEN(TRIM(D89&""))=0,"",IF(ISNUMBER(D89),"수치 기록","자유 기록")) | F89: 참고 2_개행동 21행
A90: 개44 | B90: ='2_개행동'!A44 -> 재회 | C90: ='2_개행동'!B44 -> [재회 접촉] 몸의 움직임 · 실제 접촉 시간 ※몸통 자세·자발적 움직임을 함께 봄. 엉덩이 흔들림이나 C자 자세가 없다는 이유만으로 긴장 판정하지 않음. 미접촉은 빈칸. | D90: =IF(LEN(TRIM(INDEX('2_개행동'!$J$44:$AC$44,1,$B$3)&""))=0,"",INDEX('2_개행동'!$J$44:$AC$44,1,$B$3)) | E90: =IF(COUNT(D90)=0,"",IF(OR(D90<-2,D90>2,MOD(D90,1)<>0),"입력 확인",INDEX('2_개행동'!$C$44:$G$44,1,D90+3))) | F90: 양쪽·몸상태 2_개행동 44행
A91: 보11 | B91: ='3_보호자행동'!A11 -> 재회 | C91: ='3_보호자행동'!B11 -> [재회] 신체접촉 방식 · 후반 15초. G→C 순으로 먼저 해당하는 범주 선택. 칭찬 톤·횟수, 밀어 내려보냄, 접촉이 없었던 이유는 개59 메모. 보22 회피 후 대응과 함께 유형 판단에 사용. 숫자는 행동 종류 코드임. | D91: =IF(LEN(TRIM(INDEX('3_보호자행동'!$J$11:$AC$11,1,$B$3)&""))=0,"",INDEX('3_보호자행동'!$J$11:$AC$11,1,$B$3)) | E91: =IF(COUNT(D91)=0,"",IF(OR(D91<-2,D91>2,MOD(D91,1)<>0),"입력 확인",INDEX('3_보호자행동'!$C$11:$G$11,1,D91+3))) | F91: 범주 · 유형 근거 3_보호자행동 11행
A92: 바29 | B92: ='1_바디시그널'!A29 -> 무시 | C92: ='1_바디시그널'!B29 -> [무시] 몸 털기 횟수 ※구간 전체 20초 · 참고 | D92: =IF(LEN(TRIM(INDEX('1_바디시그널'!$J$29:$AC$29,1,$B$3)&""))=0,"",INDEX('1_바디시그널'!$J$29:$AC$29,1,$B$3)) | E92: =IF(LEN(TRIM(D92&""))=0,"",IF(ISNUMBER(D92),"수치 기록","자유 기록")) | F92: 참고 1_바디시그널 29행
A93: 바30 | B93: ='1_바디시그널'!A30 -> 무시 | C93: ='1_바디시그널'!B30 -> [무시] 하품 횟수 ※구간 전체 20초 · 참고 | D93: =IF(LEN(TRIM(INDEX('1_바디시그널'!$J$30:$AC$30,1,$B$3)&""))=0,"",INDEX('1_바디시그널'!$J$30:$AC$30,1,$B$3)) | E93: =IF(LEN(TRIM(D93&""))=0,"",IF(ISNUMBER(D93),"수치 기록","자유 기록")) | F93: 참고 1_바디시그널 30행
A94: 바31 | B94: ='1_바디시그널'!A31 -> 무시 | C94: ='1_바디시그널'!B31 -> [무시] 코 핥기 횟수 ※구간 전체 20초 · 참고 | D94: =IF(LEN(TRIM(INDEX('1_바디시그널'!$J$31:$AC$31,1,$B$3)&""))=0,"",INDEX('1_바디시그널'!$J$31:$AC$31,1,$B$3)) | E94: =IF(LEN(TRIM(D94&""))=0,"",IF(ISNUMBER(D94),"수치 기록","자유 기록")) | F94: 참고 1_바디시그널 31행
A95: 바39 | B95: ='1_바디시그널'!A39 -> 무시 | C95: ='1_바디시그널'!B39 -> [무시] 꼬리 — 위치 ※형태 관찰. 기준 20초(바38)와 원값을 나란히 봄. 기준도 낯선 장소에서의 상태이며 평소 꼬리가 아님. 가림·단미 등 판독 불가면 빈칸. | D95: =IF(LEN(TRIM(INDEX('1_바디시그널'!$J$39:$AC$39,1,$B$3)&""))=0,"",INDEX('1_바디시그널'!$J$39:$AC$39,1,$B$3)) | E95: =IF(COUNT(D95)=0,"",IF(OR(D95<-2,D95>2,MOD(D95,1)<>0),"입력 확인",INDEX('1_바디시그널'!$C$39:$G$39,1,D95+3))) | F95: 양쪽·위치 1_바디시그널 39행
A96: 개22 | B96: ='2_개행동'!A22 -> 무시 | C96: ='2_개행동'!B22 -> [무시] 보호자와의 거리·확인 ※접촉 종료 뒤 20초. 보12 조건을 함께 확인. 거리 유지와 시선이 함께 든 기존 범주이며 단일 친밀감·애착 강도는 아님. | D96: =IF(LEN(TRIM(INDEX('2_개행동'!$J$22:$AC$22,1,$B$3)&""))=0,"",INDEX('2_개행동'!$J$22:$AC$22,1,$B$3)) | E96: =IF(COUNT(D96)=0,"",IF(OR(D96<-2,D96>2,MOD(D96,1)<>0),"입력 확인",INDEX('2_개행동'!$C$22:$G$22,1,D96+3))) | F96: 양쪽·거리 2_개행동 22행
A97: 개23 | B97: ='2_개행동'!A23 -> 무시 | C97: ='2_개행동'!B23 -> [무시] 몸 상태 ※접촉 종료 뒤 20초. 개8과 같은 눈금. 실험 이력·무시 지시의 영향이 함께 포함됨. | D97: =IF(LEN(TRIM(INDEX('2_개행동'!$J$23:$AC$23,1,$B$3)&""))=0,"",INDEX('2_개행동'!$J$23:$AC$23,1,$B$3)) | E97: =IF(COUNT(D97)=0,"",IF(OR(D97<-2,D97>2,MOD(D97,1)<>0),"입력 확인",INDEX('2_개행동'!$C$23:$G$23,1,D97+3))) | F97: 양쪽·몸상태 2_개행동 23행
A98: 보12 | B98: ='3_보호자행동'!A12 -> 무시 | C98: ='3_보호자행동'!B12 -> [무시] 지시 준수 ※참고 · 조건 준수 확인 · 이 칸만 1~3 입니다 | D98: =IF(LEN(TRIM(INDEX('3_보호자행동'!$J$12:$AC$12,1,$B$3)&""))=0,"",INDEX('3_보호자행동'!$J$12:$AC$12,1,$B$3)) | E98: =IF(COUNT(D98)=0,"",IF(OR(D98<1,D98>3,MOD(D98,1)<>0),"입력 확인",INDEX('3_보호자행동'!$C$12:$G$12,1,D98+0))) | F98: 참고 3_보호자행동 12행
A99: 바12 | B99: ='1_바디시그널'!A12 -> 걷기 | C99: ='1_바디시그널'!B12 -> [걷기] 꼬리 — 위치 ※형태 관찰. 기준 20초(바38)와 원값을 나란히 봄. 기준도 낯선 장소에서의 상태이며 평소 꼬리가 아님. 가림·단미 등 판독 불가면 빈칸. | D99: =IF(LEN(TRIM(INDEX('1_바디시그널'!$J$12:$AC$12,1,$B$3)&""))=0,"",INDEX('1_바디시그널'!$J$12:$AC$12,1,$B$3)) | E99: =IF(COUNT(D99)=0,"",IF(OR(D99<-2,D99>2,MOD(D99,1)<>0),"입력 확인",INDEX('1_바디시그널'!$C$12:$G$12,1,D99+3))) | F99: 양쪽·위치 1_바디시그널 12행
A100: 바32 | B100: ='1_바디시그널'!A32 -> 걷기 | C100: ='1_바디시그널'!B32 -> [걷기] 몸 털기 횟수 ※구간 전체 약 30초 · 참고 | D100: =IF(LEN(TRIM(INDEX('1_바디시그널'!$J$32:$AC$32,1,$B$3)&""))=0,"",INDEX('1_바디시그널'!$J$32:$AC$32,1,$B$3)) | E100: =IF(LEN(TRIM(D100&""))=0,"",IF(ISNUMBER(D100),"수치 기록","자유 기록")) | F100: 참고 1_바디시그널 32행
A101: 바33 | B101: ='1_바디시그널'!A33 -> 걷기 | C101: ='1_바디시그널'!B33 -> [걷기] 하품 횟수 ※구간 전체 약 30초 · 참고 | D101: =IF(LEN(TRIM(INDEX('1_바디시그널'!$J$33:$AC$33,1,$B$3)&""))=0,"",INDEX('1_바디시그널'!$J$33:$AC$33,1,$B$3)) | E101: =IF(LEN(TRIM(D101&""))=0,"",IF(ISNUMBER(D101),"수치 기록","자유 기록")) | F101: 참고 1_바디시그널 33행
A102: 바34 | B102: ='1_바디시그널'!A34 -> 걷기 | C102: ='1_바디시그널'!B34 -> [걷기] 코 핥기 횟수 ※구간 전체 약 30초 · 참고 | D102: =IF(LEN(TRIM(INDEX('1_바디시그널'!$J$34:$AC$34,1,$B$3)&""))=0,"",INDEX('1_바디시그널'!$J$34:$AC$34,1,$B$3)) | E102: =IF(LEN(TRIM(D102&""))=0,"",IF(ISNUMBER(D102),"수치 기록","자유 기록")) | F102: 참고 1_바디시그널 34행
A103: 개24 | B103: ='2_개행동'!A24 -> 걷기 | C103: ='2_개행동'!B24 -> [걷기] 주된 거리 ※구간 시간 절반 초과를 차지한 범주. 한 번 멀어진 것만으로 전체 +1로 정하지 않음. 동률이면 시작 범주·혼재 사유 기록. | D103: =IF(LEN(TRIM(INDEX('2_개행동'!$J$24:$AC$24,1,$B$3)&""))=0,"",INDEX('2_개행동'!$J$24:$AC$24,1,$B$3)) | E103: =IF(COUNT(D103)=0,"",IF(OR(D103<-2,D103>2,MOD(D103,1)<>0),"입력 확인",INDEX('2_개행동'!$C$24:$G$24,1,D103+3))) | F103: 양쪽·거리 2_개행동 24행
A104: 개25 | B104: ='2_개행동'!A25 -> 걷기 | C104: ='2_개행동'!B25 -> [걷기] 보호자 확인 ※시선 관찰만. 개24·근접 비율에 합산하지 않음. 친밀감·의존의 직접 판정으로 사용하지 않음. | D104: =IF(LEN(TRIM(INDEX('2_개행동'!$J$25:$AC$25,1,$B$3)&""))=0,"",INDEX('2_개행동'!$J$25:$AC$25,1,$B$3)) | E104: =IF(COUNT(D104)=0,"",IF(OR(D104<-2,D104>2,MOD(D104,1)<>0),"입력 확인",INDEX('2_개행동'!$C$25:$G$25,1,D104+3))) | F104: 양쪽·살핌 2_개행동 25행
A105: 개26 | B105: ='2_개행동'!A26 -> 걷기 | C105: ='2_개행동'!B26 -> [걷기] 이동 — 곁에 있던 국면 수 ※자동 계산 · 입력하지 마세요 | D105: =IF(LEN(TRIM(INDEX('2_개행동'!$J$26:$AC$26,1,$B$3)&""))=0,"",INDEX('2_개행동'!$J$26:$AC$26,1,$B$3)) | E105: =IF(LEN(TRIM(D105&""))=0,"",IF(ISNUMBER(D105),"자동 계산값","자동 관찰 요약")) | F105: 참고 2_개행동 26행
...

Sheet 여러쌍비교
A1: 아스트라 · 개별 관찰과 방향 요약 / 합산값은 검증 전 기술 지표
A2: 파랑=원본 의미를 유지한 정리, 빨강=기준·계산·해석 변경 및 추가. 원코드·관찰수·조건을 먼저 봅니다. 보호자 3유형은 AQ~AT에 채점자 선택과 근거를 연결하며 평균으로 만들지 않습니다.
A4: 번호 | B4: 반려견 이름 | C4: 견종 · 나이 | D4: 보호자 개별 행동 | G4: 환경 방향 | J4: 낯선 사람 방향 | M4: 애착유형 | P4: 걷기 관찰 | S4: 퇴장 관찰 | V4: 기준→무시 기술 차이 | W4: 혼자→재회 기술 차이 | X4: (뺀 칸) | Y4: 낯선 방 초기 상태 | Z4: 근접 국면 비율 | AA4: 메모 · 주요 이슈 | AB4: 퇴장 직후 10초 문 반응 | AC4: 이후 50초 공간 사용 | AD4: 재회 후반 몸 상태 | AE4: 재회·무시 접촉 쪽 합 | AF4: 재회·무시 거리 쪽 합 | AG4: 환경 방향 요약 | AH4: 걷기 거리 범주 | AI4: 퇴장 문 범주 | AJ4: 몸 상태 −칸 수 | AK4: 몸 상태 +칸 수 | AL4: 몸 상태 방향 요약 | AM4: 같은 물건 반응 비교 | AN4: 입장 문 범주 | AO4: 걷기 시선 범주 | AP4: 꼬리 위치 원범주 차이 | AQ4: 보호자 유형 | AR4: 유형 관찰 근거 | AS4: 유형 기록 상태 | AT4: 유형 채점자·날짜 | AU4: 애착 판정 보조 | AV4: 소리·사건 원관찰 | AW4: 중앙범주 기술 지표 | AX4: 중앙범주 기술 지표 | AY4: 중앙범주 기술 지표 | AZ4: 발성 원관찰 | BA4: 환경 분리 합계 | BD4: 낯선 사람 분리 합계 | BG4: 애착 관찰 근거 | BH4: 애착 평가자·날짜 | BI4: 애착 기록 상태 | BJ4: 애착 유형 설명 | BK4: 분리·재회 보조 서술 · 여기서 사용하는 개9는 처음 10초의 문 반응. 이후 변화는 CK열에 별도 표시. M열 애착유형과 AU 보조는 유지. 검증된 애착유형이 아님. | BL4: 꼬리 — 기준 구간 대비 (위치는 바38 · 흔들림은 바40 을 뺀 값 · 기준 20초도 낯선 장소이므로 «평소»가 아니다 · 낯선 바닥은 AP 가 이미 낸다) | BV4: 입장 — 낯선 곳에 들어갈 때 (2026-09-28 · ④층 요약 체크 · 주축은 개5 · 개6 · 개30 · 물건은 보14 가 3 이면 뺀다 · 꼬리·긴장 신호·냄새는 근거 줄에만 나온다) | CD4: 행사 전문가 · 애착·관계 | CE4: 행사 전문가 · 보호자 교육태도 | CF4: 행사 전문가 · 사람 사회성 | CG4: 행사 전문가 · 환경 적응·회복 | CH4: 행사 전문가 · 우선 도움 | CI4: 행사 전문가 · 관찰자·일자 | CJ4: 행사 전문가 · 기록 상태 | CK4: 분리 반응 변화 | CL4: 애착·관계 우선 근거 | CM4: 교육태도 우선 근거 | CN4: 사람 사회성 우선 근거 | CO4: 환경 적응·회복 우선 근거 | CP4: 실천 조언 우선 근거 | CQ4: 관찰 원기록 · 비사회적 두려움 | CR4: 관찰 원기록 · 개의 성향 | CS4: 비사회적 두려움 우선 의견 | CT4: 개의 성향 우선 의견 | CU4: 보호자 유형 · 판정 출처 (2026-09-28 · 채점자 선택 / 자동 초안)
D5: 보5 앞 당김 요청 표현 | E5: 보6 앞 당김 대처 | F5: 보9 뒤 버팀 대처 | G5: 환경 −합/관찰수 | H5: 환경 +합/관찰수 | I5: 환경 관찰수 /3 | J5: 사람 방향 요약 | K5: 사람 −합/관찰수 | L5: 사람 +합/관찰수 | M5: 평가자 선택 · 잠정 | N5: 재회 몸 상태 | O5: 재회 발성량 0~3 | P5: 걷기 거리 개24 | Q5: 걷기 시선 개25 | R5: 근접 국면 비율 | S5: 퇴장 문 통과 | T5: 퇴장 물건 반응 | U5: 퇴장 발성량 | V5: |기준 몸|−|무시 몸| | W5: |혼자 몸|−|재회 몸| | X5: 사용 안 함 | Y5: 기준 몸 상태 | Z5: 근접 국면 비율 | AB5: 개9 · 초기 10초 | AC5: 개10 · 이후 50초 | AD5: 재회 몸 개18 | AE5: 접촉 쪽 합 /6 | AF5: 거리 쪽 합 /6 | AG5: 환경 방향 요약 | AH5: 걷기 거리 범주 | AI5: 퇴장 문 범주 | AJ5: 몸 상태 −칸 수 | AK5: 몸 상태 +칸 수 | AL5: 몸 상태 방향 요약 | AN5: 입장 문 범주 | AO5: 걷기 시선 범주 | AP5: 입장 꼬리−기준 꼬리 | AQ5: 보호자 유형 (최종) | AR5: 구간·시각·대응 | AS5: 자동 누락 확인 | AT5: 사람 기록 | AU5: 행동 패턴 · 자동 | AV5: 발성·사건 별도 표시 | AW5: 환경 중앙범주 지표 | AX5: 사람 중앙범주 지표 | AY5: 통합 중앙범주 지표 | AZ5: 무시 발성량 원코드 | BA5: 환경 −절댓값 합 | BB5: 환경 +합 | BC5: 환경 관찰 수 /3 | BD5: 사람 −절댓값 합 | BE5: 사람 +합 | BF5: 사람 관찰 수 /7 | BG5: 영상·시각·조건 | BH5: 사람/AI 구분 | BI5: 입력 누락 확인 | BJ5: 근거 입력 후 표시 | BK5: 퇴장 직후와 재회·무시 | BL5: 입장(바5) | BM5: 혼자(바9) | BN5: 낯선(바11) | BO5: 퇴장(바13) | BP5: 무시(바39) | BQ5: 재회 접촉(바43) | BR5: 입장 새 물건(바44) | BS5: 낯선 접촉(바45) | BT5: 흔들림 · 낯선(바41) | BU5: 흔들림 · 재회(바42) | BV5: 주저 쪽 칸 수 | BW5: 들이닥침 쪽 칸 수 | BX5: 주축 관찰 칸 수 | BY5: 자동 초안 | BZ5: 근거 요약 | CA5: 완료된 입장 판단 | CB5: 입장 관찰 근거 | CC5: 입장 판단 · 최종 | CD5: 완료된 의견만 연결 | CE5: 완료된 의견만 연결 | CF5: 완료된 의견만 연결 | CG5: 완료된 의견만 연결 | CH5: 완료된 의견만 연결 | CI5: 완료된 의견만 연결 | CJ5: 완료 여부 확인 | CK5: 개9·개10 조합 · 자동 | CL5: 내부 작성 자료 · 완료 의견 우선 / 빈 영역은 AI 근거 | CM5: 내부 작성 자료 · 완료 의견 우선 / 빈 영역은 AI 근거 | CN5: 내부 작성 자료 · 완료 의견 우선 / 빈 영역은 AI 근거 | CO5: 내부 작성 자료 · 완료 의견 우선 / 빈 영역은 AI 근거 | CP5: 내부 작성 자료 · 완료 의견 우선 / 빈 영역은 AI 근거 | CQ5: 빈칸이면 해당 영역 AI 영상·설문 근거로 작성 | CR5: 빈칸이면 해당 영역 AI 영상·설문 근거로 작성 | CS5: 빈칸이면 해당 영역 AI 영상·설문 근거로 작성 | CT5: 빈칸이면 해당 영역 AI 영상·설문 근거로 작성 | CU5: 판정 출처
A6: 1 | D6: =IF(COUNT('3_보호자행동'!J5)=0,"",'3_보호자행동'!J5) | E6: =IF(COUNT('3_보호자행동'!J6)=0,"",'3_보호자행동'!J6) | F6: =IF(COUNT('3_보호자행동'!J9)=0,"",'3_보호자행동'!J9) | G6: =IF(AND(OR('3_보호자행동'!J14=1,'3_보호자행동'!J14=2),BC6>=2),BA6/BC6,"") | H6: =IF(AND(OR('3_보호자행동'!J14=1,'3_보호자행동'!J14=2),BC6>=2),BB6/BC6,"") | I6: =BC6 -> 0 | J6: =IF(BF6<4,"자료 부족",IF(AND(BD6>0,BE6>0),"양방향 관찰",IF(BD6>0,"−방향 관찰",IF(BE6>0,"+방향 관찰","중앙범주만 관찰")))) -> 자료 부족 | K6: =IF(BF6>=4,BD6/BF6,"") | L6: =IF(BF6>=4,BE6/BF6,"") | M6: =IF(LEN(TRIM('2_개행동'!B70&""))=0,"미판정",IF(OR('2_개행동'!B70="곁에서 안심하는 사이",'2_개행동'!B70="가까이 있어도 안심이 어려운 사이",'2_개행동'!B70="거리를 두고 지내는 사이",'2_개행동'!B70="다가감과 물러섬이 함께 나오는 사이",'2_개행동'!B70="판정보류"),'2_개행동'!B70,"유형 입력 확인")) -> 미판정 | N6: =IF(COUNT('2_개행동'!J18)=0,"",'2_개행동'!J18) | O6: =IF(COUNT('2_개행동'!J47)=0,"",'2_개행동'!J47) | P6: =IF(OR('3_보호자행동'!J13=1,'3_보호자행동'!J13=2),IF(COUNT('2_개행동'!J24)=0,"",'2_개행동'!J24),"") | Q6: =IF(OR('3_보호자행동'!J13=1,'3_보호자행동'!J13=2),IF(COUNT('2_개행동'!J25)=0,"",'2_개행동'!J25),"") | R6: =IF(COUNT(Z6)=0,"",Z6) | S6: =IF(COUNT('2_개행동'!J28)=0,"",'2_개행동'!J28) | T6: =IF(COUNT('2_개행동'!J34)=0,"",'2_개행동'!J34) | U6: =IF(COUNT('2_개행동'!J50)=0,"",'2_개행동'!J50) | V6: =IF(AND(COUNT('2_개행동'!J8,'2_개행동'!J23)=2,OR('3_보호자행동'!J12=1,'3_보호자행동'!J12=2)),ABS('2_개행동'!J8)-ABS('2_개행동'!J23),"") | W6: =IF(COUNT('2_개행동'!J58,'2_개행동'!J18)<2,"",ABS('2_개행동'!J58)-ABS('2_개행동'!J18)) | Y6: =IF(COUNT('2_개행동'!J8)=0,"",'2_개행동'!J8) | Z6: =IF(COUNT('2_개행동'!J27)=0,"",'2_개행동'!J27) | AB6: =IF(COUNT('2_개행동'!J9)=0,"",'2_개행동'!J9) | AC6: =IF(COUNT('2_개행동'!J10)=0,"",'2_개행동'!J10) | AD6: =IF(COUNT('2_개행동'!J18)=0,"",'2_개행동'!J18) | AE6: =IF(AND(COUNT('2_개행동'!J17,'2_개행동'!J19,'2_개행동'!J22)=3,OR('3_보호자행동'!J12=1,'3_보호자행동'!J12=2)),IF(COUNT('2_개행동'!J17)=0,0,MAX(0,-'2_개행동'!J17))+IF(COUNT('2_개행동'!J19)=0,0,MAX(0,-'2_개행동'!J19))+IF(COUNT('2_개행동'!J22)=0,0,MAX(0,-'2_개행동'!J22)),"") | AF6: =IF(AND(COUNT('2_개행동'!J17,'2_개행동'!J19,'2_개행동'!J22)=3,OR('3_보호자행동'!J12=1,'3_보호자행동'!J12=2)),IF(COUNT('2_개행동'!J17)=0,0,MAX(0,'2_개행동'!J17))+IF(COUNT('2_개행동'!J19)=0,0,MAX(0,'2_개행동'!J19))+IF(COUNT('2_개행동'!J22)=0,0,MAX(0,'2_개행동'!J22)),"") | AG6: =IF(COUNT('3_보호자행동'!J14)=0,"조건 미확인",IF('3_보호자행동'!J14=3,"조건 이탈",IF(BC6<2,"자료 부족",IF(AND(BA6>0,BB6>0),"양방향 관찰",IF(BA6>0,"−방향 관찰",IF(BB6>0,"+방향 관찰","중앙범주만 관찰")))))) -> 조건 미확인 | AH6: =IF(COUNT('3_보호자행동'!J13)=0,"조건 미확인",IF('3_보호자행동'!J13=3,"조건 이탈",IF(COUNT('2_개행동'!J24)=0,"자료 부족",CHOOSE('2_개행동'!J24+3,"−2","−1","0","+1","+2")))) -> 조건 미확인 | AI6: =IF(COUNT('2_개행동'!J28)=0,"자료 부족",CHOOSE('2_개행동'!J28+3,"−2","−1","0","+1","+2")) -> 자료 부족 | AJ6: =IF(COUNT('2_개행동'!J8,'2_개행동'!J14,'2_개행동'!J18,'2_개행동'!J23,'2_개행동'!J44,'2_개행동'!J52,'2_개행동'!J58)=0,"",IF(COUNT('2_개행동'!J8)=0,0,IF('2_개행동'!J8<0,1,0))+IF(COUNT('2_개행동'!J14)=0,0,IF('2_개행동'!J14<0,1,0))+IF(COUNT('2_개행동'!J18)=0,0,IF('2_개행동'!J18<0,1,0))+IF(COUNT('2_개행동'!J23)=0,0,IF('2_개행동'!J23<0,1,0))+IF(COUNT('2_개행동'!J44)=0,0,IF('2_개행동'!J44<0,1,0))+IF(COUNT('2_개행동'!J52)=0,0,IF('2_개행동'!J52<0,1,0))+IF(COUNT('2_개행동'!J58)=0,0,IF('2_개행동'!J58<0,1,0))) | AK6: =IF(COUNT('2_개행동'!J8,'2_개행동'!J14,'2_개행동'!J18,'2_개행동'!J23,'2_개행동'!J44,'2_개행동'!J52,'2_개행동'!J58)=0,"",IF(COUNT('2_개행동'!J8)=0,0,IF('2_개행동'!J8>0,1,0))+IF(COUNT('2_개행동'!J14)=0,0,IF('2_개행동'!J14>0,1,0))+IF(COUNT('2_개행동'!J18)=0,0,IF('2_개행동'!J18>0,1,0))+IF(COUNT('2_개행동'!J23)=0,0,IF('2_개행동'!J23>0,1,0))+IF(COUNT('2_개행동'!J44)=0,0,IF('2_개행동'!J44>0,1,0))+IF(COUNT('2_개행동'!J52)=0,0,IF('2_개행동'!J52>0,1,0))+IF(COUNT('2_개행동'!J58)=0,0,IF('2_개행동'!J58>0,1,0))) | AL6: =IF(COUNT('2_개행동'!J8,'2_개행동'!J14,'2_개행동'!J18,'2_개행동'!J23,'2_개행동'!J44,'2_개행동'!J52,'2_개행동'!J58)<1,"자료 부족",IF(AND(AJ6>0,AK6>0),"양방향 관찰",IF(AJ6>0,"−방향 관찰",IF(AK6>0,"+방향 관찰","중앙범주만 관찰")))) -> 자료 부족 | AM6: =IF(AND(COUNT('2_개행동'!J30,'2_개행동'!J34)=2,OR('3_보호자행동'!J14=1,'3_보호자행동'!J14=2)),IF('2_개행동'!J30='2_개행동'!J34,"같은 범주","범주 변화"),"비교 보류") -> 비교 보류 | AN6: =IF(COUNT('2_개행동'!J5)=0,"자료 부족",CHOOSE('2_개행동'!J5+3,"−2","−1","0","+1","+2")) -> 자료 부족 | AO6: =IF(COUNT('3_보호자행동'!J13)=0,"조건 미확인",IF('3_보호자행동'!J13=3,"조건 이탈",IF(COUNT('2_개행동'!J25)=0,"자료 부족",CHOOSE('2_개행동'!J25+3,"−2","−1","0","+1","+2")))) -> 조건 미확인 | AP6: =IF(COUNT('1_바디시그널'!J7,'1_바디시그널'!J38)<2,"",'1_바디시그널'!J7-'1_바디시그널'!J38) | AQ6: =IF(LEN(TRIM('3_보호자행동'!T51&""))=0,"",'3_보호자행동'!T51) -> 판정보류 | AR6: =IF('3_보호자행동'!U51<>"채점자 선택","",IF(LEN(TRIM('3_보호자행동'!C51&""))=0,"",'3_보호자행동'!C51)) | AS6: ='3_보호자행동'!I51 -> 자동 · 판정보류 | AT6: =IF('3_보호자행동'!U51="채점자 선택",'3_보호자행동'!G51,"") | AU6: =IF(COUNT('3_보호자행동'!J12)=0,"조건 미확인",IF('3_보호자행동'!J12=3,"조건 이탈",IF(COUNT(AE6,AF6,'2_개행동'!J18)<3,"자료 부족",IF(AND(AE6>=2,AF6>=2),"접촉·거리 반응 혼재",IF(ABS('2_개행동'!J18)=2,"재회 몸 상태 지속",IF(AF6>=3,"거리 유지 관찰",IF(AE6>=4,"접촉 유지 관찰","기준상 뚜렷한 치우침 없음"))))))) -> 조건 미확인 | AV6: ="발성량: 혼자 "&IF(COUNT('2_개행동'!J11)=0,"미확인",TEXT('2_개행동'!J11,"0"))&" / 재회 "&IF(COUNT('2_개행동'!J47)=0,"미확인",TEXT('2_개행동'!J47,"0"))&" / 무시 "&IF(COUNT('2_개행동'!J48)=0,"미확인",TEXT('2_개행동'!J48,"0"))&" · 접근 변화 사건 "&IF(COUNT('2_개행동'!J21)=0,"미확인",TEXT('2_개행동'!J21,"0")) -> 발성량: 혼자 미확인 / 재회 미확인 / 무시 미확인 · 접근 변화 사건 미확인 | AW6: =IF(AND(OR('3_보호자행동'!J14=1,'3_보호자행동'!J14=2),BC6>=2),(IF(COUNT('2_개행동'!J5)=0,0,100-50*ABS('2_개행동'!J5))+IF(COUNT('2_개행동'!J6)=0,0,100-50*ABS('2_개행동'!J6))+IF(COUNT('2_개행동'!J30)=0,0,100-50*ABS('2_개행동'!J30)))/BC6,"") | AX6: =IF(BF6>=4,(IF(COUNT('2_개행동'!J13)=0,0,100-50*ABS('2_개행동'!J13))+IF(COUNT('2_개행동'!J14)=0,0,100-50*ABS('2_개행동'!J14))+IF(COUNT('2_개행동'!J15)=0,0,100-50*ABS('2_개행동'!J15))+IF(COUNT('2_개행동'!J51)=0,0,100-50*ABS('2_개행동'!J51))+IF(COUNT('2_개행동'!J52)=0,0,100-50*ABS('2_개행동'!J52))+IF(COUNT('2_개행동'!J54)=0,0,100-50*ABS('2_개행동'!J54))+IF(COUNT('2_개행동'!J55)=0,0,100-50*ABS('2_개행동'!J55)))/BF6,"") | AY6: =IF(COUNT(AW6,AX6)<2,"",(AW6*BC6+AX6*BF6)/(BC6+BF6)) | AZ6: =IF(COUNT('2_개행동'!J48)=0,"",'2_개행동'!J48) | BA6: =IF(COUNT('2_개행동'!J5,'2_개행동'!J6,'2_개행동'!J30)=0,"",IF(COUNT('2_개행동'!J5)=0,0,MAX(0,-'2_개행동'!J5))+IF(COUNT('2_개행동'!J6)=0,0,MAX(0,-'2_개행동'!J6))+IF(COUNT('2_개행동'!J30)=0,0,MAX(0,-'2_개행동'!J30))) | BB6: =IF(COUNT('2_개행동'!J5,'2_개행동'!J6,'2_개행동'!J30)=0,"",IF(COUNT('2_개행동'!J5)=0,0,MAX(0,'2_개행동'!J5))+IF(COUNT('2_개행동'!J6)=0,0,MAX(0,'2_개행동'!J6))+IF(COUNT('2_개행동'!J30)=0,0,MAX(0,'2_개행동'!J30))) | BC6: =COUNT('2_개행동'!J5,'2_개행동'!J6,'2_개행동'!J30) -> 0 | BD6: =IF(COUNT('2_개행동'!J13,'2_개행동'!J14,'2_개행동'!J15,'2_개행동'!J51,'2_개행동'!J52,'2_개행동'!J54,'2_개행동'!J55)=0,"",IF(COUNT('2_개행동'!J13)=0,0,MAX(0,-'2_개행동'!J13))+IF(COUNT('2_개행동'!J14)=0,0,MAX(0,-'2_개행동'!J14))+IF(COUNT('2_개행동'!J15)=0,0,MAX(0,-'2_개행동'!J15))+IF(COUNT('2_개행동'!J51)=0,0,MAX(0,-'2_개행동'!J51))+IF(COUNT('2_개행동'!J52)=0,0,MAX(0,-'2_개행동'!J52))+IF(COUNT('2_개행동'!J54)=0,0,MAX(0,-'2_개행동'!J54))+IF(COUNT('2_개행동'!J55)=0,0,MAX(0,-'2_개행동'!J55))) | BE6: =IF(COUNT('2_개행동'!J13,'2_개행동'!J14,'2_개행동'!J15,'2_개행동'!J51,'2_개행동'!J52,'2_개행동'!J54,'2_개행동'!J55)=0,"",IF(COUNT('2_개행동'!J13)=0,0,MAX(0,'2_개행동'!J13))+IF(COUNT('2_개행동'!J14)=0,0,MAX(0,'2_개행동'!J14))+IF(COUNT('2_개행동'!J15)=0,0,MAX(0,'2_개행동'!J15))+IF(COUNT('2_개행동'!J51)=0,0,MAX(0,'2_개행동'!J51))+IF(COUNT('2_개행동'!J52)=0,0,MAX(0,'2_개행동'!J52))+IF(COUNT('2_개행동'!J54)=0,0,MAX(0,'2_개행동'!J54))+IF(COUNT('2_개행동'!J55)=0,0,MAX(0,'2_개행동'!J55))) | BF6: =COUNT('2_개행동'!J13,'2_개행동'!J14,'2_개행동'!J15,'2_개행동'!J51,'2_개행동'!J52,'2_개행동'!J54,'2_개행동'!J55) -> 0 | BG6: =IF(LEN(TRIM('2_개행동'!C70&""))=0,"",'2_개행동'!C70) | BH6: =IF(LEN(TRIM('2_개행동'!G70&""))=0,"",'2_개행동'!G70) | BI6: ='2_개행동'!I70 -> 미판정 | BJ6: =IF(M6="미판정","애착유형 미판정",IF(M6="유형 입력 확인","유형 입력을 확인해 주세요.",IF(LEN(TRIM(BG6&""))=0,IF(M6="판정보류","판정보류 사유를 입력해 주세요.","관찰 근거 미기록: 유형 설명 보류"),IF(M6="곁에서 안심하는 사이",성향문장!C49,IF(M6="가까이 있어도 안심이 어려운 사이",성향문장!C50,IF(M6="거리를 두고 지내는 사이",성향문장!C51,IF(M6="다가감과 물러섬이 함께 나오는 사이",성향문장!C52,성향문장!C53))))))) -> 애착유형 미판정 | BK6: =IF(COUNT('3_보호자행동'!J12)=0,"조건 미확인",IF('3_보호자행동'!J12=3,"조건 이탈",IF(COUNT('2_개행동'!J9,'2_개행동'!J17,'2_개행동'!J18,'2_개행동'!J19,'2_개행동'!J22)<5,"자료 부족",IF(N('2_개행동'!J21)>=2,"접근이 여러 번 바뀜 — 한 서술로 묶지 않음",IF(AND($AE6>=2,$AF6>=2),"섞여 있음",IF(-'2_개행동'!J9>=1,IF(ABS('2_개행동'!J18)<=1,IF($AF6>=$AE6,"없을 때 흔들 → 있을 때 가라앉고 자기 일","없을 때 흔들 → 있을 때 가라앉고 곁에 붙음"),"없을 때 흔들 → 있을 때도 못 가라앉음"),IF($AE6>=2,"없을 때 담담 → 있을 때 곁에 붙음","없을 때도 있을 때도 비슷"))))))) -> 조건 미확인 | BL6: =IF(OR(COUNT('1_바디시그널'!J$5)=0,COUNT('1_바디시그널'!J$38)=0),"",'1_바디시그널'!J$5-'1_바디시그널'!J$38) | BM6: =IF(OR(COUNT('1_바디시그널'!J$9)=0,COUNT('1_바디시그널'!J$38)=0),"",'1_바디시그널'!J$9-'1_바디시그널'!J$38) | BN6: =IF(OR(COUNT('1_바디시그널'!J$11)=0,COUNT('1_바디시그널'!J$38)=0),"",'1_바디시그널'!J$11-'1_바디시그널'!J$38) | BO6: =IF(OR(COUNT('1_바디시그널'!J$13)=0,COUNT('1_바디시그널'!J$38)=0),"",'1_바디시그널'!J$13-'1_바디시그널'!J$38) | BP6: =IF(OR(COUNT('1_바디시그널'!J$39)=0,COUNT('1_바디시그널'!J$38)=0),"",'1_바디시그널'!J$39-'1_바디시그널'!J$38) | BQ6: =IF(OR(COUNT('1_바디시그널'!J$43)=0,COUNT('1_바디시그널'!J$38)=0),"",'1_바디시그널'!J$43-'1_바디시그널'!J$38) | BR6: =IF(OR(COUNT('1_바디시그널'!J$44)=0,COUNT('1_바디시그널'!J$38)=0),"",'1_바디시그널'!J$44-'1_바디시그널'!J$38) | BS6: =IF(OR(COUNT('1_바디시그널'!J$45)=0,COUNT('1_바디시그널'!J$38)=0),"",'1_바디시그널'!J$45-'1_바디시그널'!J$38) | BT6: =IF(OR(COUNT('1_바디시그널'!J$41)=0,COUNT('1_바디시그널'!J$40)=0),"",'1_바디시그널'!J$41-'1_바디시그널'!J$40) | BU6: =IF(OR(COUNT('1_바디시그널'!J$42)=0,COUNT('1_바디시그널'!J$40)=0),"",'1_바디시그널'!J$42-'1_바디시그널'!J$40) | BV6: =N('2_개행동'!J$5<=-1)+N('2_개행동'!J$6<=-1)+IF(AND(COUNT('2_개행동'!J$30)=1,COUNT('3_보호자행동'!J$14)=1,'3_보호자행동'!J$14<=2),N('2_개행동'!J$30<=-1),0) -> 0 | BW6: =N('2_개행동'!J$5>=1)+N('2_개행동'!J$6>=1)+IF(AND(COUNT('2_개행동'!J$30)=1,COUNT('3_보호자행동'!J$14)=1,'3_보호자행동'!J$14<=2),N('2_개행동'!J$30>=1),0) -> 0 | BX6: =COUNT('2_개행동'!J$5,'2_개행동'!J$6)+IF(AND(COUNT('2_개행동'!J$30)=1,COUNT('3_보호자행동'!J$14)=1,'3_보호자행동'!J$14<=2),1,0) -> 0 | BY6: =IF($BX6<2,"자료 부족",IF(AND($BV6>=1,$BW6>=1),"자극에 따라 다름",IF($BV6>=2,"주저함 · 거리를 벌림",IF($BW6>=2,"살피지 않고 들이닥침","뚜렷한 치우침 없음")))) -> 자료 부족 | BZ6: ="문 "&IF(COUNT('2_개행동'!J$5)=0,"미확인",SUBSTITUTE(TEXT('2_개행동'!J$5,"+0;-0;0"),"-","−"))&" · 바닥 "&IF(COUNT('2_개행동'!J$6)=0,"미확인",SUBSTITUTE(TEXT('2_개행동'!J$6,"+0;-0;0"),"-","−"))&" · 물건 "&IF(AND(COUNT('2_개행동'!J$30)=1,COUNT('3_보호자행동'!J$14)=1,'3_보호자행동'!J$14<=2),IF(COUNT('2_개행동'!J$30)=0,"미확인",SUBSTITUTE(TEXT('2_개행동'!J$30,"+0;-0;0"),"-","−")),"보류")&" / 꼬리 기준대비 입장 "&IF(COUNT($BL6)=0,"미확인",SUBSTITUTE(TEXT($BL6,"+0;-0;0"),"-","−"))&" · 바닥 "&IF(COUNT($AP6)=0,"미확인",SUBSTITUTE(TEXT($AP6,"+0;-0;0"),"-","−"))&" · 물건 "&IF(COUNT($BR6)=0,"미확인",SUBSTITUTE(TEXT($BR6,"+0;-0;0"),"-","−"))&" / 긴장 신호 "&IF(COUNT('1_바디시그널'!J$14,'1_바디시그널'!J$15,'1_바디시그널'!J$16)=0,"미확인",TEXT(SUM('1_바디시그널'!J$14,'1_바디시그널'!J$15,'1_바디시그널'!J$16),"0")&"회")&" / 냄새 "&IF(COUNT('2_개행동'!J$7)=0,"미확인",IF('2_개행동'!J$7=0,"씀","안 씀")) -> 문 미확인 · 바닥 미확인 · 물건 보류 / 꼬리 기준대비 입장 미확인 · 바닥 미확인 · 물건 미확인 / 긴장 신호 미확인 / 냄새 미확인 | CA6: =IF(AND('6_행사전문가의견'!E40="완료",OR('6_행사전문가의견'!B42="주저함 · 거리를 벌림",'6_행사전문가의견'!B42="뚜렷한 치우침 없음",'6_행사전문가의견'!B42="살피지 않고 들이닥침",'6_행사전문가의견'!B42="자극에 따라 다름",'6_행사전문가의견'!B42="판단보류"),LEN(TRIM('6_행사전문가의견'!B43&""))>0),'6_행사전문가의견'!B42,"") | CB6: =IF(AND('6_행사전문가의견'!E40="완료",OR('6_행사전문가의견'!B42="주저함 · 거리를 벌림",'6_행사전문가의견'!B42="뚜렷한 치우침 없음",'6_행사전문가의견'!B42="살피지 않고 들이닥침",'6_행사전문가의견'!B42="자극에 따라 다름",'6_행사전문가의견'!B42="판단보류"),LEN(TRIM('6_행사전문가의견'!B43&""))>0),'6_행사전문가의견'!B43,"") | CC6: =IF(LEN(TRIM(CA6&""))>0,CA6,BY6) -> 자료 부족 | CD6: =IF('6_행사전문가의견'!E40<>"완료","",IF(LEN(TRIM('6_행사전문가의견'!D33&""))=0,"",'6_행사전문가의견'!D33)) | CE6: =IF('6_행사전문가의견'!E40<>"완료","",IF(LEN(TRIM('6_행사전문가의견'!D34&""))=0,"",'6_행사전문가의견'!D34)) | CF6: =IF('6_행사전문가의견'!E40<>"완료","",IF(LEN(TRIM('6_행사전문가의견'!D35&""))=0,"",'6_행사전문가의견'!D35)) | CG6: =IF('6_행사전문가의견'!E40<>"완료","",IF(LEN(TRIM('6_행사전문가의견'!D37&""))=0,"",'6_행사전문가의견'!D37)) | CH6: =IF('6_행사전문가의견'!E40<>"완료","",IF(LEN(TRIM('6_행사전문가의견'!D39&""))=0,"",'6_행사전문가의견'!D39)) | CI6: =IF('6_행사전문가의견'!E40<>"완료","",IF(LEN(TRIM('6_행사전문가의견'!C31&""))=0,"",'6_행사전문가의견'!C31)) | CJ6: ='6_행사전문가의견'!E40 -> 미작성 | CK6: ='2_개행동'!J60 -> 미채점 | CL6: =IF(LEN(TRIM(CD6&""))>0,CD6,"분리 초기: "&IF(COUNT('2_개행동'!J$9)=0,"자료 부족",INDEX('2_개행동'!$C$9:$G$9,1,'2_개행동'!J$9+3))&" / 분리 이후: "&IF(COUNT('2_개행동'!J$10)=0,"자료 부족",INDEX('2_개행동'!$C$10:$G$10,1,'2_개행동'!J$10+3))&" / 변화: "&CK6&" / 분리·재회·무시 보조: "&BK6&" / 재회·무시 패턴: "&AU6&IF(M6="미판정",""," / 기본 유형: "&M6&IF(LEN(TRIM(BG6&""))>0," / 근거: "&BG6,""))) -> 분리 초기: 자료 부족 / 분리 이후: 자료 부족 / 변화: 미채점 / 분리·재회·무시 보조: 조건 미확인 / 재회·무시 패턴: 조건 미확인 | CM6: =IF(LEN(TRIM(CE6&""))>0,CE6,IF(LEN(TRIM(AQ6&""))=0,"",AQ6&IF(LEN(TRIM(AR6&""))>0,". "&AR6,IF(COUNT('3_보호자행동'!P51)=0," (자동 초안 · 근거 비율 미산출)"," (자동 초안 · 허용 "&TEXT('3_보호자행동'!P51,"0.00")&" / 조율 "&TEXT('3_보호자행동'!Q51,"0.00")&" / 통제 "&TEXT('3_보호자행동'!R51,"0.00")&")")))) -> 판정보류 (자동 초안 · 근거 비율 미산출) | CN6: =IF(LEN(TRIM(CF6&""))>0,CF6,J6) -> 자료 부족 | CO6: =IF(LEN(TRIM(CG6&""))>0,CG6,AG6) -> 조건 미확인 | CP6: =IF(LEN(TRIM(CH6&""))>0,CH6,"") | CQ6: =IF('6_행사전문가의견'!E40<>"완료","",IF(LEN(TRIM('6_행사전문가의견'!D36&""))=0,"",'6_행사전문가의견'!D36)) | CR6: =IF('6_행사전문가의견'!E40<>"완료","",IF(LEN(TRIM('6_행사전문가의견'!D38&""))=0,"",'6_행사전문가의견'!D38)) | CS6: =IF(LEN(TRIM(CQ6&""))>0,CQ6,"") | CT6: =IF(LEN(TRIM(CR6&""))>0,CR6,"") | CU6: =IF(LEN(TRIM('3_보호자행동'!U51&""))=0,"",'3_보호자행동'!U51) -> 자동 초안
A7: 2 | D7: =IF(COUNT('3_보호자행동'!K5)=0,"",'3_보호자행동'!K5) | E7: =IF(COUNT('3_보호자행동'!K6)=0,"",'3_보호자행동'!K6) | F7: =IF(COUNT('3_보호자행동'!K9)=0,"",'3_보호자행동'!K9) | G7: =IF(AND(OR('3_보호자행동'!K14=1,'3_보호자행동'!K14=2),BC7>=2),BA7/BC7,"") | H7: =IF(AND(OR('3_보호자행동'!K14=1,'3_보호자행동'!K14=2),BC7>=2),BB7/BC7,"") | I7: =BC7 -> 0 | J7: =IF(BF7<4,"자료 부족",IF(AND(BD7>0,BE7>0),"양방향 관찰",IF(BD7>0,"−방향 관찰",IF(BE7>0,"+방향 관찰","중앙범주만 관찰")))) -> 자료 부족 | K7: =IF(BF7>=4,BD7/BF7,"") | L7: =IF(BF7>=4,BE7/BF7,"") | M7: =IF(LEN(TRIM('2_개행동'!B71&""))=0,"미판정",IF(OR('2_개행동'!B71="곁에서 안심하는 사이",'2_개행동'!B71="가까이 있어도 안심이 어려운 사이",'2_개행동'!B71="거리를 두고 지내는 사이",'2_개행동'!B71="다가감과 물러섬이 함께 나오는 사이",'2_개행동'!B71="판정보류"),'2_개행동'!B71,"유형 입력 확인")) -> 미판정 | N7: =IF(COUNT('2_개행동'!K18)=0,"",'2_개행동'!K18) | O7: =IF(COUNT('2_개행동'!K47)=0,"",'2_개행동'!K47) | P7: =IF(OR('3_보호자행동'!K13=1,'3_보호자행동'!K13=2),IF(COUNT('2_개행동'!K24)=0,"",'2_개행동'!K24),"") | Q7: =IF(OR('3_보호자행동'!K13=1,'3_보호자행동'!K13=2),IF(COUNT('2_개행동'!K25)=0,"",'2_개행동'!K25),"") | R7: =IF(COUNT(Z7)=0,"",Z7) | S7: =IF(COUNT('2_개행동'!K28)=0,"",'2_개행동'!K28) | T7: =IF(COUNT('2_개행동'!K34)=0,"",'2_개행동'!K34) | U7: =IF(COUNT('2_개행동'!K50)=0,"",'2_개행동'!K50) | V7: =IF(AND(COUNT('2_개행동'!K8,'2_개행동'!K23)=2,OR('3_보호자행동'!K12=1,'3_보호자행동'!K12=2)),ABS('2_개행동'!K8)-ABS('2_개행동'!K23),"") | W7: =IF(COUNT('2_개행동'!K58,'2_개행동'!K18)<2,"",ABS('2_개행동'!K58)-ABS('2_개행동'!K18)) | Y7: =IF(COUNT('2_개행동'!K8)=0,"",'2_개행동'!K8) | Z7: =IF(COUNT('2_개행동'!K27)=0,"",'2_개행동'!K27) | AB7: =IF(COUNT('2_개행동'!K9)=0,"",'2_개행동'!K9) | AC7: =IF(COUNT('2_개행동'!K10)=0,"",'2_개행동'!K10) | AD7: =IF(COUNT('2_개행동'!K18)=0,"",'2_개행동'!K18) | AE7: =IF(AND(COUNT('2_개행동'!K17,'2_개행동'!K19,'2_개행동'!K22)=3,OR('3_보호자행동'!K12=1,'3_보호자행동'!K12=2)),IF(COUNT('2_개행동'!K17)=0,0,MAX(0,-'2_개행동'!K17))+IF(COUNT('2_개행동'!K19)=0,0,MAX(0,-'2_개행동'!K19))+IF(COUNT('2_개행동'!K22)=0,0,MAX(0,-'2_개행동'!K22)),"") | AF7: =IF(AND(COUNT('2_개행동'!K17,'2_개행동'!K19,'2_개행동'!K22)=3,OR('3_보호자행동'!K12=1,'3_보호자행동'!K12=2)),IF(COUNT('2_개행동'!K17)=0,0,MAX(0,'2_개행동'!K17))+IF(COUNT('2_개행동'!K19)=0,0,MAX(0,'2_개행동'!K19))+IF(COUNT('2_개행동'!K22)=0,0,MAX(0,'2_개행동'!K22)),"") | AG7: =IF(COUNT('3_보호자행동'!K14)=0,"조건 미확인",IF('3_보호자행동'!K14=3,"조건 이탈",IF(BC7<2,"자료 부족",IF(AND(BA7>0,BB7>0),"양방향 관찰",IF(BA7>0,"−방향 관찰",IF(BB7>0,"+방향 관찰","중앙범주만 관찰")))))) -> 조건 미확인 | AH7: =IF(COUNT('3_보호자행동'!K13)=0,"조건 미확인",IF('3_보호자행동'!K13=3,"조건 이탈",IF(COUNT('2_개행동'!K24)=0,"자료 부족",CHOOSE('2_개행동'!K24+3,"−2","−1","0","+1","+2")))) -> 조건 미확인 | AI7: =IF(COUNT('2_개행동'!K28)=0,"자료 부족",CHOOSE('2_개행동'!K28+3,"−2","−1","0","+1","+2")) -> 자료 부족 | AJ7: =IF(COUNT('2_개행동'!K8,'2_개행동'!K14,'2_개행동'!K18,'2_개행동'!K23,'2_개행동'!K44,'2_개행동'!K52,'2_개행동'!K58)=0,"",IF(COUNT('2_개행동'!K8)=0,0,IF('2_개행동'!K8<0,1,0))+IF(COUNT('2_개행동'!K14)=0,0,IF('2_개행동'!K14<0,1,0))+IF(COUNT('2_개행동'!K18)=0,0,IF('2_개행동'!K18<0,1,0))+IF(COUNT('2_개행동'!K23)=0,0,IF('2_개행동'!K23<0,1,0))+IF(COUNT('2_개행동'!K44)=0,0,IF('2_개행동'!K44<0,1,0))+IF(COUNT('2_개행동'!K52)=0,0,IF('2_개행동'!K52<0,1,0))+IF(COUNT('2_개행동'!K58)=0,0,IF('2_개행동'!K58<0,1,0))) | AK7: =IF(COUNT('2_개행동'!K8,'2_개행동'!K14,'2_개행동'!K18,'2_개행동'!K23,'2_개행동'!K44,'2_개행동'!K52,'2_개행동'!K58)=0,"",IF(COUNT('2_개행동'!K8)=0,0,IF('2_개행동'!K8>0,1,0))+IF(COUNT('2_개행동'!K14)=0,0,IF('2_개행동'!K14>0,1,0))+IF(COUNT('2_개행동'!K18)=0,0,IF('2_개행동'!K18>0,1,0))+IF(COUNT('2_개행동'!K23)=0,0,IF('2_개행동'!K23>0,1,0))+IF(COUNT('2_개행동'!K44)=0,0,IF('2_개행동'!K44>0,1,0))+IF(COUNT('2_개행동'!K52)=0,0,IF('2_개행동'!K52>0,1,0))+IF(COUNT('2_개행동'!K58)=0,0,IF('2_개행동'!K58>0,1,0))) | AL7: =IF(COUNT('2_개행동'!K8,'2_개행동'!K14,'2_개행동'!K18,'2_개행동'!K23,'2_개행동'!K44,'2_개행동'!K52,'2_개행동'!K58)<1,"자료 부족",IF(AND(AJ7>0,AK7>0),"양방향 관찰",IF(AJ7>0,"−방향 관찰",IF(AK7>0,"+방향 관찰","중앙범주만 관찰")))) -> 자료 부족 | AM7: =IF(AND(COUNT('2_개행동'!K30,'2_개행동'!K34)=2,OR('3_보호자행동'!K14=1,'3_보호자행동'!K14=2)),IF('2_개행동'!K30='2_개행동'!K34,"같은 범주","범주 변화"),"비교 보류") -> 비교 보류 | AN7: =IF(COUNT('2_개행동'!K5)=0,"자료 부족",CHOOSE('2_개행동'!K5+3,"−2","−1","0","+1","+2")) -> 자료 부족 | AO7: =IF(COUNT('3_보호자행동'!K13)=0,"조건 미확인",IF('3_보호자행동'!K13=3,"조건 이탈",IF(COUNT('2_개행동'!K25)=0,"자료 부족",CHOOSE('2_개행동'!K25+3,"−2","−1","0","+1","+2")))) -> 조건 미확인 | AP7: =IF(COUNT('1_바디시그널'!K7,'1_바디시그널'!K38)<2,"",'1_바디시그널'!K7-'1_바디시그널'!K38) | AQ7: =IF(LEN(TRIM('3_보호자행동'!T52&""))=0,"",'3_보호자행동'!T52) -> 판정보류 | AR7: =IF('3_보호자행동'!U52<>"채점자 선택","",IF(LEN(TRIM('3_보호자행동'!C52&""))=0,"",'3_보호자행동'!C52)) | AS7: ='3_보호자행동'!I52 -> 자동 · 판정보류 | AT7: =IF('3_보호자행동'!U52="채점자 선택",'3_보호자행동'!G52,"") | AU7: =IF(COUNT('3_보호자행동'!K12)=0,"조건 미확인",IF('3_보호자행동'!K12=3,"조건 이탈",IF(COUNT(AE7,AF7,'2_개행동'!K18)<3,"자료 부족",IF(AND(AE7>=2,AF7>=2),"접촉·거리 반응 혼재",IF(ABS('2_개행동'!K18)=2,"재회 몸 상태 지속",IF(AF7>=3,"거리 유지 관찰",IF(AE7>=4,"접촉 유지 관찰","기준상 뚜렷한 치우침 없음"))))))) -> 조건 미확인 | AV7: ="발성량: 혼자 "&IF(COUNT('2_개행동'!K11)=0,"미확인",TEXT('2_개행동'!K11,"0"))&" / 재회 "&IF(COUNT('2_개행동'!K47)=0,"미확인",TEXT('2_개행동'!K47,"0"))&" / 무시 "&IF(COUNT('2_개행동'!K48)=0,"미확인",TEXT('2_개행동'!K48,"0"))&" · 접근 변화 사건 "&IF(COUNT('2_개행동'!K21)=0,"미확인",TEXT('2_개행동'!K21,"0")) -> 발성량: 혼자 미확인 / 재회 미확인 / 무시 미확인 · 접근 변화 사건 미확인 | AW7: =IF(AND(OR('3_보호자행동'!K14=1,'3_보호자행동'!K14=2),BC7>=2),(IF(COUNT('2_개행동'!K5)=0,0,100-50*ABS('2_개행동'!K5))+IF(COUNT('2_개행동'!K6)=0,0,100-50*ABS('2_개행동'!K6))+IF(COUNT('2_개행동'!K30)=0,0,100-50*ABS('2_개행동'!K30)))/BC7,"") | AX7: =IF(BF7>=4,(IF(COUNT('2_개행동'!K13)=0,0,100-50*ABS('2_개행동'!K13))+IF(COUNT('2_개행동'!K14)=0,0,100-50*ABS('2_개행동'!K14))+IF(COUNT('2_개행동'!K15)=0,0,100-50*ABS('2_개행동'!K15))+IF(COUNT('2_개행동'!K51)=0,0,100-50*ABS('2_개행동'!K51))+IF(COUNT('2_개행동'!K52)=0,0,100-50*ABS('2_개행동'!K52))+IF(COUNT('2_개행동'!K54)=0,0,100-50*ABS('2_개행동'!K54))+IF(COUNT('2_개행동'!K55)=0,0,100-50*ABS('2_개행동'!K55)))/BF7,"") | AY7: =IF(COUNT(AW7,AX7)<2,"",(AW7*BC7+AX7*BF7)/(BC7+BF7)) | AZ7: =IF(COUNT('2_개행동'!K48)=0,"",'2_개행동'!K48) | BA7: =IF(COUNT('2_개행동'!K5,'2_개행동'!K6,'2_개행동'!K30)=0,"",IF(COUNT('2_개행동'!K5)=0,0,MAX(0,-'2_개행동'!K5))+IF(COUNT('2_개행동'!K6)=0,0,MAX(0,-'2_개행동'!K6))+IF(COUNT('2_개행동'!K30)=0,0,MAX(0,-'2_개행동'!K30))) | BB7: =IF(COUNT('2_개행동'!K5,'2_개행동'!K6,'2_개행동'!K30)=0,"",IF(COUNT('2_개행동'!K5)=0,0,MAX(0,'2_개행동'!K5))+IF(COUNT('2_개행동'!K6)=0,0,MAX(0,'2_개행동'!K6))+IF(COUNT('2_개행동'!K30)=0,0,MAX(0,'2_개행동'!K30))) | BC7: =COUNT('2_개행동'!K5,'2_개행동'!K6,'2_개행동'!K30) -> 0 | BD7: =IF(COUNT('2_개행동'!K13,'2_개행동'!K14,'2_개행동'!K15,'2_개행동'!K51,'2_개행동'!K52,'2_개행동'!K54,'2_개행동'!K55)=0,"",IF(COUNT('2_개행동'!K13)=0,0,MAX(0,-'2_개행동'!K13))+IF(COUNT('2_개행동'!K14)=0,0,MAX(0,-'2_개행동'!K14))+IF(COUNT('2_개행동'!K15)=0,0,MAX(0,-'2_개행동'!K15))+IF(COUNT('2_개행동'!K51)=0,0,MAX(0,-'2_개행동'!K51))+IF(COUNT('2_개행동'!K52)=0,0,MAX(0,-'2_개행동'!K52))+IF(COUNT('2_개행동'!K54)=0,0,MAX(0,-'2_개행동'!K54))+IF(COUNT('2_개행동'!K55)=0,0,MAX(0,-'2_개행동'!K55))) | BE7: =IF(COUNT('2_개행동'!K13,'2_개행동'!K14,'2_개행동'!K15,'2_개행동'!K51,'2_개행동'!K52,'2_개행동'!K54,'2_개행동'!K55)=0,"",IF(COUNT('2_개행동'!K13)=0,0,MAX(0,'2_개행동'!K13))+IF(COUNT('2_개행동'!K14)=0,0,MAX(0,'2_개행동'!K14))+IF(COUNT('2_개행동'!K15)=0,0,MAX(0,'2_개행동'!K15))+IF(COUNT('2_개행동'!K51)=0,0,MAX(0,'2_개행동'!K51))+IF(COUNT('2_개행동'!K52)=0,0,MAX(0,'2_개행동'!K52))+IF(COUNT('2_개행동'!K54)=0,0,MAX(0,'2_개행동'!K54))+IF(COUNT('2_개행동'!K55)=0,0,MAX(0,'2_개행동'!K55))) | BF7: =COUNT('2_개행동'!K13,'2_개행동'!K14,'2_개행동'!K15,'2_개행동'!K51,'2_개행동'!K52,'2_개행동'!K54,'2_개행동'!K55) -> 0 | BG7: =IF(LEN(TRIM('2_개행동'!C71&""))=0,"",'2_개행동'!C71) | BH7: =IF(LEN(TRIM('2_개행동'!G71&""))=0,"",'2_개행동'!G71) | BI7: ='2_개행동'!I71 -> 미판정 | BJ7: =IF(M7="미판정","애착유형 미판정",IF(M7="유형 입력 확인","유형 입력을 확인해 주세요.",IF(LEN(TRIM(BG7&""))=0,IF(M7="판정보류","판정보류 사유를 입력해 주세요.","관찰 근거 미기록: 유형 설명 보류"),IF(M7="곁에서 안심하는 사이",성향문장!C49,IF(M7="가까이 있어도 안심이 어려운 사이",성향문장!C50,IF(M7="거리를 두고 지내는 사이",성향문장!C51,IF(M7="다가감과 물러섬이 함께 나오는 사이",성향문장!C52,성향문장!C53))))))) -> 애착유형 미판정 | BK7: =IF(COUNT('3_보호자행동'!K12)=0,"조건 미확인",IF('3_보호자행동'!K12=3,"조건 이탈",IF(COUNT('2_개행동'!K9,'2_개행동'!K17,'2_개행동'!K18,'2_개행동'!K19,'2_개행동'!K22)<5,"자료 부족",IF(N('2_개행동'!K21)>=2,"접근이 여러 번 바뀜 — 한 서술로 묶지 않음",IF(AND($AE7>=2,$AF7>=2),"섞여 있음",IF(-'2_개행동'!K9>=1,IF(ABS('2_개행동'!K18)<=1,IF($AF7>=$AE7,"없을 때 흔들 → 있을 때 가라앉고 자기 일","없을 때 흔들 → 있을 때 가라앉고 곁에 붙음"),"없을 때 흔들 → 있을 때도 못 가라앉음"),IF($AE7>=2,"없을 때 담담 → 있을 때 곁에 붙음","없을 때도 있을 때도 비슷"))))))) -> 조건 미확인 | BL7: =IF(OR(COUNT('1_바디시그널'!K$5)=0,COUNT('1_바디시그널'!K$38)=0),"",'1_바디시그널'!K$5-'1_바디시그널'!K$38) | BM7: =IF(OR(COUNT('1_바디시그널'!K$9)=0,COUNT('1_바디시그널'!K$38)=0),"",'1_바디시그널'!K$9-'1_바디시그널'!K$38) | BN7: =IF(OR(COUNT('1_바디시그널'!K$11)=0,COUNT('1_바디시그널'!K$38)=0),"",'1_바디시그널'!K$11-'1_바디시그널'!K$38) | BO7: =IF(OR(COUNT('1_바디시그널'!K$13)=0,COUNT('1_바디시그널'!K$38)=0),"",'1_바디시그널'!K$13-'1_바디시그널'!K$38) | BP7: =IF(OR(COUNT('1_바디시그널'!K$39)=0,COUNT('1_바디시그널'!K$38)=0),"",'1_바디시그널'!K$39-'1_바디시그널'!K$38) | BQ7: =IF(OR(COUNT('1_바디시그널'!K$43)=0,COUNT('1_바디시그널'!K$38)=0),"",'1_바디시그널'!K$43-'1_바디시그널'!K$38) | BR7: =IF(OR(COUNT('1_바디시그널'!K$44)=0,COUNT('1_바디시그널'!K$38)=0),"",'1_바디시그널'!K$44-'1_바디시그널'!K$38) | BS7: =IF(OR(COUNT('1_바디시그널'!K$45)=0,COUNT('1_바디시그널'!K$38)=0),"",'1_바디시그널'!K$45-'1_바디시그널'!K$38) | BT7: =IF(OR(COUNT('1_바디시그널'!K$41)=0,COUNT('1_바디시그널'!K$40)=0),"",'1_바디시그널'!K$41-'1_바디시그널'!K$40) | BU7: =IF(OR(COUNT('1_바디시그널'!K$42)=0,COUNT('1_바디시그널'!K$40)=0),"",'1_바디시그널'!K$42-'1_바디시그널'!K$40) | BV7: =N('2_개행동'!K$5<=-1)+N('2_개행동'!K$6<=-1)+IF(AND(COUNT('2_개행동'!K$30)=1,COUNT('3_보호자행동'!K$14)=1,'3_보호자행동'!K$14<=2),N('2_개행동'!K$30<=-1),0) -> 0 | BW7: =N('2_개행동'!K$5>=1)+N('2_개행동'!K$6>=1)+IF(AND(COUNT('2_개행동'!K$30)=1,COUNT('3_보호자행동'!K$14)=1,'3_보호자행동'!K$14<=2),N('2_개행동'!K$30>=1),0) -> 0 | BX7: =COUNT('2_개행동'!K$5,'2_개행동'!K$6)+IF(AND(COUNT('2_개행동'!K$30)=1,COUNT('3_보호자행동'!K$14)=1,'3_보호자행동'!K$14<=2),1,0) -> 0 | BY7: =IF($BX7<2,"자료 부족",IF(AND($BV7>=1,$BW7>=1),"자극에 따라 다름",IF($BV7>=2,"주저함 · 거리를 벌림",IF($BW7>=2,"살피지 않고 들이닥침","뚜렷한 치우침 없음")))) -> 자료 부족 | BZ7: ="문 "&IF(COUNT('2_개행동'!K$5)=0,"미확인",SUBSTITUTE(TEXT('2_개행동'!K$5,"+0;-0;0"),"-","−"))&" · 바닥 "&IF(COUNT('2_개행동'!K$6)=0,"미확인",SUBSTITUTE(TEXT('2_개행동'!K$6,"+0;-0;0"),"-","−"))&" · 물건 "&IF(AND(COUNT('2_개행동'!K$30)=1,COUNT('3_보호자행동'!K$14)=1,'3_보호자행동'!K$14<=2),IF(COUNT('2_개행동'!K$30)=0,"미확인",SUBSTITUTE(TEXT('2_개행동'!K$30,"+0;-0;0"),"-","−")),"보류")&" / 꼬리 기준대비 입장 "&IF(COUNT($BL7)=0,"미확인",SUBSTITUTE(TEXT($BL7,"+0;-0;0"),"-","−"))&" · 바닥 "&IF(COUNT($AP7)=0,"미확인",SUBSTITUTE(TEXT($AP7,"+0;-0;0"),"-","−"))&" · 물건 "&IF(COUNT($BR7)=0,"미확인",SUBSTITUTE(TEXT($BR7,"+0;-0;0"),"-","−"))&" / 긴장 신호 "&IF(COUNT('1_바디시그널'!K$14,'1_바디시그널'!K$15,'1_바디시그널'!K$16)=0,"미확인",TEXT(SUM('1_바디시그널'!K$14,'1_바디시그널'!K$15,'1_바디시그널'!K$16),"0")&"회")&" / 냄새 "&IF(COUNT('2_개행동'!K$7)=0,"미확인",IF('2_개행동'!K$7=0,"씀","안 씀")) -> 문 미확인 · 바닥 미확인 · 물건 보류 / 꼬리 기준대비 입장 미확인 · 바닥 미확인 · 물건 미확인 / 긴장 신호 미확인 / 냄새 미확인 | CA7: =IF(AND('6_행사전문가의견'!E56="완료",OR('6_행사전문가의견'!B58="주저함 · 거리를 벌림",'6_행사전문가의견'!B58="뚜렷한 치우침 없음",'6_행사전문가의견'!B58="살피지 않고 들이닥침",'6_행사전문가의견'!B58="자극에 따라 다름",'6_행사전문가의견'!B58="판단보류"),LEN(TRIM('6_행사전문가의견'!B59&""))>0),'6_행사전문가의견'!B58,"") | CB7: =IF(AND('6_행사전문가의견'!E56="완료",OR('6_행사전문가의견'!B58="주저함 · 거리를 벌림",'6_행사전문가의견'!B58="뚜렷한 치우침 없음",'6_행사전문가의견'!B58="살피지 않고 들이닥침",'6_행사전문가의견'!B58="자극에 따라 다름",'6_행사전문가의견'!B58="판단보류"),LEN(TRIM('6_행사전문가의견'!B59&""))>0),'6_행사전문가의견'!B59,"") | CC7: =IF(LEN(TRIM(CA7&""))>0,CA7,BY7) -> 자료 부족 | CD7: =IF('6_행사전문가의견'!E56<>"완료","",IF(LEN(TRIM('6_행사전문가의견'!D49&""))=0,"",'6_행사전문가의견'!D49)) | CE7: =IF('6_행사전문가의견'!E56<>"완료","",IF(LEN(TRIM('6_행사전문가의견'!D50&""))=0,"",'6_행사전문가의견'!D50)) | CF7: =IF('6_행사전문가의견'!E56<>"완료","",IF(LEN(TRIM('6_행사전문가의견'!D51&""))=0,"",'6_행사전문가의견'!D51)) | CG7: =IF('6_행사전문가의견'!E56<>"완료","",IF(LEN(TRIM('6_행사전문가의견'!D53&""))=0,"",'6_행사전문가의견'!D53)) | CH7: =IF('6_행사전문가의견'!E56<>"완료","",IF(LEN(TRIM('6_행사전문가의견'!D55&""))=0,"",'6_행사전문가의견'!D55)) | CI7: =IF('6_행사전문가의견'!E56<>"완료","",IF(LEN(TRIM('6_행사전문가의견'!C47&""))=0,"",'6_행사전문가의견'!C47)) | CJ7: ='6_행사전문가의견'!E56 -> 미작성 | CK7: ='2_개행동'!K60 -> 미채점 | CL7: =IF(LEN(TRIM(CD7&""))>0,CD7,"분리 초기: "&IF(COUNT('2_개행동'!K$9)=0,"자료 부족",INDEX('2_개행동'!$C$9:$G$9,1,'2_개행동'!K$9+3))&" / 분리 이후: "&IF(COUNT('2_개행동'!K$10)=0,"자료 부족",INDEX('2_개행동'!$C$10:$G$10,1,'2_개행동'!K$10+3))&" / 변화: "&CK7&" / 분리·재회·무시 보조: "&BK7&" / 재회·무시 패턴: "&AU7&IF(M7="미판정",""," / 기본 유형: "&M7&IF(LEN(TRIM(BG7&""))>0," / 근거: "&BG7,""))) -> 분리 초기: 자료 부족 / 분리 이후: 자료 부족 / 변화: 미채점 / 분리·재회·무시 보조: 조건 미확인 / 재회·무시 패턴: 조건 미확인 | CM7: =IF(LEN(TRIM(CE7&""))>0,CE7,IF(LEN(TRIM(AQ7&""))=0,"",AQ7&IF(LEN(TRIM(AR7&""))>0,". "&AR7,IF(COUNT('3_보호자행동'!P52)=0," (자동 초안 · 근거 비율 미산출)"," (자동 초안 · 허용 "&TEXT('3_보호자행동'!P52,"0.00")&" / 조율 "&TEXT('3_보호자행동'!Q52,"0.00")&" / 통제 "&TEXT('3_보호자행동'!R52,"0.00")&")")))) -> 판정보류 (자동 초안 · 근거 비율 미산출) | CN7: =IF(LEN(TRIM(CF7&""))>0,CF7,J7) -> 자료 부족 | CO7: =IF(LEN(TRIM(CG7&""))>0,CG7,AG7) -> 조건 미확인 | CP7: =IF(LEN(TRIM(CH7&""))>0,CH7,"") | CQ7: =IF('6_행사전문가의견'!E56<>"완료","",IF(LEN(TRIM('6_행사전문가의견'!D52&""))=0,"",'6_행사전문가의견'!D52)) | CR7: =IF('6_행사전문가의견'!E56<>"완료","",IF(LEN(TRIM('6_행사전문가의견'!D54&""))=0,"",'6_행사전문가의견'!D54)) | CS7: =IF(LEN(TRIM(CQ7&""))>0,CQ7,"") | CT7: =IF(LEN(TRIM(CR7&""))>0,CR7,"") | CU7: =IF(LEN(TRIM('3_보호자행동'!U52&""))=0,"",'3_보호자행동'!U52) -> 자동 초안
A8: 3 | D8: =IF(COUNT('3_보호자행동'!L5)=0,"",'3_보호자행동'!L5) | E8: =IF(COUNT('3_보호자행동'!L6)=0,"",'3_보호자행동'!L6) | F8: =IF(COUNT('3_보호자행동'!L9)=0,"",'3_보호자행동'!L9) | G8: =IF(AND(OR('3_보호자행동'!L14=1,'3_보호자행동'!L14=2),BC8>=2),BA8/BC8,"") | H8: =IF(AND(OR('3_보호자행동'!L14=1,'3_보호자행동'!L14=2),BC8>=2),BB8/BC8,"") | I8: =BC8 -> 0 | J8: =IF(BF8<4,"자료 부족",IF(AND(BD8>0,BE8>0),"양방향 관찰",IF(BD8>0,"−방향 관찰",IF(BE8>0,"+방향 관찰","중앙범주만 관찰")))) -> 자료 부족 | K8: =IF(BF8>=4,BD8/BF8,"") | L8: =IF(BF8>=4,BE8/BF8,"") | M8: =IF(LEN(TRIM('2_개행동'!B72&""))=0,"미판정",IF(OR('2_개행동'!B72="곁에서 안심하는 사이",'2_개행동'!B72="가까이 있어도 안심이 어려운 사이",'2_개행동'!B72="거리를 두고 지내는 사이",'2_개행동'!B72="다가감과 물러섬이 함께 나오는 사이",'2_개행동'!B72="판정보류"),'2_개행동'!B72,"유형 입력 확인")) -> 미판정 | N8: =IF(COUNT('2_개행동'!L18)=0,"",'2_개행동'!L18) | O8: =IF(COUNT('2_개행동'!L47)=0,"",'2_개행동'!L47) | P8: =IF(OR('3_보호자행동'!L13=1,'3_보호자행동'!L13=2),IF(COUNT('2_개행동'!L24)=0,"",'2_개행동'!L24),"") | Q8: =IF(OR('3_보호자행동'!L13=1,'3_보호자행동'!L13=2),IF(COUNT('2_개행동'!L25)=0,"",'2_개행동'!L25),"") | R8: =IF(COUNT(Z8)=0,"",Z8) | S8: =IF(COUNT('2_개행동'!L28)=0,"",'2_개행동'!L28) | T8: =IF(COUNT('2_개행동'!L34)=0,"",'2_개행동'!L34) | U8: =IF(COUNT('2_개행동'!L50)=0,"",'2_개행동'!L50) | V8: =IF(AND(COUNT('2_개행동'!L8,'2_개행동'!L23)=2,OR('3_보호자행동'!L12=1,'3_보호자행동'!L12=2)),ABS('2_개행동'!L8)-ABS('2_개행동'!L23),"") | W8: =IF(COUNT('2_개행동'!L58,'2_개행동'!L18)<2,"",ABS('2_개행동'!L58)-ABS('2_개행동'!L18)) | Y8: =IF(COUNT('2_개행동'!L8)=0,"",'2_개행동'!L8) | Z8: =IF(COUNT('2_개행동'!L27)=0,"",'2_개행동'!L27) | AB8: =IF(COUNT('2_개행동'!L9)=0,"",'2_개행동'!L9) | AC8: =IF(COUNT('2_개행동'!L10)=0,"",'2_개행동'!L10) | AD8: =IF(COUNT('2_개행동'!L18)=0,"",'2_개행동'!L18) | AE8: =IF(AND(COUNT('2_개행동'!L17,'2_개행동'!L19,'2_개행동'!L22)=3,OR('3_보호자행동'!L12=1,'3_보호자행동'!L12=2)),IF(COUNT('2_개행동'!L17)=0,0,MAX(0,-'2_개행동'!L17))+IF(COUNT('2_개행동'!L19)=0,0,MAX(0,-'2_개행동'!L19))+IF(COUNT('2_개행동'!L22)=0,0,MAX(0,-'2_개행동'!L22)),"") | AF8: =IF(AND(COUNT('2_개행동'!L17,'2_개행동'!L19,'2_개행동'!L22)=3,OR('3_보호자행동'!L12=1,'3_보호자행동'!L12=2)),IF(COUNT('2_개행동'!L17)=0,0,MAX(0,'2_개행동'!L17))+IF(COUNT('2_개행동'!L19)=0,0,MAX(0,'2_개행동'!L19))+IF(COUNT('2_개행동'!L22)=0,0,MAX(0,'2_개행동'!L22)),"") | AG8: =IF(COUNT('3_보호자행동'!L14)=0,"조건 미확인",IF('3_보호자행동'!L14=3,"조건 이탈",IF(BC8<2,"자료 부족",IF(AND(BA8>0,BB8>0),"양방향 관찰",IF(BA8>0,"−방향 관찰",IF(BB8>0,"+방향 관찰","중앙범주만 관찰")))))) -> 조건 미확인 | AH8: =IF(COUNT('3_보호자행동'!L13)=0,"조건 미확인",IF('3_보호자행동'!L13=3,"조건 이탈",IF(COUNT('2_개행동'!L24)=0,"자료 부족",CHOOSE('2_개행동'!L24+3,"−2","−1","0","+1","+2")))) -> 조건 미확인 | AI8: =IF(COUNT('2_개행동'!L28)=0,"자료 부족",CHOOSE('2_개행동'!L28+3,"−2","−1","0","+1","+2")) -> 자료 부족 | AJ8: =IF(COUNT('2_개행동'!L8,'2_개행동'!L14,'2_개행동'!L18,'2_개행동'!L23,'2_개행동'!L44,'2_개행동'!L52,'2_개행동'!L58)=0,"",IF(COUNT('2_개행동'!L8)=0,0,IF('2_개행동'!L8<0,1,0))+IF(COUNT('2_개행동'!L14)=0,0,IF('2_개행동'!L14<0,1,0))+IF(COUNT('2_개행동'!L18)=0,0,IF('2_개행동'!L18<0,1,0))+IF(COUNT('2_개행동'!L23)=0,0,IF('2_개행동'!L23<0,1,0))+IF(COUNT('2_개행동'!L44)=0,0,IF('2_개행동'!L44<0,1,0))+IF(COUNT('2_개행동'!L52)=0,0,IF('2_개행동'!L52<0,1,0))+IF(COUNT('2_개행동'!L58)=0,0,IF('2_개행동'!L58<0,1,0))) | AK8: =IF(COUNT('2_개행동'!L8,'2_개행동'!L14,'2_개행동'!L18,'2_개행동'!L23,'2_개행동'!L44,'2_개행동'!L52,'2_개행동'!L58)=0,"",IF(COUNT('2_개행동'!L8)=0,0,IF('2_개행동'!L8>0,1,0))+IF(COUNT('2_개행동'!L14)=0,0,IF('2_개행동'!L14>0,1,0))+IF(COUNT('2_개행동'!L18)=0,0,IF('2_개행동'!L18>0,1,0))+IF(COUNT('2_개행동'!L23)=0,0,IF('2_개행동'!L23>0,1,0))+IF(COUNT('2_개행동'!L44)=0,0,IF('2_개행동'!L44>0,1,0))+IF(COUNT('2_개행동'!L52)=0,0,IF('2_개행동'!L52>0,1,0))+IF(COUNT('2_개행동'!L58)=0,0,IF('2_개행동'!L58>0,1,0))) | AL8: =IF(COUNT('2_개행동'!L8,'2_개행동'!L14,'2_개행동'!L18,'2_개행동'!L23,'2_개행동'!L44,'2_개행동'!L52,'2_개행동'!L58)<1,"자료 부족",IF(AND(AJ8>0,AK8>0),"양방향 관찰",IF(AJ8>0,"−방향 관찰",IF(AK8>0,"+방향 관찰","중앙범주만 관찰")))) -> 자료 부족 | AM8: =IF(AND(COUNT('2_개행동'!L30,'2_개행동'!L34)=2,OR('3_보호자행동'!L14=1,'3_보호자행동'!L14=2)),IF('2_개행동'!L30='2_개행동'!L34,"같은 범주","범주 변화"),"비교 보류") -> 비교 보류 | AN8: =IF(COUNT('2_개행동'!L5)=0,"자료 부족",CHOOSE('2_개행동'!L5+3,"−2","−1","0","+1","+2")) -> 자료 부족 | AO8: =IF(COUNT('3_보호자행동'!L13)=0,"조건 미확인",IF('3_보호자행동'!L13=3,"조건 이탈",IF(COUNT('2_개행동'!L25)=0,"자료 부족",CHOOSE('2_개행동'!L25+3,"−2","−1","0","+1","+2")))) -> 조건 미확인 | AP8: =IF(COUNT('1_바디시그널'!L7,'1_바디시그널'!L38)<2,"",'1_바디시그널'!L7-'1_바디시그널'!L38) | AQ8: =IF(LEN(TRIM('3_보호자행동'!T53&""))=0,"",'3_보호자행동'!T53) -> 판정보류 | AR8: =IF('3_보호자행동'!U53<>"채점자 선택","",IF(LEN(TRIM('3_보호자행동'!C53&""))=0,"",'3_보호자행동'!C53)) | AS8: ='3_보호자행동'!I53 -> 자동 · 판정보류 | AT8: =IF('3_보호자행동'!U53="채점자 선택",'3_보호자행동'!G53,"") | AU8: =IF(COUNT('3_보호자행동'!L12)=0,"조건 미확인",IF('3_보호자행동'!L12=3,"조건 이탈",IF(COUNT(AE8,AF8,'2_개행동'!L18)<3,"자료 부족",IF(AND(AE8>=2,AF8>=2),"접촉·거리 반응 혼재",IF(ABS('2_개행동'!L18)=2,"재회 몸 상태 지속",IF(AF8>=3,"거리 유지 관찰",IF(AE8>=4,"접촉 유지 관찰","기준상 뚜렷한 치우침 없음"))))))) -> 조건 미확인 | AV8: ="발성량: 혼자 "&IF(COUNT('2_개행동'!L11)=0,"미확인",TEXT('2_개행동'!L11,"0"))&" / 재회 "&IF(COUNT('2_개행동'!L47)=0,"미확인",TEXT('2_개행동'!L47,"0"))&" / 무시 "&IF(COUNT('2_개행동'!L48)=0,"미확인",TEXT('2_개행동'!L48,"0"))&" · 접근 변화 사건 "&IF(COUNT('2_개행동'!L21)=0,"미확인",TEXT('2_개행동'!L21,"0")) -> 발성량: 혼자 미확인 / 재회 미확인 / 무시 미확인 · 접근 변화 사건 미확인 | AW8: =IF(AND(OR('3_보호자행동'!L14=1,'3_보호자행동'!L14=2),BC8>=2),(IF(COUNT('2_개행동'!L5)=0,0,100-50*ABS('2_개행동'!L5))+IF(COUNT('2_개행동'!L6)=0,0,100-50*ABS('2_개행동'!L6))+IF(COUNT('2_개행동'!L30)=0,0,100-50*ABS('2_개행동'!L30)))/BC8,"") | AX8: =IF(BF8>=4,(IF(COUNT('2_개행동'!L13)=0,0,100-50*ABS('2_개행동'!L13))+IF(COUNT('2_개행동'!L14)=0,0,100-50*ABS('2_개행동'!L14))+IF(COUNT('2_개행동'!L15)=0,0,100-50*ABS('2_개행동'!L15))+IF(COUNT('2_개행동'!L51)=0,0,100-50*ABS('2_개행동'!L51))+IF(COUNT('2_개행동'!L52)=0,0,100-50*ABS('2_개행동'!L52))+IF(COUNT('2_개행동'!L54)=0,0,100-50*ABS('2_개행동'!L54))+IF(COUNT('2_개행동'!L55)=0,0,100-50*ABS('2_개행동'!L55)))/BF8,"") | AY8: =IF(COUNT(AW8,AX8)<2,"",(AW8*BC8+AX8*BF8)/(BC8+BF8)) | AZ8: =IF(COUNT('2_개행동'!L48)=0,"",'2_개행동'!L48) | BA8: =IF(COUNT('2_개행동'!L5,'2_개행동'!L6,'2_개행동'!L30)=0,"",IF(COUNT('2_개행동'!L5)=0,0,MAX(0,-'2_개행동'!L5))+IF(COUNT('2_개행동'!L6)=0,0,MAX(0,-'2_개행동'!L6))+IF(COUNT('2_개행동'!L30)=0,0,MAX(0,-'2_개행동'!L30))) | BB8: =IF(COUNT('2_개행동'!L5,'2_개행동'!L6,'2_개행동'!L30)=0,"",IF(COUNT('2_개행동'!L5)=0,0,MAX(0,'2_개행동'!L5))+IF(COUNT('2_개행동'!L6)=0,0,MAX(0,'2_개행동'!L6))+IF(COUNT('2_개행동'!L30)=0,0,MAX(0,'2_개행동'!L30))) | BC8: =COUNT('2_개행동'!L5,'2_개행동'!L6,'2_개행동'!L30) -> 0 | BD8: =IF(COUNT('2_개행동'!L13,'2_개행동'!L14,'2_개행동'!L15,'2_개행동'!L51,'2_개행동'!L52,'2_개행동'!L54,'2_개행동'!L55)=0,"",IF(COUNT('2_개행동'!L13)=0,0,MAX(0,-'2_개행동'!L13))+IF(COUNT('2_개행동'!L14)=0,0,MAX(0,-'2_개행동'!L14))+IF(COUNT('2_개행동'!L15)=0,0,MAX(0,-'2_개행동'!L15))+IF(COUNT('2_개행동'!L51)=0,0,MAX(0,-'2_개행동'!L51))+IF(COUNT('2_개행동'!L52)=0,0,MAX(0,-'2_개행동'!L52))+IF(COUNT('2_개행동'!L54)=0,0,MAX(0,-'2_개행동'!L54))+IF(COUNT('2_개행동'!L55)=0,0,MAX(0,-'2_개행동'!L55))) | BE8: =IF(COUNT('2_개행동'!L13,'2_개행동'!L14,'2_개행동'!L15,'2_개행동'!L51,'2_개행동'!L52,'2_개행동'!L54,'2_개행동'!L55)=0,"",IF(COUNT('2_개행동'!L13)=0,0,MAX(0,'2_개행동'!L13))+IF(COUNT('2_개행동'!L14)=0,0,MAX(0,'2_개행동'!L14))+IF(COUNT('2_개행동'!L15)=0,0,MAX(0,'2_개행동'!L15))+IF(COUNT('2_개행동'!L51)=0,0,MAX(0,'2_개행동'!L51))+IF(COUNT('2_개행동'!L52)=0,0,MAX(0,'2_개행동'!L52))+IF(COUNT('2_개행동'!L54)=0,0,MAX(0,'2_개행동'!L54))+IF(COUNT('2_개행동'!L55)=0,0,MAX(0,'2_개행동'!L55))) | BF8: =COUNT('2_개행동'!L13,'2_개행동'!L14,'2_개행동'!L15,'2_개행동'!L51,'2_개행동'!L52,'2_개행동'!L54,'2_개행동'!L55) -> 0 | BG8: =IF(LEN(TRIM('2_개행동'!C72&""))=0,"",'2_개행동'!C72) | BH8: =IF(LEN(TRIM('2_개행동'!G72&""))=0,"",'2_개행동'!G72) | BI8: ='2_개행동'!I72 -> 미판정 | BJ8: =IF(M8="미판정","애착유형 미판정",IF(M8="유형 입력 확인","유형 입력을 확인해 주세요.",IF(LEN(TRIM(BG8&""))=0,IF(M8="판정보류","판정보류 사유를 입력해 주세요.","관찰 근거 미기록: 유형 설명 보류"),IF(M8="곁에서 안심하는 사이",성향문장!C49,IF(M8="가까이 있어도 안심이 어려운 사이",성향문장!C50,IF(M8="거리를 두고 지내는 사이",성향문장!C51,IF(M8="다가감과 물러섬이 함께 나오는 사이",성향문장!C52,성향문장!C53))))))) -> 애착유형 미판정 | BK8: =IF(COUNT('3_보호자행동'!L12)=0,"조건 미확인",IF('3_보호자행동'!L12=3,"조건 이탈",IF(COUNT('2_개행동'!L9,'2_개행동'!L17,'2_개행동'!L18,'2_개행동'!L19,'2_개행동'!L22)<5,"자료 부족",IF(N('2_개행동'!L21)>=2,"접근이 여러 번 바뀜 — 한 서술로 묶지 않음",IF(AND($AE8>=2,$AF8>=2),"섞여 있음",IF(-'2_개행동'!L9>=1,IF(ABS('2_개행동'!L18)<=1,IF($AF8>=$AE8,"없을 때 흔들 → 있을 때 가라앉고 자기 일","없을 때 흔들 → 있을 때 가라앉고 곁에 붙음"),"없을 때 흔들 → 있을 때도 못 가라앉음"),IF($AE8>=2,"없을 때 담담 → 있을 때 곁에 붙음","없을 때도 있을 때도 비슷"))))))) -> 조건 미확인 | BL8: =IF(OR(COUNT('1_바디시그널'!L$5)=0,COUNT('1_바디시그널'!L$38)=0),"",'1_바디시그널'!L$5-'1_바디시그널'!L$38) | BM8: =IF(OR(COUNT('1_바디시그널'!L$9)=0,COUNT('1_바디시그널'!L$38)=0),"",'1_바디시그널'!L$9-'1_바디시그널'!L$38) | BN8: =IF(OR(COUNT('1_바디시그널'!L$11)=0,COUNT('1_바디시그널'!L$38)=0),"",'1_바디시그널'!L$11-'1_바디시그널'!L$38) | BO8: =IF(OR(COUNT('1_바디시그널'!L$13)=0,COUNT('1_바디시그널'!L$38)=0),"",'1_바디시그널'!L$13-'1_바디시그널'!L$38) | BP8: =IF(OR(COUNT('1_바디시그널'!L$39)=0,COUNT('1_바디시그널'!L$38)=0),"",'1_바디시그널'!L$39-'1_바디시그널'!L$38) | BQ8: =IF(OR(COUNT('1_바디시그널'!L$43)=0,COUNT('1_바디시그널'!L$38)=0),"",'1_바디시그널'!L$43-'1_바디시그널'!L$38) | BR8: =IF(OR(COUNT('1_바디시그널'!L$44)=0,COUNT('1_바디시그널'!L$38)=0),"",'1_바디시그널'!L$44-'1_바디시그널'!L$38) | BS8: =IF(OR(COUNT('1_바디시그널'!L$45)=0,COUNT('1_바디시그널'!L$38)=0),"",'1_바디시그널'!L$45-'1_바디시그널'!L$38) | BT8: =IF(OR(COUNT('1_바디시그널'!L$41)=0,COUNT('1_바디시그널'!L$40)=0),"",'1_바디시그널'!L$41-'1_바디시그널'!L$40) | BU8: =IF(OR(COUNT('1_바디시그널'!L$42)=0,COUNT('1_바디시그널'!L$40)=0),"",'1_바디시그널'!L$42-'1_바디시그널'!L$40) | BV8: =N('2_개행동'!L$5<=-1)+N('2_개행동'!L$6<=-1)+IF(AND(COUNT('2_개행동'!L$30)=1,COUNT('3_보호자행동'!L$14)=1,'3_보호자행동'!L$14<=2),N('2_개행동'!L$30<=-1),0) -> 0 | BW8: =N('2_개행동'!L$5>=1)+N('2_개행동'!L$6>=1)+IF(AND(COUNT('2_개행동'!L$30)=1,COUNT('3_보호자행동'!L$14)=1,'3_보호자행동'!L$14<=2),N('2_개행동'!L$30>=1),0) -> 0 | BX8: =COUNT('2_개행동'!L$5,'2_개행동'!L$6)+IF(AND(COUNT('2_개행동'!L$30)=1,COUNT('3_보호자행동'!L$14)=1,'3_보호자행동'!L$14<=2),1,0) -> 0 | BY8: =IF($BX8<2,"자료 부족",IF(AND($BV8>=1,$BW8>=1),"자극에 따라 다름",IF($BV8>=2,"주저함 · 거리를 벌림",IF($BW8>=2,"살피지 않고 들이닥침","뚜렷한 치우침 없음")))) -> 자료 부족 | BZ8: ="문 "&IF(COUNT('2_개행동'!L$5)=0,"미확인",SUBSTITUTE(TEXT('2_개행동'!L$5,"+0;-0;0"),"-","−"))&" · 바닥 "&IF(COUNT('2_개행동'!L$6)=0,"미확인",SUBSTITUTE(TEXT('2_개행동'!L$6,"+0;-0;0"),"-","−"))&" · 물건 "&IF(AND(COUNT('2_개행동'!L$30)=1,COUNT('3_보호자행동'!L$14)=1,'3_보호자행동'!L$14<=2),IF(COUNT('2_개행동'!L$30)=0,"미확인",SUBSTITUTE(TEXT('2_개행동'!L$30,"+0;-0;0"),"-","−")),"보류")&" / 꼬리 기준대비 입장 "&IF(COUNT($BL8)=0,"미확인",SUBSTITUTE(TEXT($BL8,"+0;-0;0"),"-","−"))&" · 바닥 "&IF(COUNT($AP8)=0,"미확인",SUBSTITUTE(TEXT($AP8,"+0;-0;0"),"-","−"))&" · 물건 "&IF(COUNT($BR8)=0,"미확인",SUBSTITUTE(TEXT($BR8,"+0;-0;0"),"-","−"))&" / 긴장 신호 "&IF(COUNT('1_바디시그널'!L$14,'1_바디시그널'!L$15,'1_바디시그널'!L$16)=0,"미확인",TEXT(SUM('1_바디시그널'!L$14,'1_바디시그널'!L$15,'1_바디시그널'!L$16),"0")&"회")&" / 냄새 "&IF(COUNT('2_개행동'!L$7)=0,"미확인",IF('2_개행동'!L$7=0,"씀","안 씀")) -> 문 미확인 · 바닥 미확인 · 물건 보류 / 꼬리 기준대비 입장 미확인 · 바닥 미확인 · 물건 미확인 / 긴장 신호 미확인 / 냄새 미확인 | CA8: =IF(AND('6_행사전문가의견'!E72="완료",OR('6_행사전문가의견'!B74="주저함 · 거리를 벌림",'6_행사전문가의견'!B74="뚜렷한 치우침 없음",'6_행사전문가의견'!B74="살피지 않고 들이닥침",'6_행사전문가의견'!B74="자극에 따라 다름",'6_행사전문가의견'!B74="판단보류"),LEN(TRIM('6_행사전문가의견'!B75&""))>0),'6_행사전문가의견'!B74,"") | CB8: =IF(AND('6_행사전문가의견'!E72="완료",OR('6_행사전문가의견'!B74="주저함 · 거리를 벌림",'6_행사전문가의견'!B74="뚜렷한 치우침 없음",'6_행사전문가의견'!B74="살피지 않고 들이닥침",'6_행사전문가의견'!B74="자극에 따라 다름",'6_행사전문가의견'!B74="판단보류"),LEN(TRIM('6_행사전문가의견'!B75&""))>0),'6_행사전문가의견'!B75,"") | CC8: =IF(LEN(TRIM(CA8&""))>0,CA8,BY8) -> 자료 부족 | CD8: =IF('6_행사전문가의견'!E72<>"완료","",IF(LEN(TRIM('6_행사전문가의견'!D65&""))=0,"",'6_행사전문가의견'!D65)) | CE8: =IF('6_행사전문가의견'!E72<>"완료","",IF(LEN(TRIM('6_행사전문가의견'!D66&""))=0,"",'6_행사전문가의견'!D66)) | CF8: =IF('6_행사전문가의견'!E72<>"완료","",IF(LEN(TRIM('6_행사전문가의견'!D67&""))=0,"",'6_행사전문가의견'!D67)) | CG8: =IF('6_행사전문가의견'!E72<>"완료","",IF(LEN(TRIM('6_행사전문가의견'!D69&""))=0,"",'6_행사전문가의견'!D69)) | CH8: =IF('6_행사전문가의견'!E72<>"완료","",IF(LEN(TRIM('6_행사전문가의견'!D71&""))=0,"",'6_행사전문가의견'!D71)) | CI8: =IF('6_행사전문가의견'!E72<>"완료","",IF(LEN(TRIM('6_행사전문가의견'!C63&""))=0,"",'6_행사전문가의견'!C63)) | CJ8: ='6_행사전문가의견'!E72 -> 미작성 | CK8: ='2_개행동'!L60 -> 미채점 | CL8: =IF(LEN(TRIM(CD8&""))>0,CD8,"분리 초기: "&IF(COUNT('2_개행동'!L$9)=0,"자료 부족",INDEX('2_개행동'!$C$9:$G$9,1,'2_개행동'!L$9+3))&" / 분리 이후: "&IF(COUNT('2_개행동'!L$10)=0,"자료 부족",INDEX('2_개행동'!$C$10:$G$10,1,'2_개행동'!L$10+3))&" / 변화: "&CK8&" / 분리·재회·무시 보조: "&BK8&" / 재회·무시 패턴: "&AU8&IF(M8="미판정",""," / 기본 유형: "&M8&IF(LEN(TRIM(BG8&""))>0," / 근거: "&BG8,""))) -> 분리 초기: 자료 부족 / 분리 이후: 자료 부족 / 변화: 미채점 / 분리·재회·무시 보조: 조건 미확인 / 재회·무시 패턴: 조건 미확인 | CM8: =IF(LEN(TRIM(CE8&""))>0,CE8,IF(LEN(TRIM(AQ8&""))=0,"",AQ8&IF(LEN(TRIM(AR8&""))>0,". "&AR8,IF(COUNT('3_보호자행동'!P53)=0," (자동 초안 · 근거 비율 미산출)"," (자동 초안 · 허용 "&TEXT('3_보호자행동'!P53,"0.00")&" / 조율 "&TEXT('3_보호자행동'!Q53,"0.00")&" / 통제 "&TEXT('3_보호자행동'!R53,"0.00")&")")))) -> 판정보류 (자동 초안 · 근거 비율 미산출) | CN8: =IF(LEN(TRIM(CF8&""))>0,CF8,J8) -> 자료 부족 | CO8: =IF(LEN(TRIM(CG8&""))>0,CG8,AG8) -> 조건 미확인 | CP8: =IF(LEN(TRIM(CH8&""))>0,CH8,"") | CQ8: =IF('6_행사전문가의견'!E72<>"완료","",IF(LEN(TRIM('6_행사전문가의견'!D68&""))=0,"",'6_행사전문가의견'!D68)) | CR8: =IF('6_행사전문가의견'!E72<>"완료","",IF(LEN(TRIM('6_행사전문가의견'!D70&""))=0,"",'6_행사전문가의견'!D70)) | CS8: =IF(LEN(TRIM(CQ8&""))>0,CQ8,"") | CT8: =IF(LEN(TRIM(CR8&""))>0,CR8,"") | CU8: =IF(LEN(TRIM('3_보호자행동'!U53&""))=0,"",'3_보호자행동'!U53) -> 자동 초안
