Workbook

Sheet 0_안내
A1: 반려견-보호자 관계 진단 설문 — 자동 채점 (30문항 · 4영역 · 20명)
A3: ■ 문항 출처 3층
A4: 원 (16문항) 건국대 검증 척도 원문. 채점의 뼈대이며 기준선 비교도 이것으로만 합니다.
A5: C (8문항) C-BARQ에서 가져와 현재형으로 번안. 개의 성향·사회화 정도를 봅니다. 검증 점수와 분리합니다.
A6: 영 (6문항) 자체 제작. 점수를 매기지 않고, 영상 실제 모습과 대조하는 온도차 재료로만 씁니다.
A8: ■ 채점 원칙 — 세 층을 섞지 않습니다
A9: 결과 시트는 [검증 점수] / [개 성향 참고] / [온도차 재료] 세 묶음으로 나뉘어 있습니다.
A10: 전체 평균은 검증 점수 세 영역(A·C-1·D)으로만 계산합니다. C와 영은 여기에 섞이지 않습니다.
A11: 역채점(R): 22 · 26 · 27 · 28 · 29 · 30 → 6에서 응답값을 뺍니다. 응답은 그대로 입력하면 됩니다.
A12: 23번(내가 안 보이면 나를 찾아다닌다)은 중간(3)이 가장 안정입니다. 3→5점, 4→4, 2→3, 1→2, 5→1점으로 환산하고, 결과 시트에 [A]과함 / [B]위축 방향을 함께 표시합니다.
A13: ■ 시트 구성
A14: 데이터입력 30문항 × 20명. 노란 칸에 1~5 입력. 아래쪽에 견종·나이 등 참고 정보 칸.
... A27: · C-BARQ는 펜실베이니아대학교 등록 후 사용이며, 상업적 사용이면 별도 확인이 필요합니다.

Sheet 데이터입력
A1: 반려견-보호자 관계 진단 설문 — 데이터 입력 (30문항 · 20명)
A2: 노란 칸에만 1~5를 입력하세요 (1=전혀 아니다 ~ 5=매우 그렇다). 역채점 문항도 응답값 그대로 넣으면 자동 처리됩니다. 번호는 행동 채점표의 1번~20번과 같은 아이입니다.
A4: 번호 | B4: 영역 | C4: 출처 | D4: 문항 | E4: 채점 | F4: 1번 | G4: 2번 | H4: 3번 | I4: 4번 | J4: 5번 | K4: 6번 | L4: 7번 | M4: 8번 | N4: 9번 | O4: 10번 | P4: 11번 | Q4: 12번 | R4: 13번 | S4: 14번 | T4: 15번 | U4: 16번 | V4: 17번 | W4: 18번 | X4: 19번 | Y4: 20번
D5: 반려견 이름
A6: 1 | B6: A | C6: 원 | D6: 무언가를 가르칠 때 단계적으로 시도한다 | E6: -
A7: 2 | B7: A | C7: 원 | D7: 문제행동이 있으면 그 원인을 파악하려 한다 | E7: -
A8: 3 | B8: A | C8: 원 | D8: 문제행동을 고칠 때 대신할 행동을 가르치려 한다 | E8: -
A9: 4 | B9: A | C9: 원 | D9: 책·영상 등으로 훈련 방법을 배우려 노력한다 | E9: -
A10: 5 | B10: A | C10: 원 | D10: 두려워하는 것에 천천히 적응할 시간을 준다 | E10: -
A11: 6 | B11: A | C11: 원 | D11: 두려운 것을 좋은 경험과 연결해 극복하도록 돕는다 | E11: -
A12: 7 | B12: A | C12: 영 | D12: 지시할 때 칭찬을 먼저 하고 간식은 그다음에 준다 | E12: -
A13: 8 | B13: A | C13: 영 | D13: 간식이 없어도 아는 지시(앉아 등)를 시킬 수 있다 | E13: -
A14: 9 | B14: B | C14: C | D14: 처음 가는 장소에서도 곧 편안해한다 | E14: -
A15: 10 | B15: B | C15: C | D15: 낯선 사람이 다가와도 편안하게 대한다 | E15: -
A16: 11 | B16: B | C16: C | D16: 낯선 개를 만나도 크게 긴장하지 않는다 | E16: -
A17: 12 | B17: B | C17: C | D17: 새로운 물건(우산·큰 가방 등)을 무서워하지 않는다 | E17: -
... A35: 30 | B35: D | C35: 영 | D35: 아이가 흥분하면 나도 덩달아 목소리가 커진다 | E35: 역(R)
D36: ▼ 아래는 참고 정보 (채점에 쓰이지 않음)
D37: 견종
D38: 나이 / 성별
D39: 함께 산 기간
D40: 입양 경로
D41: 보호자 이름
D42: 연락처

Sheet 결과
A1: 자동 채점 결과
A2: 설문 원칙에 따라 세 층을 섞지 않고 따로 계산합니다. 모든 값은 1~5점이며 높을수록 좋은 방향입니다. 역채점 문항은 6에서 뺀 값으로 반영됩니다.
A4: 번호 | B4: 반려견 이름 | C4: 검증 점수 [원] | F4: 개 성향 참고 [C] | I4: 온도차 재료 [영] — 점수 아님 | M4: 검증 전체 | N4: 해석 (검증 점수 기준)
C5: A 가르치는 방식 | D5: C-1 정서적 애정 | E5: D 안정적 반응 | F5: B 사회화 정도 | G5: C-2 애착 안정성 (22·23·24) | H5: 23번 응답 · 방향 | I5: 훈련 방식 | J5: 탐색 | K5: 놀이 교류 | L5: 자기조절
A6: 1 | B6: =IF(데이터입력!F$5="","",데이터입력!F$5) | C6: =IF(COUNT(데이터입력!$F$6,데이터입력!$F$7,데이터입력!$F$8,데이터입력!$F$9,데이터입력!$F$10,데이터입력!$F$11)=6,ROUND((데이터입력!$F$6+데이터입력!$F$7+데이터입력!$F$8+데이터입력!$F$9+데이터입력!$F$10+데이터입력!$F$11)/6,2),"") | D6: =IF(COUNT(데이터입력!$F$20,데이터입력!$F$21,데이터입력!$F$22,데이터입력!$F$23,데이터입력!$F$24,데이터입력!$F$25,데이터입력!$F$26)=7,ROUND((데이터입력!$F$20+데이터입력!$F$21+데이터입력!$F$22+데이터입력!$F$23+데이터입력!$F$24+데이터입력!$F$25+데이터입력!$F$26)/7,2),"") | E6: =IF(COUNT(데이터입력!$F$31,데이터입력!$F$32,데이터입력!$F$33)=3,ROUND(((6-데이터입력!$F$31)+(6-데이터입력!$F$32)+(6-데이터입력!$F$33))/3,2),"") | F6: =IF(COUNT(데이터입력!$F$14,데이터입력!$F$15,데이터입력!$F$16,데이터입력!$F$17,데이터입력!$F$18)=5,ROUND((데이터입력!$F$14+데이터입력!$F$15+데이터입력!$F$16+데이터입력!$F$17+데이터입력!$F$18)/5,2),"") | G6: =IF(COUNT(데이터입력!$F$27,데이터입력!$F$28,데이터입력!$F$29)=3,ROUND(((6-데이터입력!$F$27)+IF(데이터입력!$F$28=3,5,IF(데이터입력!$F$28=4,4,IF(데이터입력!$F$28=2,3,IF(데이터입력!$F$28=1,2,1))))+데이터입력!$F$29)/3,2),"") | H6: =IF(데이터입력!$F$28="","",데이터입력!$F$28&IF(OR(데이터입력!$F$28=4,데이터입력!$F$28=5)," [A]",IF(OR(데이터입력!$F$28=1,데이터입력!$F$28=2)," [B]",""))) | I6: =IF(COUNT(데이터입력!$F$12,데이터입력!$F$13)=2,ROUND((데이터입력!$F$12+데이터입력!$F$13)/2,2),"") | J6: =IF(데이터입력!$F$19="","",데이터입력!$F$19) | K6: =IF(데이터입력!$F$30="","",데이터입력!$F$30) | L6: =IF(COUNT(데이터입력!$F$34,데이터입력!$F$35)=2,ROUND(((6-데이터입력!$F$34)+(6-데이터입력!$F$35))/2,2),"") | M6: =IF(COUNT(C6:E6)=3,ROUND(AVERAGE(C6:E6),2),"") | N6: =IF(C6="","설문 미입력",IF(COUNT(C6:E6)<3,"일부 문항 미응답",IF(MIN(C6:E6)>=4,"세 영역 모두 안정적입니다.",IF(MIN(C6:E6)=C6,"가르치는 방식을 함께 살펴보면 좋아요.",IF(MIN(C6:E6)=D6,"정서적 애정·교류를 함께 살펴보면 좋아요.","정서 일관성(기복)을 함께 살펴보면 좋아요.")))))
A7: 2 | B7: =IF(데이터입력!G$5="","",데이터입력!G$5) | C7: =IF(COUNT(데이터입력!$G$6,데이터입력!$G$7,데이터입력!$G$8,데이터입력!$G$9,데이터입력!$G$10,데이터입력!$G$11)=6,ROUND((데이터입력!$G$6+데이터입력!$G$7+데이터입력!$G$8+데이터입력!$G$9+데이터입력!$G$10+데이터입력!$G$11)/6,2),"") | D7: =IF(COUNT(데이터입력!$G$20,데이터입력!$G$21,데이터입력!$G$22,데이터입력!$G$23,데이터입력!$G$24,데이터입력!$G$25,데이터입력!$G$26)=7,ROUND((데이터입력!$G$20+데이터입력!$G$21+데이터입력!$G$22+데이터입력!$G$23+데이터입력!$G$24+데이터입력!$G$25+데이터입력!$G$26)/7,2),"") | E7: =IF(COUNT(데이터입력!$G$31,데이터입력!$G$32,데이터입력!$G$33)=3,ROUND(((6-데이터입력!$G$31)+(6-데이터입력!$G$32)+(6-데이터입력!$G$33))/3,2),"") | F7: =IF(COUNT(데이터입력!$G$14,데이터입력!$G$15,데이터입력!$G$16,데이터입력!$G$17,데이터입력!$G$18)=5,ROUND((데이터입력!$G$14+데이터입력!$G$15+데이터입력!$G$16+데이터입력!$G$17+데이터입력!$G$18)/5,2),"") | G7: =IF(COUNT(데이터입력!$G$27,데이터입력!$G$28,데이터입력!$G$29)=3,ROUND(((6-데이터입력!$G$27)+IF(데이터입력!$G$28=3,5,IF(데이터입력!$G$28=4,4,IF(데이터입력!$G$28=2,3,IF(데이터입력!$G$28=1,2,1))))+데이터입력!$G$29)/3,2),"") | H7: =IF(데이터입력!$G$28="","",데이터입력!$G$28&IF(OR(데이터입력!$G$28=4,데이터입력!$G$28=5)," [A]",IF(OR(데이터입력!$G$28=1,데이터입력!$G$28=2)," [B]",""))) | I7: =IF(COUNT(데이터입력!$G$12,데이터입력!$G$13)=2,ROUND((데이터입력!$G$12+데이터입력!$G$13)/2,2),"") | J7: =IF(데이터입력!$G$19="","",데이터입력!$G$19) | K7: =IF(데이터입력!$G$30="","",데이터입력!$G$30) | L7: =IF(COUNT(데이터입력!$G$34,데이터입력!$G$35)=2,ROUND(((6-데이터입력!$G$34)+(6-데이터입력!$G$35))/2,2),"") | M7: =IF(COUNT(C7:E7)=3,ROUND(AVERAGE(C7:E7),2),"") | N7: =IF(C7="","설문 미입력",IF(COUNT(C7:E7)<3,"일부 문항 미응답",IF(MIN(C7:E7)>=4,"세 영역 모두 안정적입니다.",IF(MIN(C7:E7)=C7,"가르치는 방식을 함께 살펴보면 좋아요.",IF(MIN(C7:E7)=D7,"정서적 애정·교류를 함께 살펴보면 좋아요.","정서 일관성(기복)을 함께 살펴보면 좋아요.")))))
A8: 3 | B8: =IF(데이터입력!H$5="","",데이터입력!H$5) | C8: =IF(COUNT(데이터입력!$H$6,데이터입력!$H$7,데이터입력!$H$8,데이터입력!$H$9,데이터입력!$H$10,데이터입력!$H$11)=6,ROUND((데이터입력!$H$6+데이터입력!$H$7+데이터입력!$H$8+데이터입력!$H$9+데이터입력!$H$10+데이터입력!$H$11)/6,2),"") | D8: =IF(COUNT(데이터입력!$H$20,데이터입력!$H$21,데이터입력!$H$22,데이터입력!$H$23,데이터입력!$H$24,데이터입력!$H$25,데이터입력!$H$26)=7,ROUND((데이터입력!$H$20+데이터입력!$H$21+데이터입력!$H$22+데이터입력!$H$23+데이터입력!$H$24+데이터입력!$H$25+데이터입력!$H$26)/7,2),"") | E8: =IF(COUNT(데이터입력!$H$31,데이터입력!$H$32,데이터입력!$H$33)=3,ROUND(((6-데이터입력!$H$31)+(6-데이터입력!$H$32)+(6-데이터입력!$H$33))/3,2),"") | F8: =IF(COUNT(데이터입력!$H$14,데이터입력!$H$15,데이터입력!$H$16,데이터입력!$H$17,데이터입력!$H$18)=5,ROUND((데이터입력!$H$14+데이터입력!$H$15+데이터입력!$H$16+데이터입력!$H$17+데이터입력!$H$18)/5,2),"") | G8: =IF(COUNT(데이터입력!$H$27,데이터입력!$H$28,데이터입력!$H$29)=3,ROUND(((6-데이터입력!$H$27)+IF(데이터입력!$H$28=3,5,IF(데이터입력!$H$28=4,4,IF(데이터입력!$H$28=2,3,IF(데이터입력!$H$28=1,2,1))))+데이터입력!$H$29)/3,2),"") | H8: =IF(데이터입력!$H$28="","",데이터입력!$H$28&IF(OR(데이터입력!$H$28=4,데이터입력!$H$28=5)," [A]",IF(OR(데이터입력!$H$28=1,데이터입력!$H$28=2)," [B]",""))) | I8: =IF(COUNT(데이터입력!$H$12,데이터입력!$H$13)=2,ROUND((데이터입력!$H$12+데이터입력!$H$13)/2,2),"") | J8: =IF(데이터입력!$H$19="","",데이터입력!$H$19) | K8: =IF(데이터입력!$H$30="","",데이터입력!$H$30) | L8: =IF(COUNT(데이터입력!$H$34,데이터입력!$H$35)=2,ROUND(((6-데이터입력!$H$34)+(6-데이터입력!$H$35))/2,2),"") | M8: =IF(COUNT(C8:E8)=3,ROUND(AVERAGE(C8:E8),2),"") | N8: =IF(C8="","설문 미입력",IF(COUNT(C8:E8)<3,"일부 문항 미응답",IF(MIN(C8:E8)>=4,"세 영역 모두 안정적입니다.",IF(MIN(C8:E8)=C8,"가르치는 방식을 함께 살펴보면 좋아요.",IF(MIN(C8:E8)=D8,"정서적 애정·교류를 함께 살펴보면 좋아요.","정서 일관성(기복)을 함께 살펴보면 좋아요.")))))
A9: 4 | B9: =IF(데이터입력!I$5="","",데이터입력!I$5) | C9: =IF(COUNT(데이터입력!$I$6,데이터입력!$I$7,데이터입력!$I$8,데이터입력!$I$9,데이터입력!$I$10,데이터입력!$I$11)=6,ROUND((데이터입력!$I$6+데이터입력!$I$7+데이터입력!$I$8+데이터입력!$I$9+데이터입력!$I$10+데이터입력!$I$11)/6,2),"") | D9: =IF(COUNT(데이터입력!$I$20,데이터입력!$I$21,데이터입력!$I$22,데이터입력!$I$23,데이터입력!$I$24,데이터입력!$I$25,데이터입력!$I$26)=7,ROUND((데이터입력!$I$20+데이터입력!$I$21+데이터입력!$I$22+데이터입력!$I$23+데이터입력!$I$24+데이터입력!$I$25+데이터입력!$I$26)/7,2),"") | E9: =IF(COUNT(데이터입력!$I$31,데이터입력!$I$32,데이터입력!$I$33)=3,ROUND(((6-데이터입력!$I$31)+(6-데이터입력!$I$32)+(6-데이터입력!$I$33))/3,2),"") | F9: =IF(COUNT(데이터입력!$I$14,데이터입력!$I$15,데이터입력!$I$16,데이터입력!$I$17,데이터입력!$I$18)=5,ROUND((데이터입력!$I$14+데이터입력!$I$15+데이터입력!$I$16+데이터입력!$I$17+데이터입력!$I$18)/5,2),"") | G9: =IF(COUNT(데이터입력!$I$27,데이터입력!$I$28,데이터입력!$I$29)=3,ROUND(((6-데이터입력!$I$27)+IF(데이터입력!$I$28=3,5,IF(데이터입력!$I$28=4,4,IF(데이터입력!$I$28=2,3,IF(데이터입력!$I$28=1,2,1))))+데이터입력!$I$29)/3,2),"") | H9: =IF(데이터입력!$I$28="","",데이터입력!$I$28&IF(OR(데이터입력!$I$28=4,데이터입력!$I$28=5)," [A]",IF(OR(데이터입력!$I$28=1,데이터입력!$I$28=2)," [B]",""))) | I9: =IF(COUNT(데이터입력!$I$12,데이터입력!$I$13)=2,ROUND((데이터입력!$I$12+데이터입력!$I$13)/2,2),"") | J9: =IF(데이터입력!$I$19="","",데이터입력!$I$19) | K9: =IF(데이터입력!$I$30="","",데이터입력!$I$30) | L9: =IF(COUNT(데이터입력!$I$34,데이터입력!$I$35)=2,ROUND(((6-데이터입력!$I$34)+(6-데이터입력!$I$35))/2,2),"") | M9: =IF(COUNT(C9:E9)=3,ROUND(AVERAGE(C9:E9),2),"") | N9: =IF(C9="","설문 미입력",IF(COUNT(C9:E9)<3,"일부 문항 미응답",IF(MIN(C9:E9)>=4,"세 영역 모두 안정적입니다.",IF(MIN(C9:E9)=C9,"가르치는 방식을 함께 살펴보면 좋아요.",IF(MIN(C9:E9)=D9,"정서적 애정·교류를 함께 살펴보면 좋아요.","정서 일관성(기복)을 함께 살펴보면 좋아요.")))))
A10: 5 | B10: =IF(데이터입력!J$5="","",데이터입력!J$5) | C10: =IF(COUNT(데이터입력!$J$6,데이터입력!$J$7,데이터입력!$J$8,데이터입력!$J$9,데이터입력!$J$10,데이터입력!$J$11)=6,ROUND((데이터입력!$J$6+데이터입력!$J$7+데이터입력!$J$8+데이터입력!$J$9+데이터입력!$J$10+데이터입력!$J$11)/6,2),"") | D10: =IF(COUNT(데이터입력!$J$20,데이터입력!$J$21,데이터입력!$J$22,데이터입력!$J$23,데이터입력!$J$24,데이터입력!$J$25,데이터입력!$J$26)=7,ROUND((데이터입력!$J$20+데이터입력!$J$21+데이터입력!$J$22+데이터입력!$J$23+데이터입력!$J$24+데이터입력!$J$25+데이터입력!$J$26)/7,2),"") | E10: =IF(COUNT(데이터입력!$J$31,데이터입력!$J$32,데이터입력!$J$33)=3,ROUND(((6-데이터입력!$J$31)+(6-데이터입력!$J$32)+(6-데이터입력!$J$33))/3,2),"") | F10: =IF(COUNT(데이터입력!$J$14,데이터입력!$J$15,데이터입력!$J$16,데이터입력!$J$17,데이터입력!$J$18)=5,ROUND((데이터입력!$J$14+데이터입력!$J$15+데이터입력!$J$16+데이터입력!$J$17+데이터입력!$J$18)/5,2),"") | G10: =IF(COUNT(데이터입력!$J$27,데이터입력!$J$28,데이터입력!$J$29)=3,ROUND(((6-데이터입력!$J$27)+IF(데이터입력!$J$28=3,5,IF(데이터입력!$J$28=4,4,IF(데이터입력!$J$28=2,3,IF(데이터입력!$J$28=1,2,1))))+데이터입력!$J$29)/3,2),"") | H10: =IF(데이터입력!$J$28="","",데이터입력!$J$28&IF(OR(데이터입력!$J$28=4,데이터입력!$J$28=5)," [A]",IF(OR(데이터입력!$J$28=1,데이터입력!$J$28=2)," [B]",""))) | I10: =IF(COUNT(데이터입력!$J$12,데이터입력!$J$13)=2,ROUND((데이터입력!$J$12+데이터입력!$J$13)/2,2),"") | J10: =IF(데이터입력!$J$19="","",데이터입력!$J$19) | K10: =IF(데이터입력!$J$30="","",데이터입력!$J$30) | L10: =IF(COUNT(데이터입력!$J$34,데이터입력!$J$35)=2,ROUND(((6-데이터입력!$J$34)+(6-데이터입력!$J$35))/2,2),"") | M10: =IF(COUNT(C10:E10)=3,ROUND(AVERAGE(C10:E10),2),"") | N10: =IF(C10="","설문 미입력",IF(COUNT(C10:E10)<3,"일부 문항 미응답",IF(MIN(C10:E10)>=4,"세 영역 모두 안정적입니다.",IF(MIN(C10:E10)=C10,"가르치는 방식을 함께 살펴보면 좋아요.",IF(MIN(C10:E10)=D10,"정서적 애정·교류를 함께 살펴보면 좋아요.","정서 일관성(기복)을 함께 살펴보면 좋아요.")))))
A11: 6 | B11: =IF(데이터입력!K$5="","",데이터입력!K$5) | C11: =IF(COUNT(데이터입력!$K$6,데이터입력!$K$7,데이터입력!$K$8,데이터입력!$K$9,데이터입력!$K$10,데이터입력!$K$11)=6,ROUND((데이터입력!$K$6+데이터입력!$K$7+데이터입력!$K$8+데이터입력!$K$9+데이터입력!$K$10+데이터입력!$K$11)/6,2),"") | D11: =IF(COUNT(데이터입력!$K$20,데이터입력!$K$21,데이터입력!$K$22,데이터입력!$K$23,데이터입력!$K$24,데이터입력!$K$25,데이터입력!$K$26)=7,ROUND((데이터입력!$K$20+데이터입력!$K$21+데이터입력!$K$22+데이터입력!$K$23+데이터입력!$K$24+데이터입력!$K$25+데이터입력!$K$26)/7,2),"") | E11: =IF(COUNT(데이터입력!$K$31,데이터입력!$K$32,데이터입력!$K$33)=3,ROUND(((6-데이터입력!$K$31)+(6-데이터입력!$K$32)+(6-데이터입력!$K$33))/3,2),"") | F11: =IF(COUNT(데이터입력!$K$14,데이터입력!$K$15,데이터입력!$K$16,데이터입력!$K$17,데이터입력!$K$18)=5,ROUND((데이터입력!$K$14+데이터입력!$K$15+데이터입력!$K$16+데이터입력!$K$17+데이터입력!$K$18)/5,2),"") | G11: =IF(COUNT(데이터입력!$K$27,데이터입력!$K$28,데이터입력!$K$29)=3,ROUND(((6-데이터입력!$K$27)+IF(데이터입력!$K$28=3,5,IF(데이터입력!$K$28=4,4,IF(데이터입력!$K$28=2,3,IF(데이터입력!$K$28=1,2,1))))+데이터입력!$K$29)/3,2),"") | H11: =IF(데이터입력!$K$28="","",데이터입력!$K$28&IF(OR(데이터입력!$K$28=4,데이터입력!$K$28=5)," [A]",IF(OR(데이터입력!$K$28=1,데이터입력!$K$28=2)," [B]",""))) | I11: =IF(COUNT(데이터입력!$K$12,데이터입력!$K$13)=2,ROUND((데이터입력!$K$12+데이터입력!$K$13)/2,2),"") | J11: =IF(데이터입력!$K$19="","",데이터입력!$K$19) | K11: =IF(데이터입력!$K$30="","",데이터입력!$K$30) | L11: =IF(COUNT(데이터입력!$K$34,데이터입력!$K$35)=2,ROUND(((6-데이터입력!$K$34)+(6-데이터입력!$K$35))/2,2),"") | M11: =IF(COUNT(C11:E11)=3,ROUND(AVERAGE(C11:E11),2),"") | N11: =IF(C11="","설문 미입력",IF(COUNT(C11:E11)<3,"일부 문항 미응답",IF(MIN(C11:E11)>=4,"세 영역 모두 안정적입니다.",IF(MIN(C11:E11)=C11,"가르치는 방식을 함께 살펴보면 좋아요.",IF(MIN(C11:E11)=D11,"정서적 애정·교류를 함께 살펴보면 좋아요.","정서 일관성(기복)을 함께 살펴보면 좋아요.")))))
A12: 7 | B12: =IF(데이터입력!L$5="","",데이터입력!L$5) | C12: =IF(COUNT(데이터입력!$L$6,데이터입력!$L$7,데이터입력!$L$8,데이터입력!$L$9,데이터입력!$L$10,데이터입력!$L$11)=6,ROUND((데이터입력!$L$6+데이터입력!$L$7+데이터입력!$L$8+데이터입력!$L$9+데이터입력!$L$10+데이터입력!$L$11)/6,2),"") | D12: =IF(COUNT(데이터입력!$L$20,데이터입력!$L$21,데이터입력!$L$22,데이터입력!$L$23,데이터입력!$L$24,데이터입력!$L$25,데이터입력!$L$26)=7,ROUND((데이터입력!$L$20+데이터입력!$L$21+데이터입력!$L$22+데이터입력!$L$23+데이터입력!$L$24+데이터입력!$L$25+데이터입력!$L$26)/7,2),"") | E12: =IF(COUNT(데이터입력!$L$31,데이터입력!$L$32,데이터입력!$L$33)=3,ROUND(((6-데이터입력!$L$31)+(6-데이터입력!$L$32)+(6-데이터입력!$L$33))/3,2),"") | F12: =IF(COUNT(데이터입력!$L$14,데이터입력!$L$15,데이터입력!$L$16,데이터입력!$L$17,데이터입력!$L$18)=5,ROUND((데이터입력!$L$14+데이터입력!$L$15+데이터입력!$L$16+데이터입력!$L$17+데이터입력!$L$18)/5,2),"") | G12: =IF(COUNT(데이터입력!$L$27,데이터입력!$L$28,데이터입력!$L$29)=3,ROUND(((6-데이터입력!$L$27)+IF(데이터입력!$L$28=3,5,IF(데이터입력!$L$28=4,4,IF(데이터입력!$L$28=2,3,IF(데이터입력!$L$28=1,2,1))))+데이터입력!$L$29)/3,2),"") | H12: =IF(데이터입력!$L$28="","",데이터입력!$L$28&IF(OR(데이터입력!$L$28=4,데이터입력!$L$28=5)," [A]",IF(OR(데이터입력!$L$28=1,데이터입력!$L$28=2)," [B]",""))) | I12: =IF(COUNT(데이터입력!$L$12,데이터입력!$L$13)=2,ROUND((데이터입력!$L$12+데이터입력!$L$13)/2,2),"") | J12: =IF(데이터입력!$L$19="","",데이터입력!$L$19) | K12: =IF(데이터입력!$L$30="","",데이터입력!$L$30) | L12: =IF(COUNT(데이터입력!$L$34,데이터입력!$L$35)=2,ROUND(((6-데이터입력!$L$34)+(6-데이터입력!$L$35))/2,2),"") | M12: =IF(COUNT(C12:E12)=3,ROUND(AVERAGE(C12:E12),2),"") | N12: =IF(C12="","설문 미입력",IF(COUNT(C12:E12)<3,"일부 문항 미응답",IF(MIN(C12:E12)>=4,"세 영역 모두 안정적입니다.",IF(MIN(C12:E12)=C12,"가르치는 방식을 함께 살펴보면 좋아요.",IF(MIN(C12:E12)=D12,"정서적 애정·교류를 함께 살펴보면 좋아요.","정서 일관성(기복)을 함께 살펴보면 좋아요.")))))
A13: 8 | B13: =IF(데이터입력!M$5="","",데이터입력!M$5) | C13: =IF(COUNT(데이터입력!$M$6,데이터입력!$M$7,데이터입력!$M$8,데이터입력!$M$9,데이터입력!$M$10,데이터입력!$M$11)=6,ROUND((데이터입력!$M$6+데이터입력!$M$7+데이터입력!$M$8+데이터입력!$M$9+데이터입력!$M$10+데이터입력!$M$11)/6,2),"") | D13: =IF(COUNT(데이터입력!$M$20,데이터입력!$M$21,데이터입력!$M$22,데이터입력!$M$23,데이터입력!$M$24,데이터입력!$M$25,데이터입력!$M$26)=7,ROUND((데이터입력!$M$20+데이터입력!$M$21+데이터입력!$M$22+데이터입력!$M$23+데이터입력!$M$24+데이터입력!$M$25+데이터입력!$M$26)/7,2),"") | E13: =IF(COUNT(데이터입력!$M$31,데이터입력!$M$32,데이터입력!$M$33)=3,ROUND(((6-데이터입력!$M$31)+(6-데이터입력!$M$32)+(6-데이터입력!$M$33))/3,2),"") | F13: =IF(COUNT(데이터입력!$M$14,데이터입력!$M$15,데이터입력!$M$16,데이터입력!$M$17,데이터입력!$M$18)=5,ROUND((데이터입력!$M$14+데이터입력!$M$15+데이터입력!$M$16+데이터입력!$M$17+데이터입력!$M$18)/5,2),"") | G13: =IF(COUNT(데이터입력!$M$27,데이터입력!$M$28,데이터입력!$M$29)=3,ROUND(((6-데이터입력!$M$27)+IF(데이터입력!$M$28=3,5,IF(데이터입력!$M$28=4,4,IF(데이터입력!$M$28=2,3,IF(데이터입력!$M$28=1,2,1))))+데이터입력!$M$29)/3,2),"") | H13: =IF(데이터입력!$M$28="","",데이터입력!$M$28&IF(OR(데이터입력!$M$28=4,데이터입력!$M$28=5)," [A]",IF(OR(데이터입력!$M$28=1,데이터입력!$M$28=2)," [B]",""))) | I13: =IF(COUNT(데이터입력!$M$12,데이터입력!$M$13)=2,ROUND((데이터입력!$M$12+데이터입력!$M$13)/2,2),"") | J13: =IF(데이터입력!$M$19="","",데이터입력!$M$19) | K13: =IF(데이터입력!$M$30="","",데이터입력!$M$30) | L13: =IF(COUNT(데이터입력!$M$34,데이터입력!$M$35)=2,ROUND(((6-데이터입력!$M$34)+(6-데이터입력!$M$35))/2,2),"") | M13: =IF(COUNT(C13:E13)=3,ROUND(AVERAGE(C13:E13),2),"") | N13: =IF(C13="","설문 미입력",IF(COUNT(C13:E13)<3,"일부 문항 미응답",IF(MIN(C13:E13)>=4,"세 영역 모두 안정적입니다.",IF(MIN(C13:E13)=C13,"가르치는 방식을 함께 살펴보면 좋아요.",IF(MIN(C13:E13)=D13,"정서적 애정·교류를 함께 살펴보면 좋아요.","정서 일관성(기복)을 함께 살펴보면 좋아요.")))))
A14: 9 | B14: =IF(데이터입력!N$5="","",데이터입력!N$5) | C14: =IF(COUNT(데이터입력!$N$6,데이터입력!$N$7,데이터입력!$N$8,데이터입력!$N$9,데이터입력!$N$10,데이터입력!$N$11)=6,ROUND((데이터입력!$N$6+데이터입력!$N$7+데이터입력!$N$8+데이터입력!$N$9+데이터입력!$N$10+데이터입력!$N$11)/6,2),"") | D14: =IF(COUNT(데이터입력!$N$20,데이터입력!$N$21,데이터입력!$N$22,데이터입력!$N$23,데이터입력!$N$24,데이터입력!$N$25,데이터입력!$N$26)=7,ROUND((데이터입력!$N$20+데이터입력!$N$21+데이터입력!$N$22+데이터입력!$N$23+데이터입력!$N$24+데이터입력!$N$25+데이터입력!$N$26)/7,2),"") | E14: =IF(COUNT(데이터입력!$N$31,데이터입력!$N$32,데이터입력!$N$33)=3,ROUND(((6-데이터입력!$N$31)+(6-데이터입력!$N$32)+(6-데이터입력!$N$33))/3,2),"") | F14: =IF(COUNT(데이터입력!$N$14,데이터입력!$N$15,데이터입력!$N$16,데이터입력!$N$17,데이터입력!$N$18)=5,ROUND((데이터입력!$N$14+데이터입력!$N$15+데이터입력!$N$16+데이터입력!$N$17+데이터입력!$N$18)/5,2),"") | G14: =IF(COUNT(데이터입력!$N$27,데이터입력!$N$28,데이터입력!$N$29)=3,ROUND(((6-데이터입력!$N$27)+IF(데이터입력!$N$28=3,5,IF(데이터입력!$N$28=4,4,IF(데이터입력!$N$28=2,3,IF(데이터입력!$N$28=1,2,1))))+데이터입력!$N$29)/3,2),"") | H14: =IF(데이터입력!$N$28="","",데이터입력!$N$28&IF(OR(데이터입력!$N$28=4,데이터입력!$N$28=5)," [A]",IF(OR(데이터입력!$N$28=1,데이터입력!$N$28=2)," [B]",""))) | I14: =IF(COUNT(데이터입력!$N$12,데이터입력!$N$13)=2,ROUND((데이터입력!$N$12+데이터입력!$N$13)/2,2),"") | J14: =IF(데이터입력!$N$19="","",데이터입력!$N$19) | K14: =IF(데이터입력!$N$30="","",데이터입력!$N$30) | L14: =IF(COUNT(데이터입력!$N$34,데이터입력!$N$35)=2,ROUND(((6-데이터입력!$N$34)+(6-데이터입력!$N$35))/2,2),"") | M14: =IF(COUNT(C14:E14)=3,ROUND(AVERAGE(C14:E14),2),"") | N14: =IF(C14="","설문 미입력",IF(COUNT(C14:E14)<3,"일부 문항 미응답",IF(MIN(C14:E14)>=4,"세 영역 모두 안정적입니다.",IF(MIN(C14:E14)=C14,"가르치는 방식을 함께 살펴보면 좋아요.",IF(MIN(C14:E14)=D14,"정서적 애정·교류를 함께 살펴보면 좋아요.","정서 일관성(기복)을 함께 살펴보면 좋아요.")))))
A15: 10 | B15: =IF(데이터입력!O$5="","",데이터입력!O$5) | C15: =IF(COUNT(데이터입력!$O$6,데이터입력!$O$7,데이터입력!$O$8,데이터입력!$O$9,데이터입력!$O$10,데이터입력!$O$11)=6,ROUND((데이터입력!$O$6+데이터입력!$O$7+데이터입력!$O$8+데이터입력!$O$9+데이터입력!$O$10+데이터입력!$O$11)/6,2),"") | D15: =IF(COUNT(데이터입력!$O$20,데이터입력!$O$21,데이터입력!$O$22,데이터입력!$O$23,데이터입력!$O$24,데이터입력!$O$25,데이터입력!$O$26)=7,ROUND((데이터입력!$O$20+데이터입력!$O$21+데이터입력!$O$22+데이터입력!$O$23+데이터입력!$O$24+데이터입력!$O$25+데이터입력!$O$26)/7,2),"") | E15: =IF(COUNT(데이터입력!$O$31,데이터입력!$O$32,데이터입력!$O$33)=3,ROUND(((6-데이터입력!$O$31)+(6-데이터입력!$O$32)+(6-데이터입력!$O$33))/3,2),"") | F15: =IF(COUNT(데이터입력!$O$14,데이터입력!$O$15,데이터입력!$O$16,데이터입력!$O$17,데이터입력!$O$18)=5,ROUND((데이터입력!$O$14+데이터입력!$O$15+데이터입력!$O$16+데이터입력!$O$17+데이터입력!$O$18)/5,2),"") | G15: =IF(COUNT(데이터입력!$O$27,데이터입력!$O$28,데이터입력!$O$29)=3,ROUND(((6-데이터입력!$O$27)+IF(데이터입력!$O$28=3,5,IF(데이터입력!$O$28=4,4,IF(데이터입력!$O$28=2,3,IF(데이터입력!$O$28=1,2,1))))+데이터입력!$O$29)/3,2),"") | H15: =IF(데이터입력!$O$28="","",데이터입력!$O$28&IF(OR(데이터입력!$O$28=4,데이터입력!$O$28=5)," [A]",IF(OR(데이터입력!$O$28=1,데이터입력!$O$28=2)," [B]",""))) | I15: =IF(COUNT(데이터입력!$O$12,데이터입력!$O$13)=2,ROUND((데이터입력!$O$12+데이터입력!$O$13)/2,2),"") | J15: =IF(데이터입력!$O$19="","",데이터입력!$O$19) | K15: =IF(데이터입력!$O$30="","",데이터입력!$O$30) | L15: =IF(COUNT(데이터입력!$O$34,데이터입력!$O$35)=2,ROUND(((6-데이터입력!$O$34)+(6-데이터입력!$O$35))/2,2),"") | M15: =IF(COUNT(C15:E15)=3,ROUND(AVERAGE(C15:E15),2),"") | N15: =IF(C15="","설문 미입력",IF(COUNT(C15:E15)<3,"일부 문항 미응답",IF(MIN(C15:E15)>=4,"세 영역 모두 안정적입니다.",IF(MIN(C15:E15)=C15,"가르치는 방식을 함께 살펴보면 좋아요.",IF(MIN(C15:E15)=D15,"정서적 애정·교류를 함께 살펴보면 좋아요.","정서 일관성(기복)을 함께 살펴보면 좋아요.")))))
A16: 11 | B16: =IF(데이터입력!P$5="","",데이터입력!P$5) | C16: =IF(COUNT(데이터입력!$P$6,데이터입력!$P$7,데이터입력!$P$8,데이터입력!$P$9,데이터입력!$P$10,데이터입력!$P$11)=6,ROUND((데이터입력!$P$6+데이터입력!$P$7+데이터입력!$P$8+데이터입력!$P$9+데이터입력!$P$10+데이터입력!$P$11)/6,2),"") | D16: =IF(COUNT(데이터입력!$P$20,데이터입력!$P$21,데이터입력!$P$22,데이터입력!$P$23,데이터입력!$P$24,데이터입력!$P$25,데이터입력!$P$26)=7,ROUND((데이터입력!$P$20+데이터입력!$P$21+데이터입력!$P$22+데이터입력!$P$23+데이터입력!$P$24+데이터입력!$P$25+데이터입력!$P$26)/7,2),"") | E16: =IF(COUNT(데이터입력!$P$31,데이터입력!$P$32,데이터입력!$P$33)=3,ROUND(((6-데이터입력!$P$31)+(6-데이터입력!$P$32)+(6-데이터입력!$P$33))/3,2),"") | F16: =IF(COUNT(데이터입력!$P$14,데이터입력!$P$15,데이터입력!$P$16,데이터입력!$P$17,데이터입력!$P$18)=5,ROUND((데이터입력!$P$14+데이터입력!$P$15+데이터입력!$P$16+데이터입력!$P$17+데이터입력!$P$18)/5,2),"") | G16: =IF(COUNT(데이터입력!$P$27,데이터입력!$P$28,데이터입력!$P$29)=3,ROUND(((6-데이터입력!$P$27)+IF(데이터입력!$P$28=3,5,IF(데이터입력!$P$28=4,4,IF(데이터입력!$P$28=2,3,IF(데이터입력!$P$28=1,2,1))))+데이터입력!$P$29)/3,2),"") | H16: =IF(데이터입력!$P$28="","",데이터입력!$P$28&IF(OR(데이터입력!$P$28=4,데이터입력!$P$28=5)," [A]",IF(OR(데이터입력!$P$28=1,데이터입력!$P$28=2)," [B]",""))) | I16: =IF(COUNT(데이터입력!$P$12,데이터입력!$P$13)=2,ROUND((데이터입력!$P$12+데이터입력!$P$13)/2,2),"") | J16: =IF(데이터입력!$P$19="","",데이터입력!$P$19) | K16: =IF(데이터입력!$P$30="","",데이터입력!$P$30) | L16: =IF(COUNT(데이터입력!$P$34,데이터입력!$P$35)=2,ROUND(((6-데이터입력!$P$34)+(6-데이터입력!$P$35))/2,2),"") | M16: =IF(COUNT(C16:E16)=3,ROUND(AVERAGE(C16:E16),2),"") | N16: =IF(C16="","설문 미입력",IF(COUNT(C16:E16)<3,"일부 문항 미응답",IF(MIN(C16:E16)>=4,"세 영역 모두 안정적입니다.",IF(MIN(C16:E16)=C16,"가르치는 방식을 함께 살펴보면 좋아요.",IF(MIN(C16:E16)=D16,"정서적 애정·교류를 함께 살펴보면 좋아요.","정서 일관성(기복)을 함께 살펴보면 좋아요.")))))
A17: 12 | B17: =IF(데이터입력!Q$5="","",데이터입력!Q$5) | C17: =IF(COUNT(데이터입력!$Q$6,데이터입력!$Q$7,데이터입력!$Q$8,데이터입력!$Q$9,데이터입력!$Q$10,데이터입력!$Q$11)=6,ROUND((데이터입력!$Q$6+데이터입력!$Q$7+데이터입력!$Q$8+데이터입력!$Q$9+데이터입력!$Q$10+데이터입력!$Q$11)/6,2),"") | D17: =IF(COUNT(데이터입력!$Q$20,데이터입력!$Q$21,데이터입력!$Q$22,데이터입력!$Q$23,데이터입력!$Q$24,데이터입력!$Q$25,데이터입력!$Q$26)=7,ROUND((데이터입력!$Q$20+데이터입력!$Q$21+데이터입력!$Q$22+데이터입력!$Q$23+데이터입력!$Q$24+데이터입력!$Q$25+데이터입력!$Q$26)/7,2),"") | E17: =IF(COUNT(데이터입력!$Q$31,데이터입력!$Q$32,데이터입력!$Q$33)=3,ROUND(((6-데이터입력!$Q$31)+(6-데이터입력!$Q$32)+(6-데이터입력!$Q$33))/3,2),"") | F17: =IF(COUNT(데이터입력!$Q$14,데이터입력!$Q$15,데이터입력!$Q$16,데이터입력!$Q$17,데이터입력!$Q$18)=5,ROUND((데이터입력!$Q$14+데이터입력!$Q$15+데이터입력!$Q$16+데이터입력!$Q$17+데이터입력!$Q$18)/5,2),"") | G17: =IF(COUNT(데이터입력!$Q$27,데이터입력!$Q$28,데이터입력!$Q$29)=3,ROUND(((6-데이터입력!$Q$27)+IF(데이터입력!$Q$28=3,5,IF(데이터입력!$Q$28=4,4,IF(데이터입력!$Q$28=2,3,IF(데이터입력!$Q$28=1,2,1))))+데이터입력!$Q$29)/3,2),"") | H17: =IF(데이터입력!$Q$28="","",데이터입력!$Q$28&IF(OR(데이터입력!$Q$28=4,데이터입력!$Q$28=5)," [A]",IF(OR(데이터입력!$Q$28=1,데이터입력!$Q$28=2)," [B]",""))) | I17: =IF(COUNT(데이터입력!$Q$12,데이터입력!$Q$13)=2,ROUND((데이터입력!$Q$12+데이터입력!$Q$13)/2,2),"") | J17: =IF(데이터입력!$Q$19="","",데이터입력!$Q$19) | K17: =IF(데이터입력!$Q$30="","",데이터입력!$Q$30) | L17: =IF(COUNT(데이터입력!$Q$34,데이터입력!$Q$35)=2,ROUND(((6-데이터입력!$Q$34)+(6-데이터입력!$Q$35))/2,2),"") | M17: =IF(COUNT(C17:E17)=3,ROUND(AVERAGE(C17:E17),2),"") | N17: =IF(C17="","설문 미입력",IF(COUNT(C17:E17)<3,"일부 문항 미응답",IF(MIN(C17:E17)>=4,"세 영역 모두 안정적입니다.",IF(MIN(C17:E17)=C17,"가르치는 방식을 함께 살펴보면 좋아요.",IF(MIN(C17:E17)=D17,"정서적 애정·교류를 함께 살펴보면 좋아요.","정서 일관성(기복)을 함께 살펴보면 좋아요.")))))
A18: 13 | B18: =IF(데이터입력!R$5="","",데이터입력!R$5) | C18: =IF(COUNT(데이터입력!$R$6,데이터입력!$R$7,데이터입력!$R$8,데이터입력!$R$9,데이터입력!$R$10,데이터입력!$R$11)=6,ROUND((데이터입력!$R$6+데이터입력!$R$7+데이터입력!$R$8+데이터입력!$R$9+데이터입력!$R$10+데이터입력!$R$11)/6,2),"") | D18: =IF(COUNT(데이터입력!$R$20,데이터입력!$R$21,데이터입력!$R$22,데이터입력!$R$23,데이터입력!$R$24,데이터입력!$R$25,데이터입력!$R$26)=7,ROUND((데이터입력!$R$20+데이터입력!$R$21+데이터입력!$R$22+데이터입력!$R$23+데이터입력!$R$24+데이터입력!$R$25+데이터입력!$R$26)/7,2),"") | E18: =IF(COUNT(데이터입력!$R$31,데이터입력!$R$32,데이터입력!$R$33)=3,ROUND(((6-데이터입력!$R$31)+(6-데이터입력!$R$32)+(6-데이터입력!$R$33))/3,2),"") | F18: =IF(COUNT(데이터입력!$R$14,데이터입력!$R$15,데이터입력!$R$16,데이터입력!$R$17,데이터입력!$R$18)=5,ROUND((데이터입력!$R$14+데이터입력!$R$15+데이터입력!$R$16+데이터입력!$R$17+데이터입력!$R$18)/5,2),"") | G18: =IF(COUNT(데이터입력!$R$27,데이터입력!$R$28,데이터입력!$R$29)=3,ROUND(((6-데이터입력!$R$27)+IF(데이터입력!$R$28=3,5,IF(데이터입력!$R$28=4,4,IF(데이터입력!$R$28=2,3,IF(데이터입력!$R$28=1,2,1))))+데이터입력!$R$29)/3,2),"") | H18: =IF(데이터입력!$R$28="","",데이터입력!$R$28&IF(OR(데이터입력!$R$28=4,데이터입력!$R$28=5)," [A]",IF(OR(데이터입력!$R$28=1,데이터입력!$R$28=2)," [B]",""))) | I18: =IF(COUNT(데이터입력!$R$12,데이터입력!$R$13)=2,ROUND((데이터입력!$R$12+데이터입력!$R$13)/2,2),"") | J18: =IF(데이터입력!$R$19="","",데이터입력!$R$19) | K18: =IF(데이터입력!$R$30="","",데이터입력!$R$30) | L18: =IF(COUNT(데이터입력!$R$34,데이터입력!$R$35)=2,ROUND(((6-데이터입력!$R$34)+(6-데이터입력!$R$35))/2,2),"") | M18: =IF(COUNT(C18:E18)=3,ROUND(AVERAGE(C18:E18),2),"") | N18: =IF(C18="","설문 미입력",IF(COUNT(C18:E18)<3,"일부 문항 미응답",IF(MIN(C18:E18)>=4,"세 영역 모두 안정적입니다.",IF(MIN(C18:E18)=C18,"가르치는 방식을 함께 살펴보면 좋아요.",IF(MIN(C18:E18)=D18,"정서적 애정·교류를 함께 살펴보면 좋아요.","정서 일관성(기복)을 함께 살펴보면 좋아요.")))))
A19: 14 | B19: =IF(데이터입력!S$5="","",데이터입력!S$5) | C19: =IF(COUNT(데이터입력!$S$6,데이터입력!$S$7,데이터입력!$S$8,데이터입력!$S$9,데이터입력!$S$10,데이터입력!$S$11)=6,ROUND((데이터입력!$S$6+데이터입력!$S$7+데이터입력!$S$8+데이터입력!$S$9+데이터입력!$S$10+데이터입력!$S$11)/6,2),"") | D19: =IF(COUNT(데이터입력!$S$20,데이터입력!$S$21,데이터입력!$S$22,데이터입력!$S$23,데이터입력!$S$24,데이터입력!$S$25,데이터입력!$S$26)=7,ROUND((데이터입력!$S$20+데이터입력!$S$21+데이터입력!$S$22+데이터입력!$S$23+데이터입력!$S$24+데이터입력!$S$25+데이터입력!$S$26)/7,2),"") | E19: =IF(COUNT(데이터입력!$S$31,데이터입력!$S$32,데이터입력!$S$33)=3,ROUND(((6-데이터입력!$S$31)+(6-데이터입력!$S$32)+(6-데이터입력!$S$33))/3,2),"") | F19: =IF(COUNT(데이터입력!$S$14,데이터입력!$S$15,데이터입력!$S$16,데이터입력!$S$17,데이터입력!$S$18)=5,ROUND((데이터입력!$S$14+데이터입력!$S$15+데이터입력!$S$16+데이터입력!$S$17+데이터입력!$S$18)/5,2),"") | G19: =IF(COUNT(데이터입력!$S$27,데이터입력!$S$28,데이터입력!$S$29)=3,ROUND(((6-데이터입력!$S$27)+IF(데이터입력!$S$28=3,5,IF(데이터입력!$S$28=4,4,IF(데이터입력!$S$28=2,3,IF(데이터입력!$S$28=1,2,1))))+데이터입력!$S$29)/3,2),"") | H19: =IF(데이터입력!$S$28="","",데이터입력!$S$28&IF(OR(데이터입력!$S$28=4,데이터입력!$S$28=5)," [A]",IF(OR(데이터입력!$S$28=1,데이터입력!$S$28=2)," [B]",""))) | I19: =IF(COUNT(데이터입력!$S$12,데이터입력!$S$13)=2,ROUND((데이터입력!$S$12+데이터입력!$S$13)/2,2),"") | J19: =IF(데이터입력!$S$19="","",데이터입력!$S$19) | K19: =IF(데이터입력!$S$30="","",데이터입력!$S$30) | L19: =IF(COUNT(데이터입력!$S$34,데이터입력!$S$35)=2,ROUND(((6-데이터입력!$S$34)+(6-데이터입력!$S$35))/2,2),"") | M19: =IF(COUNT(C19:E19)=3,ROUND(AVERAGE(C19:E19),2),"") | N19: =IF(C19="","설문 미입력",IF(COUNT(C19:E19)<3,"일부 문항 미응답",IF(MIN(C19:E19)>=4,"세 영역 모두 안정적입니다.",IF(MIN(C19:E19)=C19,"가르치는 방식을 함께 살펴보면 좋아요.",IF(MIN(C19:E19)=D19,"정서적 애정·교류를 함께 살펴보면 좋아요.","정서 일관성(기복)을 함께 살펴보면 좋아요.")))))
A20: 15 | B20: =IF(데이터입력!T$5="","",데이터입력!T$5) | C20: =IF(COUNT(데이터입력!$T$6,데이터입력!$T$7,데이터입력!$T$8,데이터입력!$T$9,데이터입력!$T$10,데이터입력!$T$11)=6,ROUND((데이터입력!$T$6+데이터입력!$T$7+데이터입력!$T$8+데이터입력!$T$9+데이터입력!$T$10+데이터입력!$T$11)/6,2),"") | D20: =IF(COUNT(데이터입력!$T$20,데이터입력!$T$21,데이터입력!$T$22,데이터입력!$T$23,데이터입력!$T$24,데이터입력!$T$25,데이터입력!$T$26)=7,ROUND((데이터입력!$T$20+데이터입력!$T$21+데이터입력!$T$22+데이터입력!$T$23+데이터입력!$T$24+데이터입력!$T$25+데이터입력!$T$26)/7,2),"") | E20: =IF(COUNT(데이터입력!$T$31,데이터입력!$T$32,데이터입력!$T$33)=3,ROUND(((6-데이터입력!$T$31)+(6-데이터입력!$T$32)+(6-데이터입력!$T$33))/3,2),"") | F20: =IF(COUNT(데이터입력!$T$14,데이터입력!$T$15,데이터입력!$T$16,데이터입력!$T$17,데이터입력!$T$18)=5,ROUND((데이터입력!$T$14+데이터입력!$T$15+데이터입력!$T$16+데이터입력!$T$17+데이터입력!$T$18)/5,2),"") | G20: =IF(COUNT(데이터입력!$T$27,데이터입력!$T$28,데이터입력!$T$29)=3,ROUND(((6-데이터입력!$T$27)+IF(데이터입력!$T$28=3,5,IF(데이터입력!$T$28=4,4,IF(데이터입력!$T$28=2,3,IF(데이터입력!$T$28=1,2,1))))+데이터입력!$T$29)/3,2),"") | H20: =IF(데이터입력!$T$28="","",데이터입력!$T$28&IF(OR(데이터입력!$T$28=4,데이터입력!$T$28=5)," [A]",IF(OR(데이터입력!$T$28=1,데이터입력!$T$28=2)," [B]",""))) | I20: =IF(COUNT(데이터입력!$T$12,데이터입력!$T$13)=2,ROUND((데이터입력!$T$12+데이터입력!$T$13)/2,2),"") | J20: =IF(데이터입력!$T$19="","",데이터입력!$T$19) | K20: =IF(데이터입력!$T$30="","",데이터입력!$T$30) | L20: =IF(COUNT(데이터입력!$T$34,데이터입력!$T$35)=2,ROUND(((6-데이터입력!$T$34)+(6-데이터입력!$T$35))/2,2),"") | M20: =IF(COUNT(C20:E20)=3,ROUND(AVERAGE(C20:E20),2),"") | N20: =IF(C20="","설문 미입력",IF(COUNT(C20:E20)<3,"일부 문항 미응답",IF(MIN(C20:E20)>=4,"세 영역 모두 안정적입니다.",IF(MIN(C20:E20)=C20,"가르치는 방식을 함께 살펴보면 좋아요.",IF(MIN(C20:E20)=D20,"정서적 애정·교류를 함께 살펴보면 좋아요.","정서 일관성(기복)을 함께 살펴보면 좋아요.")))))
A21: 16 | B21: =IF(데이터입력!U$5="","",데이터입력!U$5) | C21: =IF(COUNT(데이터입력!$U$6,데이터입력!$U$7,데이터입력!$U$8,데이터입력!$U$9,데이터입력!$U$10,데이터입력!$U$11)=6,ROUND((데이터입력!$U$6+데이터입력!$U$7+데이터입력!$U$8+데이터입력!$U$9+데이터입력!$U$10+데이터입력!$U$11)/6,2),"") | D21: =IF(COUNT(데이터입력!$U$20,데이터입력!$U$21,데이터입력!$U$22,데이터입력!$U$23,데이터입력!$U$24,데이터입력!$U$25,데이터입력!$U$26)=7,ROUND((데이터입력!$U$20+데이터입력!$U$21+데이터입력!$U$22+데이터입력!$U$23+데이터입력!$U$24+데이터입력!$U$25+데이터입력!$U$26)/7,2),"") | E21: =IF(COUNT(데이터입력!$U$31,데이터입력!$U$32,데이터입력!$U$33)=3,ROUND(((6-데이터입력!$U$31)+(6-데이터입력!$U$32)+(6-데이터입력!$U$33))/3,2),"") | F21: =IF(COUNT(데이터입력!$U$14,데이터입력!$U$15,데이터입력!$U$16,데이터입력!$U$17,데이터입력!$U$18)=5,ROUND((데이터입력!$U$14+데이터입력!$U$15+데이터입력!$U$16+데이터입력!$U$17+데이터입력!$U$18)/5,2),"") | G21: =IF(COUNT(데이터입력!$U$27,데이터입력!$U$28,데이터입력!$U$29)=3,ROUND(((6-데이터입력!$U$27)+IF(데이터입력!$U$28=3,5,IF(데이터입력!$U$28=4,4,IF(데이터입력!$U$28=2,3,IF(데이터입력!$U$28=1,2,1))))+데이터입력!$U$29)/3,2),"") | H21: =IF(데이터입력!$U$28="","",데이터입력!$U$28&IF(OR(데이터입력!$U$28=4,데이터입력!$U$28=5)," [A]",IF(OR(데이터입력!$U$28=1,데이터입력!$U$28=2)," [B]",""))) | I21: =IF(COUNT(데이터입력!$U$12,데이터입력!$U$13)=2,ROUND((데이터입력!$U$12+데이터입력!$U$13)/2,2),"") | J21: =IF(데이터입력!$U$19="","",데이터입력!$U$19) | K21: =IF(데이터입력!$U$30="","",데이터입력!$U$30) | L21: =IF(COUNT(데이터입력!$U$34,데이터입력!$U$35)=2,ROUND(((6-데이터입력!$U$34)+(6-데이터입력!$U$35))/2,2),"") | M21: =IF(COUNT(C21:E21)=3,ROUND(AVERAGE(C21:E21),2),"") | N21: =IF(C21="","설문 미입력",IF(COUNT(C21:E21)<3,"일부 문항 미응답",IF(MIN(C21:E21)>=4,"세 영역 모두 안정적입니다.",IF(MIN(C21:E21)=C21,"가르치는 방식을 함께 살펴보면 좋아요.",IF(MIN(C21:E21)=D21,"정서적 애정·교류를 함께 살펴보면 좋아요.","정서 일관성(기복)을 함께 살펴보면 좋아요.")))))
A22: 17 | B22: =IF(데이터입력!V$5="","",데이터입력!V$5) | C22: =IF(COUNT(데이터입력!$V$6,데이터입력!$V$7,데이터입력!$V$8,데이터입력!$V$9,데이터입력!$V$10,데이터입력!$V$11)=6,ROUND((데이터입력!$V$6+데이터입력!$V$7+데이터입력!$V$8+데이터입력!$V$9+데이터입력!$V$10+데이터입력!$V$11)/6,2),"") | D22: =IF(COUNT(데이터입력!$V$20,데이터입력!$V$21,데이터입력!$V$22,데이터입력!$V$23,데이터입력!$V$24,데이터입력!$V$25,데이터입력!$V$26)=7,ROUND((데이터입력!$V$20+데이터입력!$V$21+데이터입력!$V$22+데이터입력!$V$23+데이터입력!$V$24+데이터입력!$V$25+데이터입력!$V$26)/7,2),"") | E22: =IF(COUNT(데이터입력!$V$31,데이터입력!$V$32,데이터입력!$V$33)=3,ROUND(((6-데이터입력!$V$31)+(6-데이터입력!$V$32)+(6-데이터입력!$V$33))/3,2),"") | F22: =IF(COUNT(데이터입력!$V$14,데이터입력!$V$15,데이터입력!$V$16,데이터입력!$V$17,데이터입력!$V$18)=5,ROUND((데이터입력!$V$14+데이터입력!$V$15+데이터입력!$V$16+데이터입력!$V$17+데이터입력!$V$18)/5,2),"") | G22: =IF(COUNT(데이터입력!$V$27,데이터입력!$V$28,데이터입력!$V$29)=3,ROUND(((6-데이터입력!$V$27)+IF(데이터입력!$V$28=3,5,IF(데이터입력!$V$28=4,4,IF(데이터입력!$V$28=2,3,IF(데이터입력!$V$28=1,2,1))))+데이터입력!$V$29)/3,2),"") | H22: =IF(데이터입력!$V$28="","",데이터입력!$V$28&IF(OR(데이터입력!$V$28=4,데이터입력!$V$28=5)," [A]",IF(OR(데이터입력!$V$28=1,데이터입력!$V$28=2)," [B]",""))) | I22: =IF(COUNT(데이터입력!$V$12,데이터입력!$V$13)=2,ROUND((데이터입력!$V$12+데이터입력!$V$13)/2,2),"") | J22: =IF(데이터입력!$V$19="","",데이터입력!$V$19) | K22: =IF(데이터입력!$V$30="","",데이터입력!$V$30) | L22: =IF(COUNT(데이터입력!$V$34,데이터입력!$V$35)=2,ROUND(((6-데이터입력!$V$34)+(6-데이터입력!$V$35))/2,2),"") | M22: =IF(COUNT(C22:E22)=3,ROUND(AVERAGE(C22:E22),2),"") | N22: =IF(C22="","설문 미입력",IF(COUNT(C22:E22)<3,"일부 문항 미응답",IF(MIN(C22:E22)>=4,"세 영역 모두 안정적입니다.",IF(MIN(C22:E22)=C22,"가르치는 방식을 함께 살펴보면 좋아요.",IF(MIN(C22:E22)=D22,"정서적 애정·교류를 함께 살펴보면 좋아요.","정서 일관성(기복)을 함께 살펴보면 좋아요.")))))
A23: 18 | B23: =IF(데이터입력!W$5="","",데이터입력!W$5) | C23: =IF(COUNT(데이터입력!$W$6,데이터입력!$W$7,데이터입력!$W$8,데이터입력!$W$9,데이터입력!$W$10,데이터입력!$W$11)=6,ROUND((데이터입력!$W$6+데이터입력!$W$7+데이터입력!$W$8+데이터입력!$W$9+데이터입력!$W$10+데이터입력!$W$11)/6,2),"") | D23: =IF(COUNT(데이터입력!$W$20,데이터입력!$W$21,데이터입력!$W$22,데이터입력!$W$23,데이터입력!$W$24,데이터입력!$W$25,데이터입력!$W$26)=7,ROUND((데이터입력!$W$20+데이터입력!$W$21+데이터입력!$W$22+데이터입력!$W$23+데이터입력!$W$24+데이터입력!$W$25+데이터입력!$W$26)/7,2),"") | E23: =IF(COUNT(데이터입력!$W$31,데이터입력!$W$32,데이터입력!$W$33)=3,ROUND(((6-데이터입력!$W$31)+(6-데이터입력!$W$32)+(6-데이터입력!$W$33))/3,2),"") | F23: =IF(COUNT(데이터입력!$W$14,데이터입력!$W$15,데이터입력!$W$16,데이터입력!$W$17,데이터입력!$W$18)=5,ROUND((데이터입력!$W$14+데이터입력!$W$15+데이터입력!$W$16+데이터입력!$W$17+데이터입력!$W$18)/5,2),"") | G23: =IF(COUNT(데이터입력!$W$27,데이터입력!$W$28,데이터입력!$W$29)=3,ROUND(((6-데이터입력!$W$27)+IF(데이터입력!$W$28=3,5,IF(데이터입력!$W$28=4,4,IF(데이터입력!$W$28=2,3,IF(데이터입력!$W$28=1,2,1))))+데이터입력!$W$29)/3,2),"") | H23: =IF(데이터입력!$W$28="","",데이터입력!$W$28&IF(OR(데이터입력!$W$28=4,데이터입력!$W$28=5)," [A]",IF(OR(데이터입력!$W$28=1,데이터입력!$W$28=2)," [B]",""))) | I23: =IF(COUNT(데이터입력!$W$12,데이터입력!$W$13)=2,ROUND((데이터입력!$W$12+데이터입력!$W$13)/2,2),"") | J23: =IF(데이터입력!$W$19="","",데이터입력!$W$19) | K23: =IF(데이터입력!$W$30="","",데이터입력!$W$30) | L23: =IF(COUNT(데이터입력!$W$34,데이터입력!$W$35)=2,ROUND(((6-데이터입력!$W$34)+(6-데이터입력!$W$35))/2,2),"") | M23: =IF(COUNT(C23:E23)=3,ROUND(AVERAGE(C23:E23),2),"") | N23: =IF(C23="","설문 미입력",IF(COUNT(C23:E23)<3,"일부 문항 미응답",IF(MIN(C23:E23)>=4,"세 영역 모두 안정적입니다.",IF(MIN(C23:E23)=C23,"가르치는 방식을 함께 살펴보면 좋아요.",IF(MIN(C23:E23)=D23,"정서적 애정·교류를 함께 살펴보면 좋아요.","정서 일관성(기복)을 함께 살펴보면 좋아요.")))))
A24: 19 | B24: =IF(데이터입력!X$5="","",데이터입력!X$5) | C24: =IF(COUNT(데이터입력!$X$6,데이터입력!$X$7,데이터입력!$X$8,데이터입력!$X$9,데이터입력!$X$10,데이터입력!$X$11)=6,ROUND((데이터입력!$X$6+데이터입력!$X$7+데이터입력!$X$8+데이터입력!$X$9+데이터입력!$X$10+데이터입력!$X$11)/6,2),"") | D24: =IF(COUNT(데이터입력!$X$20,데이터입력!$X$21,데이터입력!$X$22,데이터입력!$X$23,데이터입력!$X$24,데이터입력!$X$25,데이터입력!$X$26)=7,ROUND((데이터입력!$X$20+데이터입력!$X$21+데이터입력!$X$22+데이터입력!$X$23+데이터입력!$X$24+데이터입력!$X$25+데이터입력!$X$26)/7,2),"") | E24: =IF(COUNT(데이터입력!$X$31,데이터입력!$X$32,데이터입력!$X$33)=3,ROUND(((6-데이터입력!$X$31)+(6-데이터입력!$X$32)+(6-데이터입력!$X$33))/3,2),"") | F24: =IF(COUNT(데이터입력!$X$14,데이터입력!$X$15,데이터입력!$X$16,데이터입력!$X$17,데이터입력!$X$18)=5,ROUND((데이터입력!$X$14+데이터입력!$X$15+데이터입력!$X$16+데이터입력!$X$17+데이터입력!$X$18)/5,2),"") | G24: =IF(COUNT(데이터입력!$X$27,데이터입력!$X$28,데이터입력!$X$29)=3,ROUND(((6-데이터입력!$X$27)+IF(데이터입력!$X$28=3,5,IF(데이터입력!$X$28=4,4,IF(데이터입력!$X$28=2,3,IF(데이터입력!$X$28=1,2,1))))+데이터입력!$X$29)/3,2),"") | H24: =IF(데이터입력!$X$28="","",데이터입력!$X$28&IF(OR(데이터입력!$X$28=4,데이터입력!$X$28=5)," [A]",IF(OR(데이터입력!$X$28=1,데이터입력!$X$28=2)," [B]",""))) | I24: =IF(COUNT(데이터입력!$X$12,데이터입력!$X$13)=2,ROUND((데이터입력!$X$12+데이터입력!$X$13)/2,2),"") | J24: =IF(데이터입력!$X$19="","",데이터입력!$X$19) | K24: =IF(데이터입력!$X$30="","",데이터입력!$X$30) | L24: =IF(COUNT(데이터입력!$X$34,데이터입력!$X$35)=2,ROUND(((6-데이터입력!$X$34)+(6-데이터입력!$X$35))/2,2),"") | M24: =IF(COUNT(C24:E24)=3,ROUND(AVERAGE(C24:E24),2),"") | N24: =IF(C24="","설문 미입력",IF(COUNT(C24:E24)<3,"일부 문항 미응답",IF(MIN(C24:E24)>=4,"세 영역 모두 안정적입니다.",IF(MIN(C24:E24)=C24,"가르치는 방식을 함께 살펴보면 좋아요.",IF(MIN(C24:E24)=D24,"정서적 애정·교류를 함께 살펴보면 좋아요.","정서 일관성(기복)을 함께 살펴보면 좋아요.")))))
A25: 20 | B25: =IF(데이터입력!Y$5="","",데이터입력!Y$5) | C25: =IF(COUNT(데이터입력!$Y$6,데이터입력!$Y$7,데이터입력!$Y$8,데이터입력!$Y$9,데이터입력!$Y$10,데이터입력!$Y$11)=6,ROUND((데이터입력!$Y$6+데이터입력!$Y$7+데이터입력!$Y$8+데이터입력!$Y$9+데이터입력!$Y$10+데이터입력!$Y$11)/6,2),"") | D25: =IF(COUNT(데이터입력!$Y$20,데이터입력!$Y$21,데이터입력!$Y$22,데이터입력!$Y$23,데이터입력!$Y$24,데이터입력!$Y$25,데이터입력!$Y$26)=7,ROUND((데이터입력!$Y$20+데이터입력!$Y$21+데이터입력!$Y$22+데이터입력!$Y$23+데이터입력!$Y$24+데이터입력!$Y$25+데이터입력!$Y$26)/7,2),"") | E25: =IF(COUNT(데이터입력!$Y$31,데이터입력!$Y$32,데이터입력!$Y$33)=3,ROUND(((6-데이터입력!$Y$31)+(6-데이터입력!$Y$32)+(6-데이터입력!$Y$33))/3,2),"") | F25: =IF(COUNT(데이터입력!$Y$14,데이터입력!$Y$15,데이터입력!$Y$16,데이터입력!$Y$17,데이터입력!$Y$18)=5,ROUND((데이터입력!$Y$14+데이터입력!$Y$15+데이터입력!$Y$16+데이터입력!$Y$17+데이터입력!$Y$18)/5,2),"") | G25: =IF(COUNT(데이터입력!$Y$27,데이터입력!$Y$28,데이터입력!$Y$29)=3,ROUND(((6-데이터입력!$Y$27)+IF(데이터입력!$Y$28=3,5,IF(데이터입력!$Y$28=4,4,IF(데이터입력!$Y$28=2,3,IF(데이터입력!$Y$28=1,2,1))))+데이터입력!$Y$29)/3,2),"") | H25: =IF(데이터입력!$Y$28="","",데이터입력!$Y$28&IF(OR(데이터입력!$Y$28=4,데이터입력!$Y$28=5)," [A]",IF(OR(데이터입력!$Y$28=1,데이터입력!$Y$28=2)," [B]",""))) | I25: =IF(COUNT(데이터입력!$Y$12,데이터입력!$Y$13)=2,ROUND((데이터입력!$Y$12+데이터입력!$Y$13)/2,2),"") | J25: =IF(데이터입력!$Y$19="","",데이터입력!$Y$19) | K25: =IF(데이터입력!$Y$30="","",데이터입력!$Y$30) | L25: =IF(COUNT(데이터입력!$Y$34,데이터입력!$Y$35)=2,ROUND(((6-데이터입력!$Y$34)+(6-데이터입력!$Y$35))/2,2),"") | M25: =IF(COUNT(C25:E25)=3,ROUND(AVERAGE(C25:E25),2),"") | N25: =IF(C25="","설문 미입력",IF(COUNT(C25:E25)<3,"일부 문항 미응답",IF(MIN(C25:E25)>=4,"세 영역 모두 안정적입니다.",IF(MIN(C25:E25)=C25,"가르치는 방식을 함께 살펴보면 좋아요.",IF(MIN(C25:E25)=D25,"정서적 애정·교류를 함께 살펴보면 좋아요.","정서 일관성(기복)을 함께 살펴보면 좋아요.")))))
A28: 참고 기준선 (심혜미 외 2022 · 5점 환산 근사값)
A29: 집단 | C29: A 가르치는 방식 | D29: C-1 정서적 애정 | E29: D 안정적 반응
A30: 문제행동 없는 집단 | C30: 4.08 | D30: 4.6 | E30: 4.39
A31: 문제행동 있는 집단 | C31: 3.91 | D31: 4.55 | E31: 4.13
A33: ※ 사회화(B)는 기준선을 비교할 수 없습니다. 원 척도의 '사회화 관여'는 어릴 적 경험을 묻는 과거형이었으나,
A34: 이번 설문은 C-BARQ를 현재형으로 번안해 '지금 낯선 것에 편안한가'를 묻습니다. 다른 것을 재고 있습니다.
A35: ※ 이 척도에는 공식 절대 기준점이 없습니다. 참가자 간 상대 비교나 위 기준선과의 근접도로만 해석하세요.
A36: ※ 23번(찾아다님)은 높을수록 좋은 문항이 아닙니다. 3점 내외가 정상이고, 5점이면 분리불안을 의심합니다.
A37: 그래서 평균에 넣지 않고 응답값 그대로 보여 줍니다.
A38: ※ [영] 문항은 검증되지 않았습니다. 점수로 쓰지 말고 영상과 대조하는 재료로만 쓰세요. (온도차대조 시트 참고)
A39: 출처: 심혜미 외(2022), 반려견 보호자 양육행동 척도 개발 및 타당화 연구, 대한수의학회지 62(e21).

Sheet 온도차대조
A1: 온도차 대조표 — 설문 [영] 문항 ↔ 영상 관찰
A2: [영] 문항은 '바람직한 행동을 하고 있다고 생각하는가'를 묻습니다. 대부분 높게 답하지만 영상에서는 다르게 나옵니다. 그 간극이 온도차이고, 피드백의 재료입니다.
A4: 문항 | B4: 설문 내용 | C4: 영상 구간 | D4: 행동 채점표에서 볼 항목 | E4: 온도차가 생기는 전형적 모습
A5: 7 | B5: 칭찬을 먼저 하고 간식은 그다음 | C5: 훈련 | D5: [3_보호자행동] [훈련] 보상 타이밍 | E5: 높게 답했는데 영상에선 간식이 먼저 나오는 경우
A6: 8 | B6: 간식 없어도 아는 지시를 시킬 수 있다 | C6: 훈련 | D6: [3_보호자행동] [훈련] 지시 형태 | E6: 높게 답했는데 영상에선 간식을 든 채로만 지시
A7: 14 | B7: 낯선 곳에서도 바닥 냄새 맡으며 탐색 | C7: 입장 | D7: [1_바디시그널] 입장 전위행동 / 이동 | E7: 탐색이라 답했지만 실제로는 멈춰서 킁킁(전위행동)
A8: 25 | B8: 놀 때 서로 주고받는 흐름이 있다 | C8: 놀이 | D8: [2_개행동] 주고받기 흐름 / 놀이 개시 주체 | E8: 높게 답했는데 영상에선 보호자만 일방적으로 던짐
A9: 29 | B9: 훈련이 뜻대로 안 되면 짜증이 난다 (R) | C9: 훈련 | D9: [3_보호자행동] [훈련] 실패했을 때 반응 | E9: 짜증 안 난다 답했는데 실패 후 목소리가 커짐
A10: 30 | B10: 아이가 흥분하면 나도 목소리가 커진다 (R) | C10: 놀이·전체 | D10: [3_보호자행동] 목소리 / [놀이] 놀이 조절 | E10: 아니라고 답했는데 놀이 구간에서 함께 흥분
A12: ■ 읽는 법
A13: · 설문 응답이 4~5인데 영상 점수가 4~5(문제 강함)로 나오면 그 지점이 온도차입니다.
A14: · 온도차 자체를 '거짓말'로 읽지 마세요. 대부분은 무엇이 바람직한지 알지만 몸에 배지 않은 상태입니다.
A15: · 피드백은 '틀렸다'가 아니라 '알고 계신 것을 몸에 붙이는 방법'으로 전달하는 것이 좋습니다.
